[1m[33m[baseline-browser-mapping] The data in this module is over two months old.  To ensure accurate Baseline data, please update: `npm i baseline-browser-mapping@latest -D`[39m[22m
[1m[33m
Warning: This is a simple server for use in testing or debugging Angular applications
locally. It hasn't been reviewed for security issues.

Binding this server to an open connection can result in compromising your application or
computer. Using a different host than the one passed to the "--host" flag might result in
websocket connection issues. You might need to use "--disable-host-check" if that's the
case.
    [39m[22m
[1m[31m[31mX [41;31m[[41;97mERROR[41;31m][0m [1mNG9: Property 'progressoPercent' does not exist on type 'ModeloChamadosComponent'.[0m [1m[35m[plugin angular-compiler][0m

    src/app/wiki/pages/modelo-chamados/modelo-chamados.component.html:15:21:
[37m      15 │           <strong>{{ [32mprogressoPercent[37m }}% · {{ criteriosConcluido...
         ╵                      [32m~~~~~~~~~~~~~~~~[0m

  Error occurs in the template of component ModeloChamadosComponent.

    src/app/wiki/pages/modelo-chamados/modelo-chamados.component.ts:9:15:
[37m      9 │   templateUrl: [32m'./modelo-chamados.component.html'[37m,
        ╵                [32m~~~~~~~~~~~~~~~~~~~~~~~~~~~~~~~~~~[0m


[31mX [41;31m[[41;97mERROR[41;31m][0m [1mNG9: Property 'criteriosConcluidos' does not exist on type 'ModeloChamadosComponent'.[0m [1m[35m[plugin angular-compiler][0m

    src/app/wiki/pages/modelo-chamados/modelo-chamados.component.html:15:47:
[37m      15 │ ...g>{{ progressoPercent }}% · {{[32m criteriosConcluido[37ms }}/11</strong>
         ╵                                  [32m~~~~~~~~~~~~~~~~~~~[0m

  Error occurs in the template of component ModeloChamadosComponent.

    src/app/wiki/pages/modelo-chamados/modelo-chamados.component.ts:9:15:
[37m      9 │   templateUrl: [32m'./modelo-chamados.component.html'[37m,
        ╵                [32m~~~~~~~~~~~~~~~~~~~~~~~~~~~~~~~~~~[0m


[31mX [41;31m[[41;97mERROR[41;31m][0m [1mNG9: Property 'progressoPercent' does not exist on type 'ModeloChamadosComponent'.[0m [1m[35m[plugin angular-compiler][0m

    src/app/wiki/pages/modelo-chamados/modelo-chamados.component.html:18:60:
[37m      18 │ ...ss="mp-progresso__barra" [style.width.%]="[32mprogressoPercent[37m"></div>
         ╵                                              [32m~~~~~~~~~~~~~~~~[0m

  Error occurs in the template of component ModeloChamadosComponent.

    src/app/wiki/pages/modelo-chamados/modelo-chamados.component.ts:9:15:
[37m      9 │   templateUrl: [32m'./modelo-chamados.component.html'[37m,
        ╵                [32m~~~~~~~~~~~~~~~~~~~~~~~~~~~~~~~~~~[0m


[31mX [41;31m[[41;97mERROR[41;31m][0m [1mNG9: Property 'expandirTudo' does not exist on type 'ModeloChamadosComponent'.[0m [1m[35m[plugin angular-compiler][0m

    src/app/wiki/pages/modelo-chamados/modelo-chamados.component.html:23:68:
[37m      23 │ ...n mp-btn--ghost" (click)="[32mexpandirTudo[37m()"><i class="bi bi-arrow...
         ╵                              [32m~~~~~~~~~~~~[0m

  Error occurs in the template of component ModeloChamadosComponent.

    src/app/wiki/pages/modelo-chamados/modelo-chamados.component.ts:9:15:
[37m      9 │   templateUrl: [32m'./modelo-chamados.component.html'[37m,
        ╵                [32m~~~~~~~~~~~~~~~~~~~~~~~~~~~~~~~~~~[0m


[31mX [41;31m[[41;97mERROR[41;31m][0m [1mNG9: Property 'recollherTudo' does not exist on type 'ModeloChamadosComponent'.[0m [1m[35m[plugin angular-compiler][0m

    src/app/wiki/pages/modelo-chamados/modelo-chamados.component.html:24:68:
[37m      24 │ ... mp-btn--ghost" (click)="[32mrecollherTudo[37m()"><i class="bi bi-arrow...
         ╵                             [32m~~~~~~~~~~~~~[0m

  Error occurs in the template of component ModeloChamadosComponent.

    src/app/wiki/pages/modelo-chamados/modelo-chamados.component.ts:9:15:
[37m      9 │   templateUrl: [32m'./modelo-chamados.component.html'[37m,
        ╵                [32m~~~~~~~~~~~~~~~~~~~~~~~~~~~~~~~~~~[0m


[31mX [41;31m[[41;97mERROR[41;31m][0m [1mNG9: Property 'validarEnvio' does not exist on type 'ModeloChamadosComponent'.[0m [1m[35m[plugin angular-compiler][0m

    src/app/wiki/pages/modelo-chamados/modelo-chamados.component.html:25:72:
[37m      25 │ ...-btn--principal" (click)="[32mvalidarEnvio[37m()"><i class="bi bi-send-...
         ╵                              [32m~~~~~~~~~~~~[0m

  Error occurs in the template of component ModeloChamadosComponent.

    src/app/wiki/pages/modelo-chamados/modelo-chamados.component.ts:9:15:
[37m      9 │   templateUrl: [32m'./modelo-chamados.component.html'[37m,
        ╵                [32m~~~~~~~~~~~~~~~~~~~~~~~~~~~~~~~~~~[0m


[31mX [41;31m[[41;97mERROR[41;31m][0m [1mNG9: Property 'secaoCompleta' does not exist on type 'ModeloChamadosComponent'.[0m [1m[35m[plugin angular-compiler][0m

    src/app/wiki/pages/modelo-chamados/modelo-chamados.component.html:37:65:
[37m      37 │ ...ep" [class.mp-step--ok]="[32msecaoCompleta[37m('identificacao')" [class...
         ╵                             [32m~~~~~~~~~~~~~[0m

  Error occurs in the template of component ModeloChamadosComponent.

    src/app/wiki/pages/modelo-chamados/modelo-chamados.component.ts:9:15:
[37m      9 │   templateUrl: [32m'./modelo-chamados.component.html'[37m,
        ╵                [32m~~~~~~~~~~~~~~~~~~~~~~~~~~~~~~~~~~[0m


[31mX [41;31m[[41;97mERROR[41;31m][0m [1mNG9: Property 'secaoPendente' does not exist on type 'ModeloChamadosComponent'.[0m [1m[35m[plugin angular-compiler][0m

    src/app/wiki/pages/modelo-chamados/modelo-chamados.component.html:37:124:
[37m      37 │ ...lass.mp-step--pendente]="[32msecaoPendente[37m('identificacao')" (click...
         ╵                             [32m~~~~~~~~~~~~~[0m

  Error occurs in the template of component ModeloChamadosComponent.

    src/app/wiki/pages/modelo-chamados/modelo-chamados.component.ts:9:15:
[37m      9 │   templateUrl: [32m'./modelo-chamados.component.html'[37m,
        ╵                [32m~~~~~~~~~~~~~~~~~~~~~~~~~~~~~~~~~~[0m


[31mX [41;31m[[41;97mERROR[41;31m][0m [1mNG9: Property 'irPara' does not exist on type 'ModeloChamadosComponent'.[0m [1m[35m[plugin angular-compiler][0m

    src/app/wiki/pages/modelo-chamados/modelo-chamados.component.html:37:165:
[37m      37 │ ...secaoPendente('identificacao')" (click)="[32mirPara[37m('identificacao')">
         ╵                                             [32m~~~~~~[0m

  Error occurs in the template of component ModeloChamadosComponent.

    src/app/wiki/pages/modelo-chamados/modelo-chamados.component.ts:9:15:
[37m      9 │   templateUrl: [32m'./modelo-chamados.component.html'[37m,
        ╵                [32m~~~~~~~~~~~~~~~~~~~~~~~~~~~~~~~~~~[0m


[31mX [41;31m[[41;97mERROR[41;31m][0m [1mNG9: Property 'secaoCompleta' does not exist on type 'ModeloChamadosComponent'.[0m [1m[35m[plugin angular-compiler][0m

    src/app/wiki/pages/modelo-chamados/modelo-chamados.component.html:40:49:
[37m      40 │ ...step__status" [ngClass]="[32msecaoCompleta[37m('identificacao') ? 'bi-c...
         ╵                             [32m~~~~~~~~~~~~~[0m

  Error occurs in the template of component ModeloChamadosComponent.

    src/app/wiki/pages/modelo-chamados/modelo-chamados.component.ts:9:15:
[37m      9 │   templateUrl: [32m'./modelo-chamados.component.html'[37m,
        ╵                [32m~~~~~~~~~~~~~~~~~~~~~~~~~~~~~~~~~~[0m


[31mX [41;31m[[41;97mERROR[41;31m][0m [1mNG9: Property 'secaoPendente' does not exist on type 'ModeloChamadosComponent'.[0m [1m[35m[plugin angular-compiler][0m

    src/app/wiki/pages/modelo-chamados/modelo-chamados.component.html:40:108:
[37m      40 │ ...bi-check-circle-fill' : ([32msecaoPendente[37m('identificacao') ? 'bi-e...
         ╵                             [32m~~~~~~~~~~~~~[0m

  Error occurs in the template of component ModeloChamadosComponent.

    src/app/wiki/pages/modelo-chamados/modelo-chamados.component.ts:9:15:
[37m      9 │   templateUrl: [32m'./modelo-chamados.component.html'[37m,
        ╵                [32m~~~~~~~~~~~~~~~~~~~~~~~~~~~~~~~~~~[0m


[31mX [41;31m[[41;97mERROR[41;31m][0m [1mNG9: Property 'secaoCompleta' does not exist on type 'ModeloChamadosComponent'.[0m [1m[35m[plugin angular-compiler][0m

    src/app/wiki/pages/modelo-chamados/modelo-chamados.component.html:42:65:
[37m      42 │ ...ep" [class.mp-step--ok]="[32msecaoCompleta[37m('resumo')" [class.mp-ste...
         ╵                             [32m~~~~~~~~~~~~~[0m

  Error occurs in the template of component ModeloChamadosComponent.

    src/app/wiki/pages/modelo-chamados/modelo-chamados.component.ts:9:15:
[37m      9 │   templateUrl: [32m'./modelo-chamados.component.html'[37m,
        ╵                [32m~~~~~~~~~~~~~~~~~~~~~~~~~~~~~~~~~~[0m


[31mX [41;31m[[41;97mERROR[41;31m][0m [1mNG9: Property 'secaoPendente' does not exist on type 'ModeloChamadosComponent'.[0m [1m[35m[plugin angular-compiler][0m

    src/app/wiki/pages/modelo-chamados/modelo-chamados.component.html:42:117:
[37m      42 │ ...lass.mp-step--pendente]="[32msecaoPendente[37m('resumo')" (click)="irPa...
         ╵                             [32m~~~~~~~~~~~~~[0m

  Error occurs in the template of component ModeloChamadosComponent.

    src/app/wiki/pages/modelo-chamados/modelo-chamados.component.ts:9:15:
[37m      9 │   templateUrl: [32m'./modelo-chamados.component.html'[37m,
        ╵                [32m~~~~~~~~~~~~~~~~~~~~~~~~~~~~~~~~~~[0m


[31mX [41;31m[[41;97mERROR[41;31m][0m [1mNG9: Property 'irPara' does not exist on type 'ModeloChamadosComponent'.[0m [1m[35m[plugin angular-compiler][0m

    src/app/wiki/pages/modelo-chamados/modelo-chamados.component.html:42:151:
[37m      42 │ ...p--pendente]="secaoPendente('resumo')" (click)="[32mirPara[37m('resumo')">
         ╵                                                    [32m~~~~~~[0m

  Error occurs in the template of component ModeloChamadosComponent.

    src/app/wiki/pages/modelo-chamados/modelo-chamados.component.ts:9:15:
[37m      9 │   templateUrl: [32m'./modelo-chamados.component.html'[37m,
        ╵                [32m~~~~~~~~~~~~~~~~~~~~~~~~~~~~~~~~~~[0m


[31mX [41;31m[[41;97mERROR[41;31m][0m [1mNG9: Property 'secaoCompleta' does not exist on type 'ModeloChamadosComponent'.[0m [1m[35m[plugin angular-compiler][0m

    src/app/wiki/pages/modelo-chamados/modelo-chamados.component.html:45:49:
[37m      45 │ ...step__status" [ngClass]="[32msecaoCompleta[37m('resumo') ? 'bi-check-ci...
         ╵                             [32m~~~~~~~~~~~~~[0m

  Error occurs in the template of component ModeloChamadosComponent.

    src/app/wiki/pages/modelo-chamados/modelo-chamados.component.ts:9:15:
[37m      9 │   templateUrl: [32m'./modelo-chamados.component.html'[37m,
        ╵                [32m~~~~~~~~~~~~~~~~~~~~~~~~~~~~~~~~~~[0m


[31mX [41;31m[[41;97mERROR[41;31m][0m [1mNG9: Property 'secaoPendente' does not exist on type 'ModeloChamadosComponent'.[0m [1m[35m[plugin angular-compiler][0m

    src/app/wiki/pages/modelo-chamados/modelo-chamados.component.html:45:101:
[37m      45 │ ...bi-check-circle-fill' : ([32msecaoPendente[37m('resumo') ? 'bi-exclamat...
         ╵                             [32m~~~~~~~~~~~~~[0m

  Error occurs in the template of component ModeloChamadosComponent.

    src/app/wiki/pages/modelo-chamados/modelo-chamados.component.ts:9:15:
[37m      9 │   templateUrl: [32m'./modelo-chamados.component.html'[37m,
        ╵                [32m~~~~~~~~~~~~~~~~~~~~~~~~~~~~~~~~~~[0m


[31mX [41;31m[[41;97mERROR[41;31m][0m [1mNG9: Property 'secaoCompleta' does not exist on type 'ModeloChamadosComponent'.[0m [1m[35m[plugin angular-compiler][0m

    src/app/wiki/pages/modelo-chamados/modelo-chamados.component.html:47:65:
[37m      47 │ ...ep" [class.mp-step--ok]="[32msecaoCompleta[37m('cenario')" [class.mp-st...
         ╵                             [32m~~~~~~~~~~~~~[0m

  Error occurs in the template of component ModeloChamadosComponent.

    src/app/wiki/pages/modelo-chamados/modelo-chamados.component.ts:9:15:
[37m      9 │   templateUrl: [32m'./modelo-chamados.component.html'[37m,
        ╵                [32m~~~~~~~~~~~~~~~~~~~~~~~~~~~~~~~~~~[0m


[31mX [41;31m[[41;97mERROR[41;31m][0m [1mNG9: Property 'secaoPendente' does not exist on type 'ModeloChamadosComponent'.[0m [1m[35m[plugin angular-compiler][0m

    src/app/wiki/pages/modelo-chamados/modelo-chamados.component.html:47:118:
[37m      47 │ ...lass.mp-step--pendente]="[32msecaoPendente[37m('cenario')" (click)="irP...
         ╵                             [32m~~~~~~~~~~~~~[0m

  Error occurs in the template of component ModeloChamadosComponent.

    src/app/wiki/pages/modelo-chamados/modelo-chamados.component.ts:9:15:
[37m      9 │   templateUrl: [32m'./modelo-chamados.component.html'[37m,
        ╵                [32m~~~~~~~~~~~~~~~~~~~~~~~~~~~~~~~~~~[0m


[31mX [41;31m[[41;97mERROR[41;31m][0m [1mNG9: Property 'irPara' does not exist on type 'ModeloChamadosComponent'.[0m [1m[35m[plugin angular-compiler][0m

    src/app/wiki/pages/modelo-chamados/modelo-chamados.component.html:47:153:
[37m      47 │ ...-pendente]="secaoPendente('cenario')" (click)="[32mirPara[37m('cenario')">
         ╵                                                   [32m~~~~~~[0m

  Error occurs in the template of component ModeloChamadosComponent.

    src/app/wiki/pages/modelo-chamados/modelo-chamados.component.ts:9:15:
[37m      9 │   templateUrl: [32m'./modelo-chamados.component.html'[37m,
        ╵                [32m~~~~~~~~~~~~~~~~~~~~~~~~~~~~~~~~~~[0m


[31mX [41;31m[[41;97mERROR[41;31m][0m [1mNG9: Property 'secaoCompleta' does not exist on type 'ModeloChamadosComponent'.[0m [1m[35m[plugin angular-compiler][0m

    src/app/wiki/pages/modelo-chamados/modelo-chamados.component.html:50:49:
[37m      50 │ ...step__status" [ngClass]="[32msecaoCompleta[37m('cenario') ? 'bi-check-c...
         ╵                             [32m~~~~~~~~~~~~~[0m

  Error occurs in the template of component ModeloChamadosComponent.

    src/app/wiki/pages/modelo-chamados/modelo-chamados.component.ts:9:15:
[37m      9 │   templateUrl: [32m'./modelo-chamados.component.html'[37m,
        ╵                [32m~~~~~~~~~~~~~~~~~~~~~~~~~~~~~~~~~~[0m


[31mX [41;31m[[41;97mERROR[41;31m][0m [1mNG9: Property 'secaoPendente' does not exist on type 'ModeloChamadosComponent'.[0m [1m[35m[plugin angular-compiler][0m

    src/app/wiki/pages/modelo-chamados/modelo-chamados.component.html:50:102:
[37m      50 │ ...bi-check-circle-fill' : ([32msecaoPendente[37m('cenario') ? 'bi-exclama...
         ╵                             [32m~~~~~~~~~~~~~[0m

  Error occurs in the template of component ModeloChamadosComponent.

    src/app/wiki/pages/modelo-chamados/modelo-chamados.component.ts:9:15:
[37m      9 │   templateUrl: [32m'./modelo-chamados.component.html'[37m,
        ╵                [32m~~~~~~~~~~~~~~~~~~~~~~~~~~~~~~~~~~[0m


[31mX [41;31m[[41;97mERROR[41;31m][0m [1mNG9: Property 'secaoCompleta' does not exist on type 'ModeloChamadosComponent'.[0m [1m[35m[plugin angular-compiler][0m

    src/app/wiki/pages/modelo-chamados/modelo-chamados.component.html:52:65:
[37m      52 │ ...ep" [class.mp-step--ok]="[32msecaoCompleta[37m('regra')" [class.mp-step...
         ╵                             [32m~~~~~~~~~~~~~[0m

  Error occurs in the template of component ModeloChamadosComponent.

    src/app/wiki/pages/modelo-chamados/modelo-chamados.component.ts:9:15:
[37m      9 │   templateUrl: [32m'./modelo-chamados.component.html'[37m,
        ╵                [32m~~~~~~~~~~~~~~~~~~~~~~~~~~~~~~~~~~[0m


[31mX [41;31m[[41;97mERROR[41;31m][0m [1mNG9: Property 'secaoPendente' does not exist on type 'ModeloChamadosComponent'.[0m [1m[35m[plugin angular-compiler][0m

    src/app/wiki/pages/modelo-chamados/modelo-chamados.component.html:52:116:
[37m      52 │ ...lass.mp-step--pendente]="[32msecaoPendente[37m('regra')" (click)="irPar...
         ╵                             [32m~~~~~~~~~~~~~[0m

  Error occurs in the template of component ModeloChamadosComponent.

    src/app/wiki/pages/modelo-chamados/modelo-chamados.component.ts:9:15:
[37m      9 │   templateUrl: [32m'./modelo-chamados.component.html'[37m,
        ╵                [32m~~~~~~~~~~~~~~~~~~~~~~~~~~~~~~~~~~[0m


[31mX [41;31m[[41;97mERROR[41;31m][0m [1mNG9: Property 'irPara' does not exist on type 'ModeloChamadosComponent'.[0m [1m[35m[plugin angular-compiler][0m

    src/app/wiki/pages/modelo-chamados/modelo-chamados.component.html:52:149:
[37m      52 │ ...tep--pendente]="secaoPendente('regra')" (click)="[32mirPara[37m('regra')">
         ╵                                                     [32m~~~~~~[0m

  Error occurs in the template of component ModeloChamadosComponent.

    src/app/wiki/pages/modelo-chamados/modelo-chamados.component.ts:9:15:
[37m      9 │   templateUrl: [32m'./modelo-chamados.component.html'[37m,
        ╵                [32m~~~~~~~~~~~~~~~~~~~~~~~~~~~~~~~~~~[0m


[31mX [41;31m[[41;97mERROR[41;31m][0m [1mNG9: Property 'secaoCompleta' does not exist on type 'ModeloChamadosComponent'.[0m [1m[35m[plugin angular-compiler][0m

    src/app/wiki/pages/modelo-chamados/modelo-chamados.component.html:55:49:
[37m      55 │ ...step__status" [ngClass]="[32msecaoCompleta[37m('regra') ? 'bi-check-cir...
         ╵                             [32m~~~~~~~~~~~~~[0m

  Error occurs in the template of component ModeloChamadosComponent.

    src/app/wiki/pages/modelo-chamados/modelo-chamados.component.ts:9:15:
[37m      9 │   templateUrl: [32m'./modelo-chamados.component.html'[37m,
        ╵                [32m~~~~~~~~~~~~~~~~~~~~~~~~~~~~~~~~~~[0m


[31mX [41;31m[[41;97mERROR[41;31m][0m [1mNG9: Property 'secaoPendente' does not exist on type 'ModeloChamadosComponent'.[0m [1m[35m[plugin angular-compiler][0m

    src/app/wiki/pages/modelo-chamados/modelo-chamados.component.html:55:100:
[37m      55 │ ...bi-check-circle-fill' : ([32msecaoPendente[37m('regra') ? 'bi-exclamati...
         ╵                             [32m~~~~~~~~~~~~~[0m

  Error occurs in the template of component ModeloChamadosComponent.

    src/app/wiki/pages/modelo-chamados/modelo-chamados.component.ts:9:15:
[37m      9 │   templateUrl: [32m'./modelo-chamados.component.html'[37m,
        ╵                [32m~~~~~~~~~~~~~~~~~~~~~~~~~~~~~~~~~~[0m


[31mX [41;31m[[41;97mERROR[41;31m][0m [1mNG9: Property 'secaoCompleta' does not exist on type 'ModeloChamadosComponent'.[0m [1m[35m[plugin angular-compiler][0m

    src/app/wiki/pages/modelo-chamados/modelo-chamados.component.html:57:65:
[37m      57 │ ...ep" [class.mp-step--ok]="[32msecaoCompleta[37m('fluxo')" [class.mp-step...
         ╵                             [32m~~~~~~~~~~~~~[0m

  Error occurs in the template of component ModeloChamadosComponent.

    src/app/wiki/pages/modelo-chamados/modelo-chamados.component.ts:9:15:
[37m      9 │   templateUrl: [32m'./modelo-chamados.component.html'[37m,
        ╵                [32m~~~~~~~~~~~~~~~~~~~~~~~~~~~~~~~~~~[0m


[31mX [41;31m[[41;97mERROR[41;31m][0m [1mNG9: Property 'secaoPendente' does not exist on type 'ModeloChamadosComponent'.[0m [1m[35m[plugin angular-compiler][0m

    src/app/wiki/pages/modelo-chamados/modelo-chamados.component.html:57:116:
[37m      57 │ ...lass.mp-step--pendente]="[32msecaoPendente[37m('fluxo')" (click)="irPar...
         ╵                             [32m~~~~~~~~~~~~~[0m

  Error occurs in the template of component ModeloChamadosComponent.

    src/app/wiki/pages/modelo-chamados/modelo-chamados.component.ts:9:15:
[37m      9 │   templateUrl: [32m'./modelo-chamados.component.html'[37m,
        ╵                [32m~~~~~~~~~~~~~~~~~~~~~~~~~~~~~~~~~~[0m


[31mX [41;31m[[41;97mERROR[41;31m][0m [1mNG9: Property 'irPara' does not exist on type 'ModeloChamadosComponent'.[0m [1m[35m[plugin angular-compiler][0m

    src/app/wiki/pages/modelo-chamados/modelo-chamados.component.html:57:149:
[37m      57 │ ...tep--pendente]="secaoPendente('fluxo')" (click)="[32mirPara[37m('fluxo')">
         ╵                                                     [32m~~~~~~[0m

  Error occurs in the template of component ModeloChamadosComponent.

    src/app/wiki/pages/modelo-chamados/modelo-chamados.component.ts:9:15:
[37m      9 │   templateUrl: [32m'./modelo-chamados.component.html'[37m,
        ╵                [32m~~~~~~~~~~~~~~~~~~~~~~~~~~~~~~~~~~[0m


[31mX [41;31m[[41;97mERROR[41;31m][0m [1mNG9: Property 'secaoCompleta' does not exist on type 'ModeloChamadosComponent'.[0m [1m[35m[plugin angular-compiler][0m

    src/app/wiki/pages/modelo-chamados/modelo-chamados.component.html:60:49:
[37m      60 │ ...step__status" [ngClass]="[32msecaoCompleta[37m('fluxo') ? 'bi-check-cir...
         ╵                             [32m~~~~~~~~~~~~~[0m

  Error occurs in the template of component ModeloChamadosComponent.

    src/app/wiki/pages/modelo-chamados/modelo-chamados.component.ts:9:15:
[37m      9 │   templateUrl: [32m'./modelo-chamados.component.html'[37m,
        ╵                [32m~~~~~~~~~~~~~~~~~~~~~~~~~~~~~~~~~~[0m


[31mX [41;31m[[41;97mERROR[41;31m][0m [1mNG9: Property 'secaoPendente' does not exist on type 'ModeloChamadosComponent'.[0m [1m[35m[plugin angular-compiler][0m

    src/app/wiki/pages/modelo-chamados/modelo-chamados.component.html:60:100:
[37m      60 │ ...bi-check-circle-fill' : ([32msecaoPendente[37m('fluxo') ? 'bi-exclamati...
         ╵                             [32m~~~~~~~~~~~~~[0m

  Error occurs in the template of component ModeloChamadosComponent.

    src/app/wiki/pages/modelo-chamados/modelo-chamados.component.ts:9:15:
[37m      9 │   templateUrl: [32m'./modelo-chamados.component.html'[37m,
        ╵                [32m~~~~~~~~~~~~~~~~~~~~~~~~~~~~~~~~~~[0m


[31mX [41;31m[[41;97mERROR[41;31m][0m [1mNG9: Property 'secaoCompleta' does not exist on type 'ModeloChamadosComponent'.[0m [1m[35m[plugin angular-compiler][0m

    src/app/wiki/pages/modelo-chamados/modelo-chamados.component.html:62:65:
[37m      62 │ ...ep" [class.mp-step--ok]="[32msecaoCompleta[37m('esperado')" [class.mp-s...
         ╵                             [32m~~~~~~~~~~~~~[0m

  Error occurs in the template of component ModeloChamadosComponent.

    src/app/wiki/pages/modelo-chamados/modelo-chamados.component.ts:9:15:
[37m      9 │   templateUrl: [32m'./modelo-chamados.component.html'[37m,
        ╵                [32m~~~~~~~~~~~~~~~~~~~~~~~~~~~~~~~~~~[0m


[31mX [41;31m[[41;97mERROR[41;31m][0m [1mNG9: Property 'secaoPendente' does not exist on type 'ModeloChamadosComponent'.[0m [1m[35m[plugin angular-compiler][0m

    src/app/wiki/pages/modelo-chamados/modelo-chamados.component.html:62:119:
[37m      62 │ ...lass.mp-step--pendente]="[32msecaoPendente[37m('esperado')" (click)="ir...
         ╵                             [32m~~~~~~~~~~~~~[0m

  Error occurs in the template of component ModeloChamadosComponent.

    src/app/wiki/pages/modelo-chamados/modelo-chamados.component.ts:9:15:
[37m      9 │   templateUrl: [32m'./modelo-chamados.component.html'[37m,
        ╵                [32m~~~~~~~~~~~~~~~~~~~~~~~~~~~~~~~~~~[0m


[31mX [41;31m[[41;97mERROR[41;31m][0m [1mNG9: Property 'irPara' does not exist on type 'ModeloChamadosComponent'.[0m [1m[35m[plugin angular-compiler][0m

    src/app/wiki/pages/modelo-chamados/modelo-chamados.component.html:62:155:
[37m      62 │ ...endente]="secaoPendente('esperado')" (click)="[32mirPara[37m('esperado')">
         ╵                                                  [32m~~~~~~[0m

  Error occurs in the template of component ModeloChamadosComponent.

    src/app/wiki/pages/modelo-chamados/modelo-chamados.component.ts:9:15:
[37m      9 │   templateUrl: [32m'./modelo-chamados.component.html'[37m,
        ╵                [32m~~~~~~~~~~~~~~~~~~~~~~~~~~~~~~~~~~[0m


[31mX [41;31m[[41;97mERROR[41;31m][0m [1mNG9: Property 'secaoCompleta' does not exist on type 'ModeloChamadosComponent'.[0m [1m[35m[plugin angular-compiler][0m

    src/app/wiki/pages/modelo-chamados/modelo-chamados.component.html:65:49:
[37m      65 │ ...step__status" [ngClass]="[32msecaoCompleta[37m('esperado') ? 'bi-check-...
         ╵                             [32m~~~~~~~~~~~~~[0m

  Error occurs in the template of component ModeloChamadosComponent.

    src/app/wiki/pages/modelo-chamados/modelo-chamados.component.ts:9:15:
[37m      9 │   templateUrl: [32m'./modelo-chamados.component.html'[37m,
        ╵                [32m~~~~~~~~~~~~~~~~~~~~~~~~~~~~~~~~~~[0m


[31mX [41;31m[[41;97mERROR[41;31m][0m [1mNG9: Property 'secaoPendente' does not exist on type 'ModeloChamadosComponent'.[0m [1m[35m[plugin angular-compiler][0m

    src/app/wiki/pages/modelo-chamados/modelo-chamados.component.html:65:103:
[37m      65 │ ...bi-check-circle-fill' : ([32msecaoPendente[37m('esperado') ? 'bi-exclam...
         ╵                             [32m~~~~~~~~~~~~~[0m

  Error occurs in the template of component ModeloChamadosComponent.

    src/app/wiki/pages/modelo-chamados/modelo-chamados.component.ts:9:15:
[37m      9 │   templateUrl: [32m'./modelo-chamados.component.html'[37m,
        ╵                [32m~~~~~~~~~~~~~~~~~~~~~~~~~~~~~~~~~~[0m


[31mX [41;31m[[41;97mERROR[41;31m][0m [1mNG9: Property 'secaoCompleta' does not exist on type 'ModeloChamadosComponent'.[0m [1m[35m[plugin angular-compiler][0m

    src/app/wiki/pages/modelo-chamados/modelo-chamados.component.html:67:65:
[37m      67 │ ...ep" [class.mp-step--ok]="[32msecaoCompleta[37m('obtido')" [class.mp-ste...
         ╵                             [32m~~~~~~~~~~~~~[0m

  Error occurs in the template of component ModeloChamadosComponent.

    src/app/wiki/pages/modelo-chamados/modelo-chamados.component.ts:9:15:
[37m      9 │   templateUrl: [32m'./modelo-chamados.component.html'[37m,
        ╵                [32m~~~~~~~~~~~~~~~~~~~~~~~~~~~~~~~~~~[0m


[31mX [41;31m[[41;97mERROR[41;31m][0m [1mNG9: Property 'secaoPendente' does not exist on type 'ModeloChamadosComponent'.[0m [1m[35m[plugin angular-compiler][0m

    src/app/wiki/pages/modelo-chamados/modelo-chamados.component.html:67:117:
[37m      67 │ ...lass.mp-step--pendente]="[32msecaoPendente[37m('obtido')" (click)="irPa...
         ╵                             [32m~~~~~~~~~~~~~[0m

  Error occurs in the template of component ModeloChamadosComponent.

    src/app/wiki/pages/modelo-chamados/modelo-chamados.component.ts:9:15:
[37m      9 │   templateUrl: [32m'./modelo-chamados.component.html'[37m,
        ╵                [32m~~~~~~~~~~~~~~~~~~~~~~~~~~~~~~~~~~[0m


[31mX [41;31m[[41;97mERROR[41;31m][0m [1mNG9: Property 'irPara' does not exist on type 'ModeloChamadosComponent'.[0m [1m[35m[plugin angular-compiler][0m

    src/app/wiki/pages/modelo-chamados/modelo-chamados.component.html:67:151:
[37m      67 │ ...p--pendente]="secaoPendente('obtido')" (click)="[32mirPara[37m('obtido')">
         ╵                                                    [32m~~~~~~[0m

  Error occurs in the template of component ModeloChamadosComponent.

    src/app/wiki/pages/modelo-chamados/modelo-chamados.component.ts:9:15:
[37m      9 │   templateUrl: [32m'./modelo-chamados.component.html'[37m,
        ╵                [32m~~~~~~~~~~~~~~~~~~~~~~~~~~~~~~~~~~[0m


[31mX [41;31m[[41;97mERROR[41;31m][0m [1mNG9: Property 'secaoCompleta' does not exist on type 'ModeloChamadosComponent'.[0m [1m[35m[plugin angular-compiler][0m

    src/app/wiki/pages/modelo-chamados/modelo-chamados.component.html:70:49:
[37m      70 │ ...step__status" [ngClass]="[32msecaoCompleta[37m('obtido') ? 'bi-check-ci...
         ╵                             [32m~~~~~~~~~~~~~[0m

  Error occurs in the template of component ModeloChamadosComponent.

    src/app/wiki/pages/modelo-chamados/modelo-chamados.component.ts:9:15:
[37m      9 │   templateUrl: [32m'./modelo-chamados.component.html'[37m,
        ╵                [32m~~~~~~~~~~~~~~~~~~~~~~~~~~~~~~~~~~[0m


[31mX [41;31m[[41;97mERROR[41;31m][0m [1mNG9: Property 'secaoPendente' does not exist on type 'ModeloChamadosComponent'.[0m [1m[35m[plugin angular-compiler][0m

    src/app/wiki/pages/modelo-chamados/modelo-chamados.component.html:70:101:
[37m      70 │ ...bi-check-circle-fill' : ([32msecaoPendente[37m('obtido') ? 'bi-exclamat...
         ╵                             [32m~~~~~~~~~~~~~[0m

  Error occurs in the template of component ModeloChamadosComponent.

    src/app/wiki/pages/modelo-chamados/modelo-chamados.component.ts:9:15:
[37m      9 │   templateUrl: [32m'./modelo-chamados.component.html'[37m,
        ╵                [32m~~~~~~~~~~~~~~~~~~~~~~~~~~~~~~~~~~[0m


[31mX [41;31m[[41;97mERROR[41;31m][0m [1mNG9: Property 'secaoCompleta' does not exist on type 'ModeloChamadosComponent'.[0m [1m[35m[plugin angular-compiler][0m

    src/app/wiki/pages/modelo-chamados/modelo-chamados.component.html:72:65:
[37m      72 │ ...ep" [class.mp-step--ok]="[32msecaoCompleta[37m('impacto')" [class.mp-st...
         ╵                             [32m~~~~~~~~~~~~~[0m

  Error occurs in the template of component ModeloChamadosComponent.

    src/app/wiki/pages/modelo-chamados/modelo-chamados.component.ts:9:15:
[37m      9 │   templateUrl: [32m'./modelo-chamados.component.html'[37m,
        ╵                [32m~~~~~~~~~~~~~~~~~~~~~~~~~~~~~~~~~~[0m


[31mX [41;31m[[41;97mERROR[41;31m][0m [1mNG9: Property 'secaoPendente' does not exist on type 'ModeloChamadosComponent'.[0m [1m[35m[plugin angular-compiler][0m

    src/app/wiki/pages/modelo-chamados/modelo-chamados.component.html:72:118:
[37m      72 │ ...lass.mp-step--pendente]="[32msecaoPendente[37m('impacto')" (click)="irP...
         ╵                             [32m~~~~~~~~~~~~~[0m

  Error occurs in the template of component ModeloChamadosComponent.

    src/app/wiki/pages/modelo-chamados/modelo-chamados.component.ts:9:15:
[37m      9 │   templateUrl: [32m'./modelo-chamados.component.html'[37m,
        ╵                [32m~~~~~~~~~~~~~~~~~~~~~~~~~~~~~~~~~~[0m


[31mX [41;31m[[41;97mERROR[41;31m][0m [1mNG9: Property 'irPara' does not exist on type 'ModeloChamadosComponent'.[0m [1m[35m[plugin angular-compiler][0m

    src/app/wiki/pages/modelo-chamados/modelo-chamados.component.html:72:153:
[37m      72 │ ...-pendente]="secaoPendente('impacto')" (click)="[32mirPara[37m('impacto')">
         ╵                                                   [32m~~~~~~[0m

  Error occurs in the template of component ModeloChamadosComponent.

    src/app/wiki/pages/modelo-chamados/modelo-chamados.component.ts:9:15:
[37m      9 │   templateUrl: [32m'./modelo-chamados.component.html'[37m,
        ╵                [32m~~~~~~~~~~~~~~~~~~~~~~~~~~~~~~~~~~[0m


[31mX [41;31m[[41;97mERROR[41;31m][0m [1mNG9: Property 'secaoCompleta' does not exist on type 'ModeloChamadosComponent'.[0m [1m[35m[plugin angular-compiler][0m

    src/app/wiki/pages/modelo-chamados/modelo-chamados.component.html:75:49:
[37m      75 │ ...step__status" [ngClass]="[32msecaoCompleta[37m('impacto') ? 'bi-check-c...
         ╵                             [32m~~~~~~~~~~~~~[0m

  Error occurs in the template of component ModeloChamadosComponent.

    src/app/wiki/pages/modelo-chamados/modelo-chamados.component.ts:9:15:
[37m      9 │   templateUrl: [32m'./modelo-chamados.component.html'[37m,
        ╵                [32m~~~~~~~~~~~~~~~~~~~~~~~~~~~~~~~~~~[0m


[31mX [41;31m[[41;97mERROR[41;31m][0m [1mNG9: Property 'secaoPendente' does not exist on type 'ModeloChamadosComponent'.[0m [1m[35m[plugin angular-compiler][0m

    src/app/wiki/pages/modelo-chamados/modelo-chamados.component.html:75:102:
[37m      75 │ ...bi-check-circle-fill' : ([32msecaoPendente[37m('impacto') ? 'bi-exclama...
         ╵                             [32m~~~~~~~~~~~~~[0m

  Error occurs in the template of component ModeloChamadosComponent.

    src/app/wiki/pages/modelo-chamados/modelo-chamados.component.ts:9:15:
[37m      9 │   templateUrl: [32m'./modelo-chamados.component.html'[37m,
        ╵                [32m~~~~~~~~~~~~~~~~~~~~~~~~~~~~~~~~~~[0m


[31mX [41;31m[[41;97mERROR[41;31m][0m [1mNG9: Property 'secaoCompleta' does not exist on type 'ModeloChamadosComponent'.[0m [1m[35m[plugin angular-compiler][0m

    src/app/wiki/pages/modelo-chamados/modelo-chamados.component.html:77:65:
[37m      77 │ ...ep" [class.mp-step--ok]="[32msecaoCompleta[37m('validacoes')" [class.mp...
         ╵                             [32m~~~~~~~~~~~~~[0m

  Error occurs in the template of component ModeloChamadosComponent.

    src/app/wiki/pages/modelo-chamados/modelo-chamados.component.ts:9:15:
[37m      9 │   templateUrl: [32m'./modelo-chamados.component.html'[37m,
        ╵                [32m~~~~~~~~~~~~~~~~~~~~~~~~~~~~~~~~~~[0m


[31mX [41;31m[[41;97mERROR[41;31m][0m [1mNG9: Property 'secaoPendente' does not exist on type 'ModeloChamadosComponent'.[0m [1m[35m[plugin angular-compiler][0m

    src/app/wiki/pages/modelo-chamados/modelo-chamados.component.html:77:121:
[37m      77 │ ...lass.mp-step--pendente]="[32msecaoPendente[37m('validacoes')" (click)="...
         ╵                             [32m~~~~~~~~~~~~~[0m

  Error occurs in the template of component ModeloChamadosComponent.

    src/app/wiki/pages/modelo-chamados/modelo-chamados.component.ts:9:15:
[37m      9 │   templateUrl: [32m'./modelo-chamados.component.html'[37m,
        ╵                [32m~~~~~~~~~~~~~~~~~~~~~~~~~~~~~~~~~~[0m


[31mX [41;31m[[41;97mERROR[41;31m][0m [1mNG9: Property 'irPara' does not exist on type 'ModeloChamadosComponent'.[0m [1m[35m[plugin angular-compiler][0m

    src/app/wiki/pages/modelo-chamados/modelo-chamados.component.html:77:159:
[37m      77 │ ...nte]="secaoPendente('validacoes')" (click)="[32mirPara[37m('validacoes')">
         ╵                                                [32m~~~~~~[0m

  Error occurs in the template of component ModeloChamadosComponent.

    src/app/wiki/pages/modelo-chamados/modelo-chamados.component.ts:9:15:
[37m      9 │   templateUrl: [32m'./modelo-chamados.component.html'[37m,
        ╵                [32m~~~~~~~~~~~~~~~~~~~~~~~~~~~~~~~~~~[0m


[31mX [41;31m[[41;97mERROR[41;31m][0m [1mNG9: Property 'secaoCompleta' does not exist on type 'ModeloChamadosComponent'.[0m [1m[35m[plugin angular-compiler][0m

    src/app/wiki/pages/modelo-chamados/modelo-chamados.component.html:80:49:
[37m      80 │ ...step__status" [ngClass]="[32msecaoCompleta[37m('validacoes') ? 'bi-chec...
         ╵                             [32m~~~~~~~~~~~~~[0m

  Error occurs in the template of component ModeloChamadosComponent.

    src/app/wiki/pages/modelo-chamados/modelo-chamados.component.ts:9:15:
[37m      9 │   templateUrl: [32m'./modelo-chamados.component.html'[37m,
        ╵                [32m~~~~~~~~~~~~~~~~~~~~~~~~~~~~~~~~~~[0m


[31mX [41;31m[[41;97mERROR[41;31m][0m [1mNG9: Property 'secaoPendente' does not exist on type 'ModeloChamadosComponent'.[0m [1m[35m[plugin angular-compiler][0m

    src/app/wiki/pages/modelo-chamados/modelo-chamados.component.html:80:105:
[37m      80 │ ...bi-check-circle-fill' : ([32msecaoPendente[37m('validacoes') ? 'bi-excl...
         ╵                             [32m~~~~~~~~~~~~~[0m

  Error occurs in the template of component ModeloChamadosComponent.

    src/app/wiki/pages/modelo-chamados/modelo-chamados.component.ts:9:15:
[37m      9 │   templateUrl: [32m'./modelo-chamados.component.html'[37m,
        ╵                [32m~~~~~~~~~~~~~~~~~~~~~~~~~~~~~~~~~~[0m


[31mX [41;31m[[41;97mERROR[41;31m][0m [1mNG9: Property 'secaoCompleta' does not exist on type 'ModeloChamadosComponent'.[0m [1m[35m[plugin angular-compiler][0m

    src/app/wiki/pages/modelo-chamados/modelo-chamados.component.html:82:65:
[37m      82 │ ...ep" [class.mp-step--ok]="[32msecaoCompleta[37m('evidencias')" [class.mp...
         ╵                             [32m~~~~~~~~~~~~~[0m

  Error occurs in the template of component ModeloChamadosComponent.

    src/app/wiki/pages/modelo-chamados/modelo-chamados.component.ts:9:15:
[37m      9 │   templateUrl: [32m'./modelo-chamados.component.html'[37m,
        ╵                [32m~~~~~~~~~~~~~~~~~~~~~~~~~~~~~~~~~~[0m


[31mX [41;31m[[41;97mERROR[41;31m][0m [1mNG9: Property 'secaoPendente' does not exist on type 'ModeloChamadosComponent'.[0m [1m[35m[plugin angular-compiler][0m

    src/app/wiki/pages/modelo-chamados/modelo-chamados.component.html:82:121:
[37m      82 │ ...lass.mp-step--pendente]="[32msecaoPendente[37m('evidencias')" (click)="...
         ╵                             [32m~~~~~~~~~~~~~[0m

  Error occurs in the template of component ModeloChamadosComponent.

    src/app/wiki/pages/modelo-chamados/modelo-chamados.component.ts:9:15:
[37m      9 │   templateUrl: [32m'./modelo-chamados.component.html'[37m,
        ╵                [32m~~~~~~~~~~~~~~~~~~~~~~~~~~~~~~~~~~[0m


[31mX [41;31m[[41;97mERROR[41;31m][0m [1mNG9: Property 'irPara' does not exist on type 'ModeloChamadosComponent'.[0m [1m[35m[plugin angular-compiler][0m

    src/app/wiki/pages/modelo-chamados/modelo-chamados.component.html:82:159:
[37m      82 │ ...nte]="secaoPendente('evidencias')" (click)="[32mirPara[37m('evidencias')">
         ╵                                                [32m~~~~~~[0m

  Error occurs in the template of component ModeloChamadosComponent.

    src/app/wiki/pages/modelo-chamados/modelo-chamados.component.ts:9:15:
[37m      9 │   templateUrl: [32m'./modelo-chamados.component.html'[37m,
        ╵                [32m~~~~~~~~~~~~~~~~~~~~~~~~~~~~~~~~~~[0m


[31mX [41;31m[[41;97mERROR[41;31m][0m [1mNG9: Property 'secaoCompleta' does not exist on type 'ModeloChamadosComponent'.[0m [1m[35m[plugin angular-compiler][0m

    src/app/wiki/pages/modelo-chamados/modelo-chamados.component.html:85:49:
[37m      85 │ ...step__status" [ngClass]="[32msecaoCompleta[37m('evidencias') ? 'bi-chec...
         ╵                             [32m~~~~~~~~~~~~~[0m

  Error occurs in the template of component ModeloChamadosComponent.

    src/app/wiki/pages/modelo-chamados/modelo-chamados.component.ts:9:15:
[37m      9 │   templateUrl: [32m'./modelo-chamados.component.html'[37m,
        ╵                [32m~~~~~~~~~~~~~~~~~~~~~~~~~~~~~~~~~~[0m


[31mX [41;31m[[41;97mERROR[41;31m][0m [1mNG9: Property 'secaoPendente' does not exist on type 'ModeloChamadosComponent'.[0m [1m[35m[plugin angular-compiler][0m

    src/app/wiki/pages/modelo-chamados/modelo-chamados.component.html:85:105:
[37m      85 │ ...bi-check-circle-fill' : ([32msecaoPendente[37m('evidencias') ? 'bi-excl...
         ╵                             [32m~~~~~~~~~~~~~[0m

  Error occurs in the template of component ModeloChamadosComponent.

    src/app/wiki/pages/modelo-chamados/modelo-chamados.component.ts:9:15:
[37m      9 │   templateUrl: [32m'./modelo-chamados.component.html'[37m,
        ╵                [32m~~~~~~~~~~~~~~~~~~~~~~~~~~~~~~~~~~[0m


[31mX [41;31m[[41;97mERROR[41;31m][0m [1mNG9: Property 'secaoCompleta' does not exist on type 'ModeloChamadosComponent'.[0m [1m[35m[plugin angular-compiler][0m

    src/app/wiki/pages/modelo-chamados/modelo-chamados.component.html:87:65:
[37m      87 │ ...ep" [class.mp-step--ok]="[32msecaoCompleta[37m('analise')" [class.mp-st...
         ╵                             [32m~~~~~~~~~~~~~[0m

  Error occurs in the template of component ModeloChamadosComponent.

    src/app/wiki/pages/modelo-chamados/modelo-chamados.component.ts:9:15:
[37m      9 │   templateUrl: [32m'./modelo-chamados.component.html'[37m,
        ╵                [32m~~~~~~~~~~~~~~~~~~~~~~~~~~~~~~~~~~[0m


[31mX [41;31m[[41;97mERROR[41;31m][0m [1mNG9: Property 'secaoPendente' does not exist on type 'ModeloChamadosComponent'.[0m [1m[35m[plugin angular-compiler][0m

    src/app/wiki/pages/modelo-chamados/modelo-chamados.component.html:87:118:
[37m      87 │ ...lass.mp-step--pendente]="[32msecaoPendente[37m('analise')" (click)="irP...
         ╵                             [32m~~~~~~~~~~~~~[0m

  Error occurs in the template of component ModeloChamadosComponent.

    src/app/wiki/pages/modelo-chamados/modelo-chamados.component.ts:9:15:
[37m      9 │   templateUrl: [32m'./modelo-chamados.component.html'[37m,
        ╵                [32m~~~~~~~~~~~~~~~~~~~~~~~~~~~~~~~~~~[0m


[31mX [41;31m[[41;97mERROR[41;31m][0m [1mNG9: Property 'irPara' does not exist on type 'ModeloChamadosComponent'.[0m [1m[35m[plugin angular-compiler][0m

    src/app/wiki/pages/modelo-chamados/modelo-chamados.component.html:87:153:
[37m      87 │ ...-pendente]="secaoPendente('analise')" (click)="[32mirPara[37m('analise')">
         ╵                                                   [32m~~~~~~[0m

  Error occurs in the template of component ModeloChamadosComponent.

    src/app/wiki/pages/modelo-chamados/modelo-chamados.component.ts:9:15:
[37m      9 │   templateUrl: [32m'./modelo-chamados.component.html'[37m,
        ╵                [32m~~~~~~~~~~~~~~~~~~~~~~~~~~~~~~~~~~[0m


[31mX [41;31m[[41;97mERROR[41;31m][0m [1mNG9: Property 'secaoCompleta' does not exist on type 'ModeloChamadosComponent'.[0m [1m[35m[plugin angular-compiler][0m

    src/app/wiki/pages/modelo-chamados/modelo-chamados.component.html:90:49:
[37m      90 │ ...step__status" [ngClass]="[32msecaoCompleta[37m('analise') ? 'bi-check-c...
         ╵                             [32m~~~~~~~~~~~~~[0m

  Error occurs in the template of component ModeloChamadosComponent.

    src/app/wiki/pages/modelo-chamados/modelo-chamados.component.ts:9:15:
[37m      9 │   templateUrl: [32m'./modelo-chamados.component.html'[37m,
        ╵                [32m~~~~~~~~~~~~~~~~~~~~~~~~~~~~~~~~~~[0m


[31mX [41;31m[[41;97mERROR[41;31m][0m [1mNG9: Property 'secaoPendente' does not exist on type 'ModeloChamadosComponent'.[0m [1m[35m[plugin angular-compiler][0m

    src/app/wiki/pages/modelo-chamados/modelo-chamados.component.html:90:102:
[37m      90 │ ...bi-check-circle-fill' : ([32msecaoPendente[37m('analise') ? 'bi-exclama...
         ╵                             [32m~~~~~~~~~~~~~[0m

  Error occurs in the template of component ModeloChamadosComponent.

    src/app/wiki/pages/modelo-chamados/modelo-chamados.component.ts:9:15:
[37m      9 │   templateUrl: [32m'./modelo-chamados.component.html'[37m,
        ╵                [32m~~~~~~~~~~~~~~~~~~~~~~~~~~~~~~~~~~[0m


[31mX [41;31m[[41;97mERROR[41;31m][0m [1mNG9: Property 'irPara' does not exist on type 'ModeloChamadosComponent'.[0m [1m[35m[plugin angular-compiler][0m

    src/app/wiki/pages/modelo-chamados/modelo-chamados.component.html:92:53:
[37m      92 │ ...  <button type="button" class="mp-step" (click)="[32mirPara[37m('banco')">
         ╵                                                     [32m~~~~~~[0m

  Error occurs in the template of component ModeloChamadosComponent.

    src/app/wiki/pages/modelo-chamados/modelo-chamados.component.ts:9:15:
[37m      9 │   templateUrl: [32m'./modelo-chamados.component.html'[37m,
        ╵                [32m~~~~~~~~~~~~~~~~~~~~~~~~~~~~~~~~~~[0m


[31mX [41;31m[[41;97mERROR[41;31m][0m [1mNG9: Property 'irPara' does not exist on type 'ModeloChamadosComponent'.[0m [1m[35m[plugin angular-compiler][0m

    src/app/wiki/pages/modelo-chamados/modelo-chamados.component.html:97:53:
[37m      97 │       <button type="button" class="mp-step" (click)="[32mirPara[37m('logs')">
         ╵                                                      [32m~~~~~~[0m

  Error occurs in the template of component ModeloChamadosComponent.

    src/app/wiki/pages/modelo-chamados/modelo-chamados.component.ts:9:15:
[37m      9 │   templateUrl: [32m'./modelo-chamados.component.html'[37m,
        ╵                [32m~~~~~~~~~~~~~~~~~~~~~~~~~~~~~~~~~~[0m


[31mX [41;31m[[41;97mERROR[41;31m][0m [1mNG9: Property 'irPara' does not exist on type 'ModeloChamadosComponent'.[0m [1m[35m[plugin angular-compiler][0m

    src/app/wiki/pages/modelo-chamados/modelo-chamados.component.html:102:53:
[37m      102 │ ... <button type="button" class="mp-step" (click)="[32mirPara[37m('infra')">
          ╵                                                    [32m~~~~~~[0m

  Error occurs in the template of component ModeloChamadosComponent.

    src/app/wiki/pages/modelo-chamados/modelo-chamados.component.ts:9:15:
[37m      9 │   templateUrl: [32m'./modelo-chamados.component.html'[37m,
        ╵                [32m~~~~~~~~~~~~~~~~~~~~~~~~~~~~~~~~~~[0m


[31mX [41;31m[[41;97mERROR[41;31m][0m [1mNG9: Property 'secaoCompleta' does not exist on type 'ModeloChamadosComponent'.[0m [1m[35m[plugin angular-compiler][0m

    src/app/wiki/pages/modelo-chamados/modelo-chamados.component.html:107:65:
[37m      107 │ ...ep" [class.mp-step--ok]="[32msecaoCompleta[37m('conclusao')" [class.mp...
          ╵                             [32m~~~~~~~~~~~~~[0m

  Error occurs in the template of component ModeloChamadosComponent.

    src/app/wiki/pages/modelo-chamados/modelo-chamados.component.ts:9:15:
[37m      9 │   templateUrl: [32m'./modelo-chamados.component.html'[37m,
        ╵                [32m~~~~~~~~~~~~~~~~~~~~~~~~~~~~~~~~~~[0m


[31mX [41;31m[[41;97mERROR[41;31m][0m [1mNG9: Property 'secaoPendente' does not exist on type 'ModeloChamadosComponent'.[0m [1m[35m[plugin angular-compiler][0m

    src/app/wiki/pages/modelo-chamados/modelo-chamados.component.html:107:120:
[37m      107 │ ...lass.mp-step--pendente]="[32msecaoPendente[37m('conclusao')" (click)="...
          ╵                             [32m~~~~~~~~~~~~~[0m

  Error occurs in the template of component ModeloChamadosComponent.

    src/app/wiki/pages/modelo-chamados/modelo-chamados.component.ts:9:15:
[37m      9 │   templateUrl: [32m'./modelo-chamados.component.html'[37m,
        ╵                [32m~~~~~~~~~~~~~~~~~~~~~~~~~~~~~~~~~~[0m


[31mX [41;31m[[41;97mERROR[41;31m][0m [1mNG9: Property 'irPara' does not exist on type 'ModeloChamadosComponent'.[0m [1m[35m[plugin angular-compiler][0m

    src/app/wiki/pages/modelo-chamados/modelo-chamados.component.html:107:157:
[37m      107 │ ...ente]="secaoPendente('conclusao')" (click)="[32mirPara[37m('conclusao')">
          ╵                                                [32m~~~~~~[0m

  Error occurs in the template of component ModeloChamadosComponent.

    src/app/wiki/pages/modelo-chamados/modelo-chamados.component.ts:9:15:
[37m      9 │   templateUrl: [32m'./modelo-chamados.component.html'[37m,
        ╵                [32m~~~~~~~~~~~~~~~~~~~~~~~~~~~~~~~~~~[0m


[31mX [41;31m[[41;97mERROR[41;31m][0m [1mNG9: Property 'secaoCompleta' does not exist on type 'ModeloChamadosComponent'.[0m [1m[35m[plugin angular-compiler][0m

    src/app/wiki/pages/modelo-chamados/modelo-chamados.component.html:110:49:
[37m      110 │ ...step__status" [ngClass]="[32msecaoCompleta[37m('conclusao') ? 'bi-chec...
          ╵                             [32m~~~~~~~~~~~~~[0m

  Error occurs in the template of component ModeloChamadosComponent.

    src/app/wiki/pages/modelo-chamados/modelo-chamados.component.ts:9:15:
[37m      9 │   templateUrl: [32m'./modelo-chamados.component.html'[37m,
        ╵                [32m~~~~~~~~~~~~~~~~~~~~~~~~~~~~~~~~~~[0m


[31mX [41;31m[[41;97mERROR[41;31m][0m [1mNG9: Property 'secaoPendente' does not exist on type 'ModeloChamadosComponent'.[0m [1m[35m[plugin angular-compiler][0m

    src/app/wiki/pages/modelo-chamados/modelo-chamados.component.html:110:104:
[37m      110 │ ...bi-check-circle-fill' : ([32msecaoPendente[37m('conclusao') ? 'bi-excl...
          ╵                             [32m~~~~~~~~~~~~~[0m

  Error occurs in the template of component ModeloChamadosComponent.

    src/app/wiki/pages/modelo-chamados/modelo-chamados.component.ts:9:15:
[37m      9 │   templateUrl: [32m'./modelo-chamados.component.html'[37m,
        ╵                [32m~~~~~~~~~~~~~~~~~~~~~~~~~~~~~~~~~~[0m


[31mX [41;31m[[41;97mERROR[41;31m][0m [1mNG9: Property 'irPara' does not exist on type 'ModeloChamadosComponent'.[0m [1m[35m[plugin angular-compiler][0m

    src/app/wiki/pages/modelo-chamados/modelo-chamados.component.html:112:53:
[37m      112 │ ...ype="button" class="mp-step" (click)="[32mirPara[37m('checklist-final')">
          ╵                                          [32m~~~~~~[0m

  Error occurs in the template of component ModeloChamadosComponent.

    src/app/wiki/pages/modelo-chamados/modelo-chamados.component.ts:9:15:
[37m      9 │   templateUrl: [32m'./modelo-chamados.component.html'[37m,
        ╵                [32m~~~~~~~~~~~~~~~~~~~~~~~~~~~~~~~~~~[0m


[31mX [41;31m[[41;97mERROR[41;31m][0m [1mNG9: Property 'secaoPendente' does not exist on type 'ModeloChamadosComponent'.[0m [1m[35m[plugin angular-compiler][0m

    src/app/wiki/pages/modelo-chamados/modelo-chamados.component.html:124:36:
[37m      124 │         [class.mp-secao--pendente]="[32msecaoPendente[37m('identificacao')"
          ╵                                     [32m~~~~~~~~~~~~~[0m

  Error occurs in the template of component ModeloChamadosComponent.

    src/app/wiki/pages/modelo-chamados/modelo-chamados.component.ts:9:15:
[37m      9 │   templateUrl: [32m'./modelo-chamados.component.html'[37m,
        ╵                [32m~~~~~~~~~~~~~~~~~~~~~~~~~~~~~~~~~~[0m


[31mX [41;31m[[41;97mERROR[41;31m][0m [1mNG9: Property 'secaoCompleta' does not exist on type 'ModeloChamadosComponent'.[0m [1m[35m[plugin angular-compiler][0m

    src/app/wiki/pages/modelo-chamados/modelo-chamados.component.html:125:36:
[37m      125 │         [class.mp-secao--completa]="[32msecaoCompleta[37m('identificacao')">
          ╵                                     [32m~~~~~~~~~~~~~[0m

  Error occurs in the template of component ModeloChamadosComponent.

    src/app/wiki/pages/modelo-chamados/modelo-chamados.component.ts:9:15:
[37m      9 │   templateUrl: [32m'./modelo-chamados.component.html'[37m,
        ╵                [32m~~~~~~~~~~~~~~~~~~~~~~~~~~~~~~~~~~[0m


[31mX [41;31m[[41;97mERROR[41;31m][0m [1mNG9: Property 'toggleSecao' does not exist on type 'ModeloChamadosComponent'.[0m [1m[35m[plugin angular-compiler][0m

    src/app/wiki/pages/modelo-chamados/modelo-chamados.component.html:126:50:
[37m      126 │ ... class="mp-secao__header" (click)="[32mtoggleSecao[37m('identificacao')">
          ╵                                       [32m~~~~~~~~~~~[0m

  Error occurs in the template of component ModeloChamadosComponent.

    src/app/wiki/pages/modelo-chamados/modelo-chamados.component.ts:9:15:
[37m      9 │   templateUrl: [32m'./modelo-chamados.component.html'[37m,
        ╵                [32m~~~~~~~~~~~~~~~~~~~~~~~~~~~~~~~~~~[0m


[31mX [41;31m[[41;97mERROR[41;31m][0m [1mNG9: Property 'secaoAberta' does not exist on type 'ModeloChamadosComponent'.[0m [1m[35m[plugin angular-compiler][0m

    src/app/wiki/pages/modelo-chamados/modelo-chamados.component.html:131:50:
[37m      131 │ ...p-secao__seta" [ngClass]="[32msecaoAberta[37m('identificacao') ? 'bi-c...
          ╵                              [32m~~~~~~~~~~~[0m

  Error occurs in the template of component ModeloChamadosComponent.

    src/app/wiki/pages/modelo-chamados/modelo-chamados.component.ts:9:15:
[37m      9 │   templateUrl: [32m'./modelo-chamados.component.html'[37m,
        ╵                [32m~~~~~~~~~~~~~~~~~~~~~~~~~~~~~~~~~~[0m


[31mX [41;31m[[41;97mERROR[41;31m][0m [1mNG9: Property 'secaoAberta' does not exist on type 'ModeloChamadosComponent'.[0m [1m[35m[plugin angular-compiler][0m

    src/app/wiki/pages/modelo-chamados/modelo-chamados.component.html:133:43:
[37m      133 │ ...<div class="mp-secao__body" *ngIf="[32msecaoAberta[37m('identificacao')">
          ╵                                       [32m~~~~~~~~~~~[0m

  Error occurs in the template of component ModeloChamadosComponent.

    src/app/wiki/pages/modelo-chamados/modelo-chamados.component.ts:9:15:
[37m      9 │   templateUrl: [32m'./modelo-chamados.component.html'[37m,
        ╵                [32m~~~~~~~~~~~~~~~~~~~~~~~~~~~~~~~~~~[0m


[31mX [41;31m[[41;97mERROR[41;31m][0m [1mNG9: Property 'campoIdentificacaoInvalido' does not exist on type 'ModeloChamadosComponent'.[0m [1m[35m[plugin angular-compiler][0m

    src/app/wiki/pages/modelo-chamados/modelo-chamados.component.html:139:78:
[37m      139 │ ...input--invalido]="[32mcampoIdentificacaoInvalido[37m('contratante')" [...
          ╵                      [32m~~~~~~~~~~~~~~~~~~~~~~~~~~[0m

  Error occurs in the template of component ModeloChamadosComponent.

    src/app/wiki/pages/modelo-chamados/modelo-chamados.component.ts:9:15:
[37m      9 │   templateUrl: [32m'./modelo-chamados.component.html'[37m,
        ╵                [32m~~~~~~~~~~~~~~~~~~~~~~~~~~~~~~~~~~[0m


[31mX [41;31m[[41;97mERROR[41;31m][0m [1mNG9: Property 'tiposChamado' does not exist on type 'ModeloChamadosComponent'.[0m [1m[35m[plugin angular-compiler][0m

    src/app/wiki/pages/modelo-chamados/modelo-chamados.component.html:198:74:
[37m      198 │ ... [class.mp-chip--ativo]="[32mtiposChamado[37m['correcao']" (click)="to...
          ╵                             [32m~~~~~~~~~~~~[0m

  Error occurs in the template of component ModeloChamadosComponent.

    src/app/wiki/pages/modelo-chamados/modelo-chamados.component.ts:9:15:
[37m      9 │   templateUrl: [32m'./modelo-chamados.component.html'[37m,
        ╵                [32m~~~~~~~~~~~~~~~~~~~~~~~~~~~~~~~~~~[0m


[31mX [41;31m[[41;97mERROR[41;31m][0m [1mNG9: Property 'toggle' does not exist on type 'ModeloChamadosComponent'.[0m [1m[35m[plugin angular-compiler][0m

    src/app/wiki/pages/modelo-chamados/modelo-chamados.component.html:198:109:
[37m      198 │ ...amado['correcao']" (click)="[32mtoggle[37m(tiposChamado, 'correcao')">...
          ╵                                [32m~~~~~~[0m

  Error occurs in the template of component ModeloChamadosComponent.

    src/app/wiki/pages/modelo-chamados/modelo-chamados.component.ts:9:15:
[37m      9 │   templateUrl: [32m'./modelo-chamados.component.html'[37m,
        ╵                [32m~~~~~~~~~~~~~~~~~~~~~~~~~~~~~~~~~~[0m


[31mX [41;31m[[41;97mERROR[41;31m][0m [1mNG9: Property 'tiposChamado' does not exist on type 'ModeloChamadosComponent'.[0m [1m[35m[plugin angular-compiler][0m

    src/app/wiki/pages/modelo-chamados/modelo-chamados.component.html:198:116:
[37m      198 │ ...recao']" (click)="toggle([32mtiposChamado[37m, 'correcao')">Correção...
          ╵                             [32m~~~~~~~~~~~~[0m

  Error occurs in the template of component ModeloChamadosComponent.

    src/app/wiki/pages/modelo-chamados/modelo-chamados.component.ts:9:15:
[37m      9 │   templateUrl: [32m'./modelo-chamados.component.html'[37m,
        ╵                [32m~~~~~~~~~~~~~~~~~~~~~~~~~~~~~~~~~~[0m


[31mX [41;31m[[41;97mERROR[41;31m][0m [1mNG9: Property 'tiposChamado' does not exist on type 'ModeloChamadosComponent'.[0m [1m[35m[plugin angular-compiler][0m

    src/app/wiki/pages/modelo-chamados/modelo-chamados.component.html:199:74:
[37m      199 │ ... [class.mp-chip--ativo]="[32mtiposChamado[37m['melhoria']" (click)="to...
          ╵                             [32m~~~~~~~~~~~~[0m

  Error occurs in the template of component ModeloChamadosComponent.

    src/app/wiki/pages/modelo-chamados/modelo-chamados.component.ts:9:15:
[37m      9 │   templateUrl: [32m'./modelo-chamados.component.html'[37m,
        ╵                [32m~~~~~~~~~~~~~~~~~~~~~~~~~~~~~~~~~~[0m


[31mX [41;31m[[41;97mERROR[41;31m][0m [1mNG9: Property 'toggle' does not exist on type 'ModeloChamadosComponent'.[0m [1m[35m[plugin angular-compiler][0m

    src/app/wiki/pages/modelo-chamados/modelo-chamados.component.html:199:109:
[37m      199 │ ...amado['melhoria']" (click)="[32mtoggle[37m(tiposChamado, 'melhoria')">...
          ╵                                [32m~~~~~~[0m

  Error occurs in the template of component ModeloChamadosComponent.

    src/app/wiki/pages/modelo-chamados/modelo-chamados.component.ts:9:15:
[37m      9 │   templateUrl: [32m'./modelo-chamados.component.html'[37m,
        ╵                [32m~~~~~~~~~~~~~~~~~~~~~~~~~~~~~~~~~~[0m


[31mX [41;31m[[41;97mERROR[41;31m][0m [1mNG9: Property 'tiposChamado' does not exist on type 'ModeloChamadosComponent'.[0m [1m[35m[plugin angular-compiler][0m

    src/app/wiki/pages/modelo-chamados/modelo-chamados.component.html:199:116:
[37m      199 │ ...horia']" (click)="toggle([32mtiposChamado[37m, 'melhoria')">Melhoria</...
          ╵                             [32m~~~~~~~~~~~~[0m

  Error occurs in the template of component ModeloChamadosComponent.

    src/app/wiki/pages/modelo-chamados/modelo-chamados.component.ts:9:15:
[37m      9 │   templateUrl: [32m'./modelo-chamados.component.html'[37m,
        ╵                [32m~~~~~~~~~~~~~~~~~~~~~~~~~~~~~~~~~~[0m


[31mX [41;31m[[41;97mERROR[41;31m][0m [1mNG9: Property 'tiposChamado' does not exist on type 'ModeloChamadosComponent'.[0m [1m[35m[plugin angular-compiler][0m

    src/app/wiki/pages/modelo-chamados/modelo-chamados.component.html:200:74:
[37m      200 │ ... [class.mp-chip--ativo]="[32mtiposChamado[37m['novaFuncionalidade']" (...
          ╵                             [32m~~~~~~~~~~~~[0m

  Error occurs in the template of component ModeloChamadosComponent.

    src/app/wiki/pages/modelo-chamados/modelo-chamados.component.ts:9:15:
[37m      9 │   templateUrl: [32m'./modelo-chamados.component.html'[37m,
        ╵                [32m~~~~~~~~~~~~~~~~~~~~~~~~~~~~~~~~~~[0m


[31mX [41;31m[[41;97mERROR[41;31m][0m [1mNG9: Property 'toggle' does not exist on type 'ModeloChamadosComponent'.[0m [1m[35m[plugin angular-compiler][0m

    src/app/wiki/pages/modelo-chamados/modelo-chamados.component.html:200:119:
[37m      200 │ ...aFuncionalidade']" (click)="[32mtoggle[37m(tiposChamado, 'novaFunciona...
          ╵                                [32m~~~~~~[0m

  Error occurs in the template of component ModeloChamadosComponent.

    src/app/wiki/pages/modelo-chamados/modelo-chamados.component.ts:9:15:
[37m      9 │   templateUrl: [32m'./modelo-chamados.component.html'[37m,
        ╵                [32m~~~~~~~~~~~~~~~~~~~~~~~~~~~~~~~~~~[0m


[31mX [41;31m[[41;97mERROR[41;31m][0m [1mNG9: Property 'tiposChamado' does not exist on type 'ModeloChamadosComponent'.[0m [1m[35m[plugin angular-compiler][0m

    src/app/wiki/pages/modelo-chamados/modelo-chamados.component.html:200:126:
[37m      200 │ ...idade']" (click)="toggle([32mtiposChamado[37m, 'novaFuncionalidade')">...
          ╵                             [32m~~~~~~~~~~~~[0m

  Error occurs in the template of component ModeloChamadosComponent.

    src/app/wiki/pages/modelo-chamados/modelo-chamados.component.ts:9:15:
[37m      9 │   templateUrl: [32m'./modelo-chamados.component.html'[37m,
        ╵                [32m~~~~~~~~~~~~~~~~~~~~~~~~~~~~~~~~~~[0m


[31mX [41;31m[[41;97mERROR[41;31m][0m [1mNG9: Property 'tiposChamado' does not exist on type 'ModeloChamadosComponent'.[0m [1m[35m[plugin angular-compiler][0m

    src/app/wiki/pages/modelo-chamados/modelo-chamados.component.html:201:74:
[37m      201 │ ... [class.mp-chip--ativo]="[32mtiposChamado[37m['integracao']" (click)="...
          ╵                             [32m~~~~~~~~~~~~[0m

  Error occurs in the template of component ModeloChamadosComponent.

    src/app/wiki/pages/modelo-chamados/modelo-chamados.component.ts:9:15:
[37m      9 │   templateUrl: [32m'./modelo-chamados.component.html'[37m,
        ╵                [32m~~~~~~~~~~~~~~~~~~~~~~~~~~~~~~~~~~[0m


[31mX [41;31m[[41;97mERROR[41;31m][0m [1mNG9: Property 'toggle' does not exist on type 'ModeloChamadosComponent'.[0m [1m[35m[plugin angular-compiler][0m

    src/app/wiki/pages/modelo-chamados/modelo-chamados.component.html:201:111:
[37m      201 │ ...ado['integracao']" (click)="[32mtoggle[37m(tiposChamado, 'integracao')...
          ╵                                [32m~~~~~~[0m

  Error occurs in the template of component ModeloChamadosComponent.

    src/app/wiki/pages/modelo-chamados/modelo-chamados.component.ts:9:15:
[37m      9 │   templateUrl: [32m'./modelo-chamados.component.html'[37m,
        ╵                [32m~~~~~~~~~~~~~~~~~~~~~~~~~~~~~~~~~~[0m


[31mX [41;31m[[41;97mERROR[41;31m][0m [1mNG9: Property 'tiposChamado' does not exist on type 'ModeloChamadosComponent'.[0m [1m[35m[plugin angular-compiler][0m

    src/app/wiki/pages/modelo-chamados/modelo-chamados.component.html:201:118:
[37m      201 │ ...racao']" (click)="toggle([32mtiposChamado[37m, 'integracao')">Integra�...
          ╵                             [32m~~~~~~~~~~~~[0m

  Error occurs in the template of component ModeloChamadosComponent.

    src/app/wiki/pages/modelo-chamados/modelo-chamados.component.ts:9:15:
[37m      9 │   templateUrl: [32m'./modelo-chamados.component.html'[37m,
        ╵                [32m~~~~~~~~~~~~~~~~~~~~~~~~~~~~~~~~~~[0m


[31mX [41;31m[[41;97mERROR[41;31m][0m [1mNG9: Property 'tiposChamado' does not exist on type 'ModeloChamadosComponent'.[0m [1m[35m[plugin angular-compiler][0m

    src/app/wiki/pages/modelo-chamados/modelo-chamados.component.html:202:74:
[37m      202 │ ... [class.mp-chip--ativo]="[32mtiposChamado[37m['performance']" (click)=...
          ╵                             [32m~~~~~~~~~~~~[0m

  Error occurs in the template of component ModeloChamadosComponent.

    src/app/wiki/pages/modelo-chamados/modelo-chamados.component.ts:9:15:
[37m      9 │   templateUrl: [32m'./modelo-chamados.component.html'[37m,
        ╵                [32m~~~~~~~~~~~~~~~~~~~~~~~~~~~~~~~~~~[0m


[31mX [41;31m[[41;97mERROR[41;31m][0m [1mNG9: Property 'toggle' does not exist on type 'ModeloChamadosComponent'.[0m [1m[35m[plugin angular-compiler][0m

    src/app/wiki/pages/modelo-chamados/modelo-chamados.component.html:202:112:
[37m      202 │ ...do['performance']" (click)="[32mtoggle[37m(tiposChamado, 'performance'...
          ╵                                [32m~~~~~~[0m

  Error occurs in the template of component ModeloChamadosComponent.

    src/app/wiki/pages/modelo-chamados/modelo-chamados.component.ts:9:15:
[37m      9 │   templateUrl: [32m'./modelo-chamados.component.html'[37m,
        ╵                [32m~~~~~~~~~~~~~~~~~~~~~~~~~~~~~~~~~~[0m


[31mX [41;31m[[41;97mERROR[41;31m][0m [1mNG9: Property 'tiposChamado' does not exist on type 'ModeloChamadosComponent'.[0m [1m[35m[plugin angular-compiler][0m

    src/app/wiki/pages/modelo-chamados/modelo-chamados.component.html:202:119:
[37m      202 │ ...mance']" (click)="toggle([32mtiposChamado[37m, 'performance')">Perform...
          ╵                             [32m~~~~~~~~~~~~[0m

  Error occurs in the template of component ModeloChamadosComponent.

    src/app/wiki/pages/modelo-chamados/modelo-chamados.component.ts:9:15:
[37m      9 │   templateUrl: [32m'./modelo-chamados.component.html'[37m,
        ╵                [32m~~~~~~~~~~~~~~~~~~~~~~~~~~~~~~~~~~[0m


[31mX [41;31m[[41;97mERROR[41;31m][0m [1mNG9: Property 'tiposChamado' does not exist on type 'ModeloChamadosComponent'.[0m [1m[35m[plugin angular-compiler][0m

    src/app/wiki/pages/modelo-chamados/modelo-chamados.component.html:203:74:
[37m      203 │ ... [class.mp-chip--ativo]="[32mtiposChamado[37m['bancoDados']" (click)="...
          ╵                             [32m~~~~~~~~~~~~[0m

  Error occurs in the template of component ModeloChamadosComponent.

    src/app/wiki/pages/modelo-chamados/modelo-chamados.component.ts:9:15:
[37m      9 │   templateUrl: [32m'./modelo-chamados.component.html'[37m,
        ╵                [32m~~~~~~~~~~~~~~~~~~~~~~~~~~~~~~~~~~[0m


[31mX [41;31m[[41;97mERROR[41;31m][0m [1mNG9: Property 'toggle' does not exist on type 'ModeloChamadosComponent'.[0m [1m[35m[plugin angular-compiler][0m

    src/app/wiki/pages/modelo-chamados/modelo-chamados.component.html:203:111:
[37m      203 │ ...ado['bancoDados']" (click)="[32mtoggle[37m(tiposChamado, 'bancoDados')...
          ╵                                [32m~~~~~~[0m

  Error occurs in the template of component ModeloChamadosComponent.

    src/app/wiki/pages/modelo-chamados/modelo-chamados.component.ts:9:15:
[37m      9 │   templateUrl: [32m'./modelo-chamados.component.html'[37m,
        ╵                [32m~~~~~~~~~~~~~~~~~~~~~~~~~~~~~~~~~~[0m


[31mX [41;31m[[41;97mERROR[41;31m][0m [1mNG9: Property 'tiposChamado' does not exist on type 'ModeloChamadosComponent'.[0m [1m[35m[plugin angular-compiler][0m

    src/app/wiki/pages/modelo-chamados/modelo-chamados.component.html:203:118:
[37m      203 │ ...Dados']" (click)="toggle([32mtiposChamado[37m, 'bancoDados')">Banco de...
          ╵                             [32m~~~~~~~~~~~~[0m

  Error occurs in the template of component ModeloChamadosComponent.

    src/app/wiki/pages/modelo-chamados/modelo-chamados.component.ts:9:15:
[37m      9 │   templateUrl: [32m'./modelo-chamados.component.html'[37m,
        ╵                [32m~~~~~~~~~~~~~~~~~~~~~~~~~~~~~~~~~~[0m


[31mX [41;31m[[41;97mERROR[41;31m][0m [1mNG9: Property 'tiposChamado' does not exist on type 'ModeloChamadosComponent'.[0m [1m[35m[plugin angular-compiler][0m

    src/app/wiki/pages/modelo-chamados/modelo-chamados.component.html:204:74:
[37m      204 │ ... [class.mp-chip--ativo]="[32mtiposChamado[37m['api']" (click)="toggle(...
          ╵                             [32m~~~~~~~~~~~~[0m

  Error occurs in the template of component ModeloChamadosComponent.

    src/app/wiki/pages/modelo-chamados/modelo-chamados.component.ts:9:15:
[37m      9 │   templateUrl: [32m'./modelo-chamados.component.html'[37m,
        ╵                [32m~~~~~~~~~~~~~~~~~~~~~~~~~~~~~~~~~~[0m


[31mX [41;31m[[41;97mERROR[41;31m][0m [1mNG9: Property 'toggle' does not exist on type 'ModeloChamadosComponent'.[0m [1m[35m[plugin angular-compiler][0m

    src/app/wiki/pages/modelo-chamados/modelo-chamados.component.html:204:104:
[37m      204 │ ...posChamado['api']" (click)="[32mtoggle[37m(tiposChamado, 'api')">API</...
          ╵                                [32m~~~~~~[0m

  Error occurs in the template of component ModeloChamadosComponent.

    src/app/wiki/pages/modelo-chamados/modelo-chamados.component.ts:9:15:
[37m      9 │   templateUrl: [32m'./modelo-chamados.component.html'[37m,
        ╵                [32m~~~~~~~~~~~~~~~~~~~~~~~~~~~~~~~~~~[0m


[31mX [41;31m[[41;97mERROR[41;31m][0m [1mNG9: Property 'tiposChamado' does not exist on type 'ModeloChamadosComponent'.[0m [1m[35m[plugin angular-compiler][0m

    src/app/wiki/pages/modelo-chamados/modelo-chamados.component.html:204:111:
[37m      204 │ ...hamado['api']" (click)="toggle([32mtiposChamado[37m, 'api')">API</button>
          ╵                                   [32m~~~~~~~~~~~~[0m

  Error occurs in the template of component ModeloChamadosComponent.

    src/app/wiki/pages/modelo-chamados/modelo-chamados.component.ts:9:15:
[37m      9 │   templateUrl: [32m'./modelo-chamados.component.html'[37m,
        ╵                [32m~~~~~~~~~~~~~~~~~~~~~~~~~~~~~~~~~~[0m


[31mX [41;31m[[41;97mERROR[41;31m][0m [1mNG9: Property 'tiposChamado' does not exist on type 'ModeloChamadosComponent'.[0m [1m[35m[plugin angular-compiler][0m

    src/app/wiki/pages/modelo-chamados/modelo-chamados.component.html:205:74:
[37m      205 │ ... [class.mp-chip--ativo]="[32mtiposChamado[37m['infraestrutura']" (clic...
          ╵                             [32m~~~~~~~~~~~~[0m

  Error occurs in the template of component ModeloChamadosComponent.

    src/app/wiki/pages/modelo-chamados/modelo-chamados.component.ts:9:15:
[37m      9 │   templateUrl: [32m'./modelo-chamados.component.html'[37m,
        ╵                [32m~~~~~~~~~~~~~~~~~~~~~~~~~~~~~~~~~~[0m


[31mX [41;31m[[41;97mERROR[41;31m][0m [1mNG9: Property 'toggle' does not exist on type 'ModeloChamadosComponent'.[0m [1m[35m[plugin angular-compiler][0m

    src/app/wiki/pages/modelo-chamados/modelo-chamados.component.html:205:115:
[37m      205 │ ...'infraestrutura']" (click)="[32mtoggle[37m(tiposChamado, 'infraestrutu...
          ╵                                [32m~~~~~~[0m

  Error occurs in the template of component ModeloChamadosComponent.

    src/app/wiki/pages/modelo-chamados/modelo-chamados.component.ts:9:15:
[37m      9 │   templateUrl: [32m'./modelo-chamados.component.html'[37m,
        ╵                [32m~~~~~~~~~~~~~~~~~~~~~~~~~~~~~~~~~~[0m


[31mX [41;31m[[41;97mERROR[41;31m][0m [1mNG9: Property 'tiposChamado' does not exist on type 'ModeloChamadosComponent'.[0m [1m[35m[plugin angular-compiler][0m

    src/app/wiki/pages/modelo-chamados/modelo-chamados.component.html:205:122:
[37m      205 │ ...utura']" (click)="toggle([32mtiposChamado[37m, 'infraestrutura')">Infr...
          ╵                             [32m~~~~~~~~~~~~[0m

  Error occurs in the template of component ModeloChamadosComponent.

    src/app/wiki/pages/modelo-chamados/modelo-chamados.component.ts:9:15:
[37m      9 │   templateUrl: [32m'./modelo-chamados.component.html'[37m,
        ╵                [32m~~~~~~~~~~~~~~~~~~~~~~~~~~~~~~~~~~[0m


[31mX [41;31m[[41;97mERROR[41;31m][0m [1mNG9: Property 'tiposChamado' does not exist on type 'ModeloChamadosComponent'.[0m [1m[35m[plugin angular-compiler][0m

    src/app/wiki/pages/modelo-chamados/modelo-chamados.component.html:206:74:
[37m      206 │ ... [class.mp-chip--ativo]="[32mtiposChamado[37m['outro']" (click)="toggl...
          ╵                             [32m~~~~~~~~~~~~[0m

  Error occurs in the template of component ModeloChamadosComponent.

    src/app/wiki/pages/modelo-chamados/modelo-chamados.component.ts:9:15:
[37m      9 │   templateUrl: [32m'./modelo-chamados.component.html'[37m,
        ╵                [32m~~~~~~~~~~~~~~~~~~~~~~~~~~~~~~~~~~[0m


[31mX [41;31m[[41;97mERROR[41;31m][0m [1mNG9: Property 'toggle' does not exist on type 'ModeloChamadosComponent'.[0m [1m[35m[plugin angular-compiler][0m

    src/app/wiki/pages/modelo-chamados/modelo-chamados.component.html:206:106:
[37m      206 │ ...sChamado['outro']" (click)="[32mtoggle[37m(tiposChamado, 'outro')">Out...
          ╵                                [32m~~~~~~[0m

  Error occurs in the template of component ModeloChamadosComponent.

    src/app/wiki/pages/modelo-chamados/modelo-chamados.component.ts:9:15:
[37m      9 │   templateUrl: [32m'./modelo-chamados.component.html'[37m,
        ╵                [32m~~~~~~~~~~~~~~~~~~~~~~~~~~~~~~~~~~[0m


[31mX [41;31m[[41;97mERROR[41;31m][0m [1mNG9: Property 'tiposChamado' does not exist on type 'ModeloChamadosComponent'.[0m [1m[35m[plugin angular-compiler][0m

    src/app/wiki/pages/modelo-chamados/modelo-chamados.component.html:206:113:
[37m      206 │ ...['outro']" (click)="toggle([32mtiposChamado[37m, 'outro')">Outro</button>
          ╵                               [32m~~~~~~~~~~~~[0m

  Error occurs in the template of component ModeloChamadosComponent.

    src/app/wiki/pages/modelo-chamados/modelo-chamados.component.ts:9:15:
[37m      9 │   templateUrl: [32m'./modelo-chamados.component.html'[37m,
        ╵                [32m~~~~~~~~~~~~~~~~~~~~~~~~~~~~~~~~~~[0m


[31mX [41;31m[[41;97mERROR[41;31m][0m [1mNG9: Property 'secaoPendente' does not exist on type 'ModeloChamadosComponent'.[0m [1m[35m[plugin angular-compiler][0m

    src/app/wiki/pages/modelo-chamados/modelo-chamados.component.html:209:43:
[37m      209 │ ...<div class="mp-validacao" *ngIf="[32msecaoPendente[37m('identificacao')">
          ╵                                     [32m~~~~~~~~~~~~~[0m

  Error occurs in the template of component ModeloChamadosComponent.

    src/app/wiki/pages/modelo-chamados/modelo-chamados.component.ts:9:15:
[37m      9 │   templateUrl: [32m'./modelo-chamados.component.html'[37m,
        ╵                [32m~~~~~~~~~~~~~~~~~~~~~~~~~~~~~~~~~~[0m


[31mX [41;31m[[41;97mERROR[41;31m][0m [1mNG9: Property 'secaoPendente' does not exist on type 'ModeloChamadosComponent'.[0m [1m[35m[plugin angular-compiler][0m

    src/app/wiki/pages/modelo-chamados/modelo-chamados.component.html:218:36:
[37m      218 │         [class.mp-secao--pendente]="[32msecaoPendente[37m('resumo')"
          ╵                                     [32m~~~~~~~~~~~~~[0m

  Error occurs in the template of component ModeloChamadosComponent.

    src/app/wiki/pages/modelo-chamados/modelo-chamados.component.ts:9:15:
[37m      9 │   templateUrl: [32m'./modelo-chamados.component.html'[37m,
        ╵                [32m~~~~~~~~~~~~~~~~~~~~~~~~~~~~~~~~~~[0m


[31mX [41;31m[[41;97mERROR[41;31m][0m [1mNG9: Property 'secaoCompleta' does not exist on type 'ModeloChamadosComponent'.[0m [1m[35m[plugin angular-compiler][0m

    src/app/wiki/pages/modelo-chamados/modelo-chamados.component.html:219:36:
[37m      219 │         [class.mp-secao--completa]="[32msecaoCompleta[37m('resumo')">
          ╵                                     [32m~~~~~~~~~~~~~[0m

  Error occurs in the template of component ModeloChamadosComponent.

    src/app/wiki/pages/modelo-chamados/modelo-chamados.component.ts:9:15:
[37m      9 │   templateUrl: [32m'./modelo-chamados.component.html'[37m,
        ╵                [32m~~~~~~~~~~~~~~~~~~~~~~~~~~~~~~~~~~[0m


[31mX [41;31m[[41;97mERROR[41;31m][0m [1mNG9: Property 'toggleSecao' does not exist on type 'ModeloChamadosComponent'.[0m [1m[35m[plugin angular-compiler][0m

    src/app/wiki/pages/modelo-chamados/modelo-chamados.component.html:220:50:
[37m      220 │ ...<header class="mp-secao__header" (click)="[32mtoggleSecao[37m('resumo')">
          ╵                                              [32m~~~~~~~~~~~[0m

  Error occurs in the template of component ModeloChamadosComponent.

    src/app/wiki/pages/modelo-chamados/modelo-chamados.component.ts:9:15:
[37m      9 │   templateUrl: [32m'./modelo-chamados.component.html'[37m,
        ╵                [32m~~~~~~~~~~~~~~~~~~~~~~~~~~~~~~~~~~[0m


[31mX [41;31m[[41;97mERROR[41;31m][0m [1mNG9: Property 'secaoAberta' does not exist on type 'ModeloChamadosComponent'.[0m [1m[35m[plugin angular-compiler][0m

    src/app/wiki/pages/modelo-chamados/modelo-chamados.component.html:225:50:
[37m      225 │ ...p-secao__seta" [ngClass]="[32msecaoAberta[37m('resumo') ? 'bi-chevron-...
          ╵                              [32m~~~~~~~~~~~[0m

  Error occurs in the template of component ModeloChamadosComponent.

    src/app/wiki/pages/modelo-chamados/modelo-chamados.component.ts:9:15:
[37m      9 │   templateUrl: [32m'./modelo-chamados.component.html'[37m,
        ╵                [32m~~~~~~~~~~~~~~~~~~~~~~~~~~~~~~~~~~[0m


[31mX [41;31m[[41;97mERROR[41;31m][0m [1mNG9: Property 'secaoAberta' does not exist on type 'ModeloChamadosComponent'.[0m [1m[35m[plugin angular-compiler][0m

    src/app/wiki/pages/modelo-chamados/modelo-chamados.component.html:227:43:
[37m      227 │         <div class="mp-secao__body" *ngIf="[32msecaoAberta[37m('resumo')">
          ╵                                            [32m~~~~~~~~~~~[0m

  Error occurs in the template of component ModeloChamadosComponent.

    src/app/wiki/pages/modelo-chamados/modelo-chamados.component.ts:9:15:
[37m      9 │   templateUrl: [32m'./modelo-chamados.component.html'[37m,
        ╵                [32m~~~~~~~~~~~~~~~~~~~~~~~~~~~~~~~~~~[0m


[31mX [41;31m[[41;97mERROR[41;31m][0m [1mNG9: Property 'resumo' does not exist on type 'ModeloChamadosComponent'.[0m [1m[35m[plugin angular-compiler][0m

    src/app/wiki/pages/modelo-chamados/modelo-chamados.component.html:243:74:
[37m      243 │ ...area" rows="4" [(ngModel)]="[32mresumo[37m" placeholder="Descreva o pr...
          ╵                                [32m~~~~~~[0m

  Error occurs in the template of component ModeloChamadosComponent.

    src/app/wiki/pages/modelo-chamados/modelo-chamados.component.ts:9:15:
[37m      9 │   templateUrl: [32m'./modelo-chamados.component.html'[37m,
        ╵                [32m~~~~~~~~~~~~~~~~~~~~~~~~~~~~~~~~~~[0m


[31mX [41;31m[[41;97mERROR[41;31m][0m [1mNG9: Property 'resumo' does not exist on type 'ModeloChamadosComponent'.[0m [1m[35m[plugin angular-compiler][0m

    src/app/wiki/pages/modelo-chamados/modelo-chamados.component.html:243:74:
[37m      243 │ ...area" rows="4" [(ngModel)]="[32mresumo[37m" placeholder="Descreva o pr...
          ╵                                [32m~~~~~~[0m

  Error occurs in the template of component ModeloChamadosComponent.

    src/app/wiki/pages/modelo-chamados/modelo-chamados.component.ts:9:15:
[37m      9 │   templateUrl: [32m'./modelo-chamados.component.html'[37m,
        ╵                [32m~~~~~~~~~~~~~~~~~~~~~~~~~~~~~~~~~~[0m


[31mX [41;31m[[41;97mERROR[41;31m][0m [1mNG9: Property 'tentouEnviar' does not exist on type 'ModeloChamadosComponent'.[0m [1m[35m[plugin angular-compiler][0m

    src/app/wiki/pages/modelo-chamados/modelo-chamados.component.html:244:43:
[37m      244 │ ...ss="mp-validacao" *ngIf="[32mtentouEnviar[37m && !criterioConcluido('r...
          ╵                             [32m~~~~~~~~~~~~[0m

  Error occurs in the template of component ModeloChamadosComponent.

    src/app/wiki/pages/modelo-chamados/modelo-chamados.component.ts:9:15:
[37m      9 │   templateUrl: [32m'./modelo-chamados.component.html'[37m,
        ╵                [32m~~~~~~~~~~~~~~~~~~~~~~~~~~~~~~~~~~[0m


[31mX [41;31m[[41;97mERROR[41;31m][0m [1mNG9: Property 'criterioConcluido' does not exist on type 'ModeloChamadosComponent'.[0m [1m[35m[plugin angular-compiler][0m

    src/app/wiki/pages/modelo-chamados/modelo-chamados.component.html:244:60:
[37m      244 │ ...-validacao" *ngIf="tentouEnviar && ![32mcriterioConcluido[37m('resumo')">
          ╵                                        [32m~~~~~~~~~~~~~~~~~[0m

  Error occurs in the template of component ModeloChamadosComponent.

    src/app/wiki/pages/modelo-chamados/modelo-chamados.component.ts:9:15:
[37m      9 │   templateUrl: [32m'./modelo-chamados.component.html'[37m,
        ╵                [32m~~~~~~~~~~~~~~~~~~~~~~~~~~~~~~~~~~[0m


[31mX [41;31m[[41;97mERROR[41;31m][0m [1mNG9: Property 'secaoPendente' does not exist on type 'ModeloChamadosComponent'.[0m [1m[35m[plugin angular-compiler][0m

    src/app/wiki/pages/modelo-chamados/modelo-chamados.component.html:252:36:
[37m      252 │         [class.mp-secao--pendente]="[32msecaoPendente[37m('cenario')"
          ╵                                     [32m~~~~~~~~~~~~~[0m

  Error occurs in the template of component ModeloChamadosComponent.

    src/app/wiki/pages/modelo-chamados/modelo-chamados.component.ts:9:15:
[37m      9 │   templateUrl: [32m'./modelo-chamados.component.html'[37m,
        ╵                [32m~~~~~~~~~~~~~~~~~~~~~~~~~~~~~~~~~~[0m


[31mX [41;31m[[41;97mERROR[41;31m][0m [1mNG9: Property 'secaoCompleta' does not exist on type 'ModeloChamadosComponent'.[0m [1m[35m[plugin angular-compiler][0m

    src/app/wiki/pages/modelo-chamados/modelo-chamados.component.html:253:36:
[37m      253 │         [class.mp-secao--completa]="[32msecaoCompleta[37m('cenario')">
          ╵                                     [32m~~~~~~~~~~~~~[0m

  Error occurs in the template of component ModeloChamadosComponent.

    src/app/wiki/pages/modelo-chamados/modelo-chamados.component.ts:9:15:
[37m      9 │   templateUrl: [32m'./modelo-chamados.component.html'[37m,
        ╵                [32m~~~~~~~~~~~~~~~~~~~~~~~~~~~~~~~~~~[0m


[31mX [41;31m[[41;97mERROR[41;31m][0m [1mNG9: Property 'toggleSecao' does not exist on type 'ModeloChamadosComponent'.[0m [1m[35m[plugin angular-compiler][0m

    src/app/wiki/pages/modelo-chamados/modelo-chamados.component.html:254:50:
[37m      254 │ ...header class="mp-secao__header" (click)="[32mtoggleSecao[37m('cenario')">
          ╵                                             [32m~~~~~~~~~~~[0m

  Error occurs in the template of component ModeloChamadosComponent.

    src/app/wiki/pages/modelo-chamados/modelo-chamados.component.ts:9:15:
[37m      9 │   templateUrl: [32m'./modelo-chamados.component.html'[37m,
        ╵                [32m~~~~~~~~~~~~~~~~~~~~~~~~~~~~~~~~~~[0m


[31mX [41;31m[[41;97mERROR[41;31m][0m [1mNG9: Property 'secaoAberta' does not exist on type 'ModeloChamadosComponent'.[0m [1m[35m[plugin angular-compiler][0m

    src/app/wiki/pages/modelo-chamados/modelo-chamados.component.html:259:50:
[37m      259 │ ...p-secao__seta" [ngClass]="[32msecaoAberta[37m('cenario') ? 'bi-chevron...
          ╵                              [32m~~~~~~~~~~~[0m

  Error occurs in the template of component ModeloChamadosComponent.

    src/app/wiki/pages/modelo-chamados/modelo-chamados.component.ts:9:15:
[37m      9 │   templateUrl: [32m'./modelo-chamados.component.html'[37m,
        ╵                [32m~~~~~~~~~~~~~~~~~~~~~~~~~~~~~~~~~~[0m


[31mX [41;31m[[41;97mERROR[41;31m][0m [1mNG9: Property 'secaoAberta' does not exist on type 'ModeloChamadosComponent'.[0m [1m[35m[plugin angular-compiler][0m

    src/app/wiki/pages/modelo-chamados/modelo-chamados.component.html:261:43:
[37m      261 │         <div class="mp-secao__body" *ngIf="[32msecaoAberta[37m('cenario')">
          ╵                                            [32m~~~~~~~~~~~[0m

  Error occurs in the template of component ModeloChamadosComponent.

    src/app/wiki/pages/modelo-chamados/modelo-chamados.component.ts:9:15:
[37m      9 │   templateUrl: [32m'./modelo-chamados.component.html'[37m,
        ╵                [32m~~~~~~~~~~~~~~~~~~~~~~~~~~~~~~~~~~[0m


[31mX [41;31m[[41;97mERROR[41;31m][0m [1mNG9: Property 'cenario' does not exist on type 'ModeloChamadosComponent'.[0m [1m[35m[plugin angular-compiler][0m

    src/app/wiki/pages/modelo-chamados/modelo-chamados.component.html:288:74:
[37m      288 │ ...area" rows="5" [(ngModel)]="[32mcenario[37m" placeholder="Descreva o c...
          ╵                                [32m~~~~~~~[0m

  Error occurs in the template of component ModeloChamadosComponent.

    src/app/wiki/pages/modelo-chamados/modelo-chamados.component.ts:9:15:
[37m      9 │   templateUrl: [32m'./modelo-chamados.component.html'[37m,
        ╵                [32m~~~~~~~~~~~~~~~~~~~~~~~~~~~~~~~~~~[0m


[31mX [41;31m[[41;97mERROR[41;31m][0m [1mNG9: Property 'cenario' does not exist on type 'ModeloChamadosComponent'.[0m [1m[35m[plugin angular-compiler][0m

    src/app/wiki/pages/modelo-chamados/modelo-chamados.component.html:288:74:
[37m      288 │ ...area" rows="5" [(ngModel)]="[32mcenario[37m" placeholder="Descreva o c...
          ╵                                [32m~~~~~~~[0m

  Error occurs in the template of component ModeloChamadosComponent.

    src/app/wiki/pages/modelo-chamados/modelo-chamados.component.ts:9:15:
[37m      9 │   templateUrl: [32m'./modelo-chamados.component.html'[37m,
        ╵                [32m~~~~~~~~~~~~~~~~~~~~~~~~~~~~~~~~~~[0m


[31mX [41;31m[[41;97mERROR[41;31m][0m [1mNG9: Property 'tentouEnviar' does not exist on type 'ModeloChamadosComponent'.[0m [1m[35m[plugin angular-compiler][0m

    src/app/wiki/pages/modelo-chamados/modelo-chamados.component.html:289:43:
[37m      289 │ ...ss="mp-validacao" *ngIf="[32mtentouEnviar[37m && !criterioConcluido('c...
          ╵                             [32m~~~~~~~~~~~~[0m

  Error occurs in the template of component ModeloChamadosComponent.

    src/app/wiki/pages/modelo-chamados/modelo-chamados.component.ts:9:15:
[37m      9 │   templateUrl: [32m'./modelo-chamados.component.html'[37m,
        ╵                [32m~~~~~~~~~~~~~~~~~~~~~~~~~~~~~~~~~~[0m


[31mX [41;31m[[41;97mERROR[41;31m][0m [1mNG9: Property 'criterioConcluido' does not exist on type 'ModeloChamadosComponent'.[0m [1m[35m[plugin angular-compiler][0m

    src/app/wiki/pages/modelo-chamados/modelo-chamados.component.html:289:60:
[37m      289 │ ...validacao" *ngIf="tentouEnviar && ![32mcriterioConcluido[37m('cenario')">
          ╵                                       [32m~~~~~~~~~~~~~~~~~[0m

  Error occurs in the template of component ModeloChamadosComponent.

    src/app/wiki/pages/modelo-chamados/modelo-chamados.component.ts:9:15:
[37m      9 │   templateUrl: [32m'./modelo-chamados.component.html'[37m,
        ╵                [32m~~~~~~~~~~~~~~~~~~~~~~~~~~~~~~~~~~[0m


[31mX [41;31m[[41;97mERROR[41;31m][0m [1mNG9: Property 'secaoPendente' does not exist on type 'ModeloChamadosComponent'.[0m [1m[35m[plugin angular-compiler][0m

    src/app/wiki/pages/modelo-chamados/modelo-chamados.component.html:297:36:
[37m      297 │         [class.mp-secao--pendente]="[32msecaoPendente[37m('regra')"
          ╵                                     [32m~~~~~~~~~~~~~[0m

  Error occurs in the template of component ModeloChamadosComponent.

    src/app/wiki/pages/modelo-chamados/modelo-chamados.component.ts:9:15:
[37m      9 │   templateUrl: [32m'./modelo-chamados.component.html'[37m,
        ╵                [32m~~~~~~~~~~~~~~~~~~~~~~~~~~~~~~~~~~[0m


[31mX [41;31m[[41;97mERROR[41;31m][0m [1mNG9: Property 'secaoCompleta' does not exist on type 'ModeloChamadosComponent'.[0m [1m[35m[plugin angular-compiler][0m

    src/app/wiki/pages/modelo-chamados/modelo-chamados.component.html:298:36:
[37m      298 │         [class.mp-secao--completa]="[32msecaoCompleta[37m('regra')">
          ╵                                     [32m~~~~~~~~~~~~~[0m

  Error occurs in the template of component ModeloChamadosComponent.

    src/app/wiki/pages/modelo-chamados/modelo-chamados.component.ts:9:15:
[37m      9 │   templateUrl: [32m'./modelo-chamados.component.html'[37m,
        ╵                [32m~~~~~~~~~~~~~~~~~~~~~~~~~~~~~~~~~~[0m


[31mX [41;31m[[41;97mERROR[41;31m][0m [1mNG9: Property 'toggleSecao' does not exist on type 'ModeloChamadosComponent'.[0m [1m[35m[plugin angular-compiler][0m

    src/app/wiki/pages/modelo-chamados/modelo-chamados.component.html:299:50:
[37m      299 │ ... <header class="mp-secao__header" (click)="[32mtoggleSecao[37m('regra')">
          ╵                                               [32m~~~~~~~~~~~[0m

  Error occurs in the template of component ModeloChamadosComponent.

    src/app/wiki/pages/modelo-chamados/modelo-chamados.component.ts:9:15:
[37m      9 │   templateUrl: [32m'./modelo-chamados.component.html'[37m,
        ╵                [32m~~~~~~~~~~~~~~~~~~~~~~~~~~~~~~~~~~[0m


[31mX [41;31m[[41;97mERROR[41;31m][0m [1mNG9: Property 'secaoAberta' does not exist on type 'ModeloChamadosComponent'.[0m [1m[35m[plugin angular-compiler][0m

    src/app/wiki/pages/modelo-chamados/modelo-chamados.component.html:304:50:
[37m      304 │ ...p-secao__seta" [ngClass]="[32msecaoAberta[37m('regra') ? 'bi-chevron-u...
          ╵                              [32m~~~~~~~~~~~[0m

  Error occurs in the template of component ModeloChamadosComponent.

    src/app/wiki/pages/modelo-chamados/modelo-chamados.component.ts:9:15:
[37m      9 │   templateUrl: [32m'./modelo-chamados.component.html'[37m,
        ╵                [32m~~~~~~~~~~~~~~~~~~~~~~~~~~~~~~~~~~[0m


[31mX [41;31m[[41;97mERROR[41;31m][0m [1mNG9: Property 'secaoAberta' does not exist on type 'ModeloChamadosComponent'.[0m [1m[35m[plugin angular-compiler][0m

    src/app/wiki/pages/modelo-chamados/modelo-chamados.component.html:306:43:
[37m      306 │         <div class="mp-secao__body" *ngIf="[32msecaoAberta[37m('regra')">
          ╵                                            [32m~~~~~~~~~~~[0m

  Error occurs in the template of component ModeloChamadosComponent.

    src/app/wiki/pages/modelo-chamados/modelo-chamados.component.ts:9:15:
[37m      9 │   templateUrl: [32m'./modelo-chamados.component.html'[37m,
        ╵                [32m~~~~~~~~~~~~~~~~~~~~~~~~~~~~~~~~~~[0m


[31mX [41;31m[[41;97mERROR[41;31m][0m [1mNG9: Property 'regraNegocio' does not exist on type 'ModeloChamadosComponent'.[0m [1m[35m[plugin angular-compiler][0m

    src/app/wiki/pages/modelo-chamados/modelo-chamados.component.html:323:74:
[37m      323 │ ...a" rows="4" [(ngModel)]="[32mregraNegocio[37m" placeholder="Descreva a...
          ╵                             [32m~~~~~~~~~~~~[0m

  Error occurs in the template of component ModeloChamadosComponent.

    src/app/wiki/pages/modelo-chamados/modelo-chamados.component.ts:9:15:
[37m      9 │   templateUrl: [32m'./modelo-chamados.component.html'[37m,
        ╵                [32m~~~~~~~~~~~~~~~~~~~~~~~~~~~~~~~~~~[0m


[31mX [41;31m[[41;97mERROR[41;31m][0m [1mNG9: Property 'regraNegocio' does not exist on type 'ModeloChamadosComponent'.[0m [1m[35m[plugin angular-compiler][0m

    src/app/wiki/pages/modelo-chamados/modelo-chamados.component.html:323:74:
[37m      323 │ ...a" rows="4" [(ngModel)]="[32mregraNegocio[37m" placeholder="Descreva a...
          ╵                             [32m~~~~~~~~~~~~[0m

  Error occurs in the template of component ModeloChamadosComponent.

    src/app/wiki/pages/modelo-chamados/modelo-chamados.component.ts:9:15:
[37m      9 │   templateUrl: [32m'./modelo-chamados.component.html'[37m,
        ╵                [32m~~~~~~~~~~~~~~~~~~~~~~~~~~~~~~~~~~[0m


[31mX [41;31m[[41;97mERROR[41;31m][0m [1mNG9: Property 'tentouEnviar' does not exist on type 'ModeloChamadosComponent'.[0m [1m[35m[plugin angular-compiler][0m

    src/app/wiki/pages/modelo-chamados/modelo-chamados.component.html:324:43:
[37m      324 │ ...ss="mp-validacao" *ngIf="[32mtentouEnviar[37m && !criterioConcluido('r...
          ╵                             [32m~~~~~~~~~~~~[0m

  Error occurs in the template of component ModeloChamadosComponent.

    src/app/wiki/pages/modelo-chamados/modelo-chamados.component.ts:9:15:
[37m      9 │   templateUrl: [32m'./modelo-chamados.component.html'[37m,
        ╵                [32m~~~~~~~~~~~~~~~~~~~~~~~~~~~~~~~~~~[0m


[31mX [41;31m[[41;97mERROR[41;31m][0m [1mNG9: Property 'criterioConcluido' does not exist on type 'ModeloChamadosComponent'.[0m [1m[35m[plugin angular-compiler][0m

    src/app/wiki/pages/modelo-chamados/modelo-chamados.component.html:324:60:
[37m      324 │ ...p-validacao" *ngIf="tentouEnviar && ![32mcriterioConcluido[37m('regra')">
          ╵                                         [32m~~~~~~~~~~~~~~~~~[0m

  Error occurs in the template of component ModeloChamadosComponent.

    src/app/wiki/pages/modelo-chamados/modelo-chamados.component.ts:9:15:
[37m      9 │   templateUrl: [32m'./modelo-chamados.component.html'[37m,
        ╵                [32m~~~~~~~~~~~~~~~~~~~~~~~~~~~~~~~~~~[0m


[31mX [41;31m[[41;97mERROR[41;31m][0m [1mNG9: Property 'secaoPendente' does not exist on type 'ModeloChamadosComponent'.[0m [1m[35m[plugin angular-compiler][0m

    src/app/wiki/pages/modelo-chamados/modelo-chamados.component.html:332:36:
[37m      332 │         [class.mp-secao--pendente]="[32msecaoPendente[37m('fluxo')"
          ╵                                     [32m~~~~~~~~~~~~~[0m

  Error occurs in the template of component ModeloChamadosComponent.

    src/app/wiki/pages/modelo-chamados/modelo-chamados.component.ts:9:15:
[37m      9 │   templateUrl: [32m'./modelo-chamados.component.html'[37m,
        ╵                [32m~~~~~~~~~~~~~~~~~~~~~~~~~~~~~~~~~~[0m


[31mX [41;31m[[41;97mERROR[41;31m][0m [1mNG9: Property 'secaoCompleta' does not exist on type 'ModeloChamadosComponent'.[0m [1m[35m[plugin angular-compiler][0m

    src/app/wiki/pages/modelo-chamados/modelo-chamados.component.html:333:36:
[37m      333 │         [class.mp-secao--completa]="[32msecaoCompleta[37m('fluxo')">
          ╵                                     [32m~~~~~~~~~~~~~[0m

  Error occurs in the template of component ModeloChamadosComponent.

    src/app/wiki/pages/modelo-chamados/modelo-chamados.component.ts:9:15:
[37m      9 │   templateUrl: [32m'./modelo-chamados.component.html'[37m,
        ╵                [32m~~~~~~~~~~~~~~~~~~~~~~~~~~~~~~~~~~[0m


[31mX [41;31m[[41;97mERROR[41;31m][0m [1mNG9: Property 'toggleSecao' does not exist on type 'ModeloChamadosComponent'.[0m [1m[35m[plugin angular-compiler][0m

    src/app/wiki/pages/modelo-chamados/modelo-chamados.component.html:334:50:
[37m      334 │ ... <header class="mp-secao__header" (click)="[32mtoggleSecao[37m('fluxo')">
          ╵                                               [32m~~~~~~~~~~~[0m

  Error occurs in the template of component ModeloChamadosComponent.

    src/app/wiki/pages/modelo-chamados/modelo-chamados.component.ts:9:15:
[37m      9 │   templateUrl: [32m'./modelo-chamados.component.html'[37m,
        ╵                [32m~~~~~~~~~~~~~~~~~~~~~~~~~~~~~~~~~~[0m


[31mX [41;31m[[41;97mERROR[41;31m][0m [1mNG9: Property 'secaoAberta' does not exist on type 'ModeloChamadosComponent'.[0m [1m[35m[plugin angular-compiler][0m

    src/app/wiki/pages/modelo-chamados/modelo-chamados.component.html:339:50:
[37m      339 │ ...p-secao__seta" [ngClass]="[32msecaoAberta[37m('fluxo') ? 'bi-chevron-u...
          ╵                              [32m~~~~~~~~~~~[0m

  Error occurs in the template of component ModeloChamadosComponent.

    src/app/wiki/pages/modelo-chamados/modelo-chamados.component.ts:9:15:
[37m      9 │   templateUrl: [32m'./modelo-chamados.component.html'[37m,
        ╵                [32m~~~~~~~~~~~~~~~~~~~~~~~~~~~~~~~~~~[0m


[31mX [41;31m[[41;97mERROR[41;31m][0m [1mNG9: Property 'secaoAberta' does not exist on type 'ModeloChamadosComponent'.[0m [1m[35m[plugin angular-compiler][0m

    src/app/wiki/pages/modelo-chamados/modelo-chamados.component.html:341:43:
[37m      341 │         <div class="mp-secao__body" *ngIf="[32msecaoAberta[37m('fluxo')">
          ╵                                            [32m~~~~~~~~~~~[0m

  Error occurs in the template of component ModeloChamadosComponent.

    src/app/wiki/pages/modelo-chamados/modelo-chamados.component.ts:9:15:
[37m      9 │   templateUrl: [32m'./modelo-chamados.component.html'[37m,
        ╵                [32m~~~~~~~~~~~~~~~~~~~~~~~~~~~~~~~~~~[0m


[31mX [41;31m[[41;97mERROR[41;31m][0m [1mNG9: Property 'fluxoPassos' does not exist on type 'ModeloChamadosComponent'.[0m [1m[35m[plugin angular-compiler][0m

    src/app/wiki/pages/modelo-chamados/modelo-chamados.component.html:350:55:
[37m      350 │ ...lass="mp-passo" *ngFor="let passo of [32mfluxoPassos[37m; let i = index">
          ╵                                         [32m~~~~~~~~~~~[0m

  Error occurs in the template of component ModeloChamadosComponent.

    src/app/wiki/pages/modelo-chamados/modelo-chamados.component.ts:9:15:
[37m      9 │   templateUrl: [32m'./modelo-chamados.component.html'[37m,
        ╵                [32m~~~~~~~~~~~~~~~~~~~~~~~~~~~~~~~~~~[0m


[31mX [41;31m[[41;97mERROR[41;31m][0m [1mNG9: Property 'anexarImagem' does not exist on type 'ModeloChamadosComponent'.[0m [1m[35m[plugin angular-compiler][0m

    src/app/wiki/pages/modelo-chamados/modelo-chamados.component.html:357:66:
[37m      357 │ ...ype="file" accept="image/*" (change)="[32manexarImagem[37m(i, $event)" />
          ╵                                          [32m~~~~~~~~~~~~[0m

  Error occurs in the template of component ModeloChamadosComponent.

    src/app/wiki/pages/modelo-chamados/modelo-chamados.component.ts:9:15:
[37m      9 │   templateUrl: [32m'./modelo-chamados.component.html'[37m,
        ╵                [32m~~~~~~~~~~~~~~~~~~~~~~~~~~~~~~~~~~[0m


[31mX [41;31m[[41;97mERROR[41;31m][0m [1mNG9: Property 'removerPasso' does not exist on type 'ModeloChamadosComponent'.[0m [1m[35m[plugin angular-compiler][0m

    src/app/wiki/pages/modelo-chamados/modelo-chamados.component.html:360:87:
[37m      360 │ ...perigo-pequeno" (click)="[32mremoverPasso[37m(i)" *ngIf="fluxoPassos.l...
          ╵                             [32m~~~~~~~~~~~~[0m

  Error occurs in the template of component ModeloChamadosComponent.

    src/app/wiki/pages/modelo-chamados/modelo-chamados.component.ts:9:15:
[37m      9 │   templateUrl: [32m'./modelo-chamados.component.html'[37m,
        ╵                [32m~~~~~~~~~~~~~~~~~~~~~~~~~~~~~~~~~~[0m


[31mX [41;31m[[41;97mERROR[41;31m][0m [1mNG9: Property 'fluxoPassos' does not exist on type 'ModeloChamadosComponent'.[0m [1m[35m[plugin angular-compiler][0m

    src/app/wiki/pages/modelo-chamados/modelo-chamados.component.html:360:111:
[37m      360 │ ...="removerPasso(i)" *ngIf="[32mfluxoPassos[37m.length > 1"><i class="bi...
          ╵                              [32m~~~~~~~~~~~[0m

  Error occurs in the template of component ModeloChamadosComponent.

    src/app/wiki/pages/modelo-chamados/modelo-chamados.component.ts:9:15:
[37m      9 │   templateUrl: [32m'./modelo-chamados.component.html'[37m,
        ╵                [32m~~~~~~~~~~~~~~~~~~~~~~~~~~~~~~~~~~[0m


[31mX [41;31m[[41;97mERROR[41;31m][0m [1mNG9: Property 'adicionarPasso' does not exist on type 'ModeloChamadosComponent'.[0m [1m[35m[plugin angular-compiler][0m

    src/app/wiki/pages/modelo-chamados/modelo-chamados.component.html:366:74:
[37m      366 │ ...tn--adicionar" (click)="[32madicionarPasso[37m()"><i class="bi bi-plus...
          ╵                            [32m~~~~~~~~~~~~~~[0m

  Error occurs in the template of component ModeloChamadosComponent.

    src/app/wiki/pages/modelo-chamados/modelo-chamados.component.ts:9:15:
[37m      9 │   templateUrl: [32m'./modelo-chamados.component.html'[37m,
        ╵                [32m~~~~~~~~~~~~~~~~~~~~~~~~~~~~~~~~~~[0m


[31mX [41;31m[[41;97mERROR[41;31m][0m [1mNG9: Property 'tentouEnviar' does not exist on type 'ModeloChamadosComponent'.[0m [1m[35m[plugin angular-compiler][0m

    src/app/wiki/pages/modelo-chamados/modelo-chamados.component.html:368:43:
[37m      368 │ ...ss="mp-validacao" *ngIf="[32mtentouEnviar[37m && !criterioConcluido('f...
          ╵                             [32m~~~~~~~~~~~~[0m

  Error occurs in the template of component ModeloChamadosComponent.

    src/app/wiki/pages/modelo-chamados/modelo-chamados.component.ts:9:15:
[37m      9 │   templateUrl: [32m'./modelo-chamados.component.html'[37m,
        ╵                [32m~~~~~~~~~~~~~~~~~~~~~~~~~~~~~~~~~~[0m


[31mX [41;31m[[41;97mERROR[41;31m][0m [1mNG9: Property 'criterioConcluido' does not exist on type 'ModeloChamadosComponent'.[0m [1m[35m[plugin angular-compiler][0m

    src/app/wiki/pages/modelo-chamados/modelo-chamados.component.html:368:60:
[37m      368 │ ...p-validacao" *ngIf="tentouEnviar && ![32mcriterioConcluido[37m('fluxo')">
          ╵                                         [32m~~~~~~~~~~~~~~~~~[0m

  Error occurs in the template of component ModeloChamadosComponent.

    src/app/wiki/pages/modelo-chamados/modelo-chamados.component.ts:9:15:
[37m      9 │   templateUrl: [32m'./modelo-chamados.component.html'[37m,
        ╵                [32m~~~~~~~~~~~~~~~~~~~~~~~~~~~~~~~~~~[0m


[31mX [41;31m[[41;97mERROR[41;31m][0m [1mNG9: Property 'secaoPendente' does not exist on type 'ModeloChamadosComponent'.[0m [1m[35m[plugin angular-compiler][0m

    src/app/wiki/pages/modelo-chamados/modelo-chamados.component.html:376:36:
[37m      376 │         [class.mp-secao--pendente]="[32msecaoPendente[37m('esperado')"
          ╵                                     [32m~~~~~~~~~~~~~[0m

  Error occurs in the template of component ModeloChamadosComponent.

    src/app/wiki/pages/modelo-chamados/modelo-chamados.component.ts:9:15:
[37m      9 │   templateUrl: [32m'./modelo-chamados.component.html'[37m,
        ╵                [32m~~~~~~~~~~~~~~~~~~~~~~~~~~~~~~~~~~[0m


[31mX [41;31m[[41;97mERROR[41;31m][0m [1mNG9: Property 'secaoCompleta' does not exist on type 'ModeloChamadosComponent'.[0m [1m[35m[plugin angular-compiler][0m

    src/app/wiki/pages/modelo-chamados/modelo-chamados.component.html:377:36:
[37m      377 │         [class.mp-secao--completa]="[32msecaoCompleta[37m('esperado')">
          ╵                                     [32m~~~~~~~~~~~~~[0m

  Error occurs in the template of component ModeloChamadosComponent.

    src/app/wiki/pages/modelo-chamados/modelo-chamados.component.ts:9:15:
[37m      9 │   templateUrl: [32m'./modelo-chamados.component.html'[37m,
        ╵                [32m~~~~~~~~~~~~~~~~~~~~~~~~~~~~~~~~~~[0m


[31mX [41;31m[[41;97mERROR[41;31m][0m [1mNG9: Property 'toggleSecao' does not exist on type 'ModeloChamadosComponent'.[0m [1m[35m[plugin angular-compiler][0m

    src/app/wiki/pages/modelo-chamados/modelo-chamados.component.html:378:50:
[37m      378 │ ...eader class="mp-secao__header" (click)="[32mtoggleSecao[37m('esperado')">
          ╵                                            [32m~~~~~~~~~~~[0m

  Error occurs in the template of component ModeloChamadosComponent.

    src/app/wiki/pages/modelo-chamados/modelo-chamados.component.ts:9:15:
[37m      9 │   templateUrl: [32m'./modelo-chamados.component.html'[37m,
        ╵                [32m~~~~~~~~~~~~~~~~~~~~~~~~~~~~~~~~~~[0m


[31mX [41;31m[[41;97mERROR[41;31m][0m [1mNG9: Property 'secaoAberta' does not exist on type 'ModeloChamadosComponent'.[0m [1m[35m[plugin angular-compiler][0m

    src/app/wiki/pages/modelo-chamados/modelo-chamados.component.html:383:50:
[37m      383 │ ...p-secao__seta" [ngClass]="[32msecaoAberta[37m('esperado') ? 'bi-chevro...
          ╵                              [32m~~~~~~~~~~~[0m

  Error occurs in the template of component ModeloChamadosComponent.

    src/app/wiki/pages/modelo-chamados/modelo-chamados.component.ts:9:15:
[37m      9 │   templateUrl: [32m'./modelo-chamados.component.html'[37m,
        ╵                [32m~~~~~~~~~~~~~~~~~~~~~~~~~~~~~~~~~~[0m


[31mX [41;31m[[41;97mERROR[41;31m][0m [1mNG9: Property 'secaoAberta' does not exist on type 'ModeloChamadosComponent'.[0m [1m[35m[plugin angular-compiler][0m

    src/app/wiki/pages/modelo-chamados/modelo-chamados.component.html:385:43:
[37m      385 │         <div class="mp-secao__body" *ngIf="[32msecaoAberta[37m('esperado')">
          ╵                                            [32m~~~~~~~~~~~[0m

  Error occurs in the template of component ModeloChamadosComponent.

    src/app/wiki/pages/modelo-chamados/modelo-chamados.component.ts:9:15:
[37m      9 │   templateUrl: [32m'./modelo-chamados.component.html'[37m,
        ╵                [32m~~~~~~~~~~~~~~~~~~~~~~~~~~~~~~~~~~[0m


[31mX [41;31m[[41;97mERROR[41;31m][0m [1mNG9: Property 'tentouEnviar' does not exist on type 'ModeloChamadosComponent'.[0m [1m[35m[plugin angular-compiler][0m

    src/app/wiki/pages/modelo-chamados/modelo-chamados.component.html:397:43:
[37m      397 │ ...ss="mp-validacao" *ngIf="[32mtentouEnviar[37m && !criterioConcluido('e...
          ╵                             [32m~~~~~~~~~~~~[0m

  Error occurs in the template of component ModeloChamadosComponent.

    src/app/wiki/pages/modelo-chamados/modelo-chamados.component.ts:9:15:
[37m      9 │   templateUrl: [32m'./modelo-chamados.component.html'[37m,
        ╵                [32m~~~~~~~~~~~~~~~~~~~~~~~~~~~~~~~~~~[0m


[31mX [41;31m[[41;97mERROR[41;31m][0m [1mNG9: Property 'criterioConcluido' does not exist on type 'ModeloChamadosComponent'.[0m [1m[35m[plugin angular-compiler][0m

    src/app/wiki/pages/modelo-chamados/modelo-chamados.component.html:397:60:
[37m      397 │ ...alidacao" *ngIf="tentouEnviar && ![32mcriterioConcluido[37m('esperado')">
          ╵                                      [32m~~~~~~~~~~~~~~~~~[0m

  Error occurs in the template of component ModeloChamadosComponent.

    src/app/wiki/pages/modelo-chamados/modelo-chamados.component.ts:9:15:
[37m      9 │   templateUrl: [32m'./modelo-chamados.component.html'[37m,
        ╵                [32m~~~~~~~~~~~~~~~~~~~~~~~~~~~~~~~~~~[0m


[31mX [41;31m[[41;97mERROR[41;31m][0m [1mNG9: Property 'secaoPendente' does not exist on type 'ModeloChamadosComponent'.[0m [1m[35m[plugin angular-compiler][0m

    src/app/wiki/pages/modelo-chamados/modelo-chamados.component.html:405:36:
[37m      405 │         [class.mp-secao--pendente]="[32msecaoPendente[37m('obtido')"
          ╵                                     [32m~~~~~~~~~~~~~[0m

  Error occurs in the template of component ModeloChamadosComponent.

    src/app/wiki/pages/modelo-chamados/modelo-chamados.component.ts:9:15:
[37m      9 │   templateUrl: [32m'./modelo-chamados.component.html'[37m,
        ╵                [32m~~~~~~~~~~~~~~~~~~~~~~~~~~~~~~~~~~[0m


[31mX [41;31m[[41;97mERROR[41;31m][0m [1mNG9: Property 'secaoCompleta' does not exist on type 'ModeloChamadosComponent'.[0m [1m[35m[plugin angular-compiler][0m

    src/app/wiki/pages/modelo-chamados/modelo-chamados.component.html:406:36:
[37m      406 │         [class.mp-secao--completa]="[32msecaoCompleta[37m('obtido')">
          ╵                                     [32m~~~~~~~~~~~~~[0m

  Error occurs in the template of component ModeloChamadosComponent.

    src/app/wiki/pages/modelo-chamados/modelo-chamados.component.ts:9:15:
[37m      9 │   templateUrl: [32m'./modelo-chamados.component.html'[37m,
        ╵                [32m~~~~~~~~~~~~~~~~~~~~~~~~~~~~~~~~~~[0m


[31mX [41;31m[[41;97mERROR[41;31m][0m [1mNG9: Property 'toggleSecao' does not exist on type 'ModeloChamadosComponent'.[0m [1m[35m[plugin angular-compiler][0m

    src/app/wiki/pages/modelo-chamados/modelo-chamados.component.html:407:50:
[37m      407 │ ...<header class="mp-secao__header" (click)="[32mtoggleSecao[37m('obtido')">
          ╵                                              [32m~~~~~~~~~~~[0m

  Error occurs in the template of component ModeloChamadosComponent.

    src/app/wiki/pages/modelo-chamados/modelo-chamados.component.ts:9:15:
[37m      9 │   templateUrl: [32m'./modelo-chamados.component.html'[37m,
        ╵                [32m~~~~~~~~~~~~~~~~~~~~~~~~~~~~~~~~~~[0m


[31mX [41;31m[[41;97mERROR[41;31m][0m [1mNG9: Property 'secaoAberta' does not exist on type 'ModeloChamadosComponent'.[0m [1m[35m[plugin angular-compiler][0m

    src/app/wiki/pages/modelo-chamados/modelo-chamados.component.html:412:50:
[37m      412 │ ...p-secao__seta" [ngClass]="[32msecaoAberta[37m('obtido') ? 'bi-chevron-...
          ╵                              [32m~~~~~~~~~~~[0m

  Error occurs in the template of component ModeloChamadosComponent.

    src/app/wiki/pages/modelo-chamados/modelo-chamados.component.ts:9:15:
[37m      9 │   templateUrl: [32m'./modelo-chamados.component.html'[37m,
        ╵                [32m~~~~~~~~~~~~~~~~~~~~~~~~~~~~~~~~~~[0m


[31mX [41;31m[[41;97mERROR[41;31m][0m [1mNG9: Property 'secaoAberta' does not exist on type 'ModeloChamadosComponent'.[0m [1m[35m[plugin angular-compiler][0m

    src/app/wiki/pages/modelo-chamados/modelo-chamados.component.html:414:43:
[37m      414 │         <div class="mp-secao__body" *ngIf="[32msecaoAberta[37m('obtido')">
          ╵                                            [32m~~~~~~~~~~~[0m

  Error occurs in the template of component ModeloChamadosComponent.

    src/app/wiki/pages/modelo-chamados/modelo-chamados.component.ts:9:15:
[37m      9 │   templateUrl: [32m'./modelo-chamados.component.html'[37m,
        ╵                [32m~~~~~~~~~~~~~~~~~~~~~~~~~~~~~~~~~~[0m


[31mX [41;31m[[41;97mERROR[41;31m][0m [1mNG9: Property 'resultadoObtido' does not exist on type 'ModeloChamadosComponent'.[0m [1m[35m[plugin angular-compiler][0m

    src/app/wiki/pages/modelo-chamados/modelo-chamados.component.html:422:74:
[37m      422 │ ..." rows="4" [(ngModel)]="[32mresultadoObtido[37m" placeholder="Descreva...
          ╵                            [32m~~~~~~~~~~~~~~~[0m

  Error occurs in the template of component ModeloChamadosComponent.

    src/app/wiki/pages/modelo-chamados/modelo-chamados.component.ts:9:15:
[37m      9 │   templateUrl: [32m'./modelo-chamados.component.html'[37m,
        ╵                [32m~~~~~~~~~~~~~~~~~~~~~~~~~~~~~~~~~~[0m


[31mX [41;31m[[41;97mERROR[41;31m][0m [1mNG9: Property 'resultadoObtido' does not exist on type 'ModeloChamadosComponent'.[0m [1m[35m[plugin angular-compiler][0m

    src/app/wiki/pages/modelo-chamados/modelo-chamados.component.html:422:74:
[37m      422 │ ..." rows="4" [(ngModel)]="[32mresultadoObtido[37m" placeholder="Descreva...
          ╵                            [32m~~~~~~~~~~~~~~~[0m

  Error occurs in the template of component ModeloChamadosComponent.

    src/app/wiki/pages/modelo-chamados/modelo-chamados.component.ts:9:15:
[37m      9 │   templateUrl: [32m'./modelo-chamados.component.html'[37m,
        ╵                [32m~~~~~~~~~~~~~~~~~~~~~~~~~~~~~~~~~~[0m


[31mX [41;31m[[41;97mERROR[41;31m][0m [1mNG9: Property 'tentouEnviar' does not exist on type 'ModeloChamadosComponent'.[0m [1m[35m[plugin angular-compiler][0m

    src/app/wiki/pages/modelo-chamados/modelo-chamados.component.html:423:43:
[37m      423 │ ...ss="mp-validacao" *ngIf="[32mtentouEnviar[37m && !criterioConcluido('o...
          ╵                             [32m~~~~~~~~~~~~[0m

  Error occurs in the template of component ModeloChamadosComponent.

    src/app/wiki/pages/modelo-chamados/modelo-chamados.component.ts:9:15:
[37m      9 │   templateUrl: [32m'./modelo-chamados.component.html'[37m,
        ╵                [32m~~~~~~~~~~~~~~~~~~~~~~~~~~~~~~~~~~[0m


[31mX [41;31m[[41;97mERROR[41;31m][0m [1mNG9: Property 'criterioConcluido' does not exist on type 'ModeloChamadosComponent'.[0m [1m[35m[plugin angular-compiler][0m

    src/app/wiki/pages/modelo-chamados/modelo-chamados.component.html:423:60:
[37m      423 │ ...-validacao" *ngIf="tentouEnviar && ![32mcriterioConcluido[37m('obtido')">
          ╵                                        [32m~~~~~~~~~~~~~~~~~[0m

  Error occurs in the template of component ModeloChamadosComponent.

    src/app/wiki/pages/modelo-chamados/modelo-chamados.component.ts:9:15:
[37m      9 │   templateUrl: [32m'./modelo-chamados.component.html'[37m,
        ╵                [32m~~~~~~~~~~~~~~~~~~~~~~~~~~~~~~~~~~[0m


[31mX [41;31m[[41;97mERROR[41;31m][0m [1mNG9: Property 'secaoPendente' does not exist on type 'ModeloChamadosComponent'.[0m [1m[35m[plugin angular-compiler][0m

    src/app/wiki/pages/modelo-chamados/modelo-chamados.component.html:431:36:
[37m      431 │         [class.mp-secao--pendente]="[32msecaoPendente[37m('impacto')"
          ╵                                     [32m~~~~~~~~~~~~~[0m

  Error occurs in the template of component ModeloChamadosComponent.

    src/app/wiki/pages/modelo-chamados/modelo-chamados.component.ts:9:15:
[37m      9 │   templateUrl: [32m'./modelo-chamados.component.html'[37m,
        ╵                [32m~~~~~~~~~~~~~~~~~~~~~~~~~~~~~~~~~~[0m


[31mX [41;31m[[41;97mERROR[41;31m][0m [1mNG9: Property 'secaoCompleta' does not exist on type 'ModeloChamadosComponent'.[0m [1m[35m[plugin angular-compiler][0m

    src/app/wiki/pages/modelo-chamados/modelo-chamados.component.html:432:36:
[37m      432 │         [class.mp-secao--completa]="[32msecaoCompleta[37m('impacto')">
          ╵                                     [32m~~~~~~~~~~~~~[0m

  Error occurs in the template of component ModeloChamadosComponent.

    src/app/wiki/pages/modelo-chamados/modelo-chamados.component.ts:9:15:
[37m      9 │   templateUrl: [32m'./modelo-chamados.component.html'[37m,
        ╵                [32m~~~~~~~~~~~~~~~~~~~~~~~~~~~~~~~~~~[0m


[31mX [41;31m[[41;97mERROR[41;31m][0m [1mNG9: Property 'toggleSecao' does not exist on type 'ModeloChamadosComponent'.[0m [1m[35m[plugin angular-compiler][0m

    src/app/wiki/pages/modelo-chamados/modelo-chamados.component.html:433:50:
[37m      433 │ ...header class="mp-secao__header" (click)="[32mtoggleSecao[37m('impacto')">
          ╵                                             [32m~~~~~~~~~~~[0m

  Error occurs in the template of component ModeloChamadosComponent.

    src/app/wiki/pages/modelo-chamados/modelo-chamados.component.ts:9:15:
[37m      9 │   templateUrl: [32m'./modelo-chamados.component.html'[37m,
        ╵                [32m~~~~~~~~~~~~~~~~~~~~~~~~~~~~~~~~~~[0m


[31mX [41;31m[[41;97mERROR[41;31m][0m [1mNG9: Property 'secaoAberta' does not exist on type 'ModeloChamadosComponent'.[0m [1m[35m[plugin angular-compiler][0m

    src/app/wiki/pages/modelo-chamados/modelo-chamados.component.html:438:50:
[37m      438 │ ...p-secao__seta" [ngClass]="[32msecaoAberta[37m('impacto') ? 'bi-chevron...
          ╵                              [32m~~~~~~~~~~~[0m

  Error occurs in the template of component ModeloChamadosComponent.

    src/app/wiki/pages/modelo-chamados/modelo-chamados.component.ts:9:15:
[37m      9 │   templateUrl: [32m'./modelo-chamados.component.html'[37m,
        ╵                [32m~~~~~~~~~~~~~~~~~~~~~~~~~~~~~~~~~~[0m


[31mX [41;31m[[41;97mERROR[41;31m][0m [1mNG9: Property 'secaoAberta' does not exist on type 'ModeloChamadosComponent'.[0m [1m[35m[plugin angular-compiler][0m

    src/app/wiki/pages/modelo-chamados/modelo-chamados.component.html:440:43:
[37m      440 │         <div class="mp-secao__body" *ngIf="[32msecaoAberta[37m('impacto')">
          ╵                                            [32m~~~~~~~~~~~[0m

  Error occurs in the template of component ModeloChamadosComponent.

    src/app/wiki/pages/modelo-chamados/modelo-chamados.component.ts:9:15:
[37m      9 │   templateUrl: [32m'./modelo-chamados.component.html'[37m,
        ╵                [32m~~~~~~~~~~~~~~~~~~~~~~~~~~~~~~~~~~[0m


[31mX [41;31m[[41;97mERROR[41;31m][0m [1mNG9: Property 'impactos' does not exist on type 'ModeloChamadosComponent'.[0m [1m[35m[plugin angular-compiler][0m

    src/app/wiki/pages/modelo-chamados/modelo-chamados.component.html:444:74:
[37m      444 │ ...p" [class.mp-chip--ativo]="[32mimpactos[37m['operacaoParada']" (click)...
          ╵                               [32m~~~~~~~~[0m

  Error occurs in the template of component ModeloChamadosComponent.

    src/app/wiki/pages/modelo-chamados/modelo-chamados.component.ts:9:15:
[37m      9 │   templateUrl: [32m'./modelo-chamados.component.html'[37m,
        ╵                [32m~~~~~~~~~~~~~~~~~~~~~~~~~~~~~~~~~~[0m


[31mX [41;31m[[41;97mERROR[41;31m][0m [1mNG9: Property 'toggle' does not exist on type 'ModeloChamadosComponent'.[0m [1m[35m[plugin angular-compiler][0m

    src/app/wiki/pages/modelo-chamados/modelo-chamados.component.html:444:111:
[37m      444 │ ...'operacaoParada']" (click)="[32mtoggle[37m(impactos, 'operacaoParada')...
          ╵                                [32m~~~~~~[0m

  Error occurs in the template of component ModeloChamadosComponent.

    src/app/wiki/pages/modelo-chamados/modelo-chamados.component.ts:9:15:
[37m      9 │   templateUrl: [32m'./modelo-chamados.component.html'[37m,
        ╵                [32m~~~~~~~~~~~~~~~~~~~~~~~~~~~~~~~~~~[0m


[31mX [41;31m[[41;97mERROR[41;31m][0m [1mNG9: Property 'impactos' does not exist on type 'ModeloChamadosComponent'.[0m [1m[35m[plugin angular-compiler][0m

    src/app/wiki/pages/modelo-chamados/modelo-chamados.component.html:444:118:
[37m      444 │ ...oParada']" (click)="toggle([32mimpactos[37m, 'operacaoParada')">Opera�...
          ╵                               [32m~~~~~~~~[0m

  Error occurs in the template of component ModeloChamadosComponent.

    src/app/wiki/pages/modelo-chamados/modelo-chamados.component.ts:9:15:
[37m      9 │   templateUrl: [32m'./modelo-chamados.component.html'[37m,
        ╵                [32m~~~~~~~~~~~~~~~~~~~~~~~~~~~~~~~~~~[0m


[31mX [41;31m[[41;97mERROR[41;31m][0m [1mNG9: Property 'impactos' does not exist on type 'ModeloChamadosComponent'.[0m [1m[35m[plugin angular-compiler][0m

    src/app/wiki/pages/modelo-chamados/modelo-chamados.component.html:445:74:
[37m      445 │ ...p" [class.mp-chip--ativo]="[32mimpactos[37m['financeiro']" (click)="to...
          ╵                               [32m~~~~~~~~[0m

  Error occurs in the template of component ModeloChamadosComponent.

    src/app/wiki/pages/modelo-chamados/modelo-chamados.component.ts:9:15:
[37m      9 │   templateUrl: [32m'./modelo-chamados.component.html'[37m,
        ╵                [32m~~~~~~~~~~~~~~~~~~~~~~~~~~~~~~~~~~[0m


[31mX [41;31m[[41;97mERROR[41;31m][0m [1mNG9: Property 'toggle' does not exist on type 'ModeloChamadosComponent'.[0m [1m[35m[plugin angular-compiler][0m

    src/app/wiki/pages/modelo-chamados/modelo-chamados.component.html:445:107:
[37m      445 │ ...tos['financeiro']" (click)="[32mtoggle[37m(impactos, 'financeiro')">Fi...
          ╵                                [32m~~~~~~[0m

  Error occurs in the template of component ModeloChamadosComponent.

    src/app/wiki/pages/modelo-chamados/modelo-chamados.component.ts:9:15:
[37m      9 │   templateUrl: [32m'./modelo-chamados.component.html'[37m,
        ╵                [32m~~~~~~~~~~~~~~~~~~~~~~~~~~~~~~~~~~[0m


[31mX [41;31m[[41;97mERROR[41;31m][0m [1mNG9: Property 'impactos' does not exist on type 'ModeloChamadosComponent'.[0m [1m[35m[plugin angular-compiler][0m

    src/app/wiki/pages/modelo-chamados/modelo-chamados.component.html:445:114:
[37m      445 │ ...anceiro']" (click)="toggle([32mimpactos[37m, 'financeiro')">Financeiro...
          ╵                               [32m~~~~~~~~[0m

  Error occurs in the template of component ModeloChamadosComponent.

    src/app/wiki/pages/modelo-chamados/modelo-chamados.component.ts:9:15:
[37m      9 │   templateUrl: [32m'./modelo-chamados.component.html'[37m,
        ╵                [32m~~~~~~~~~~~~~~~~~~~~~~~~~~~~~~~~~~[0m


[31mX [41;31m[[41;97mERROR[41;31m][0m [1mNG9: Property 'impactos' does not exist on type 'ModeloChamadosComponent'.[0m [1m[35m[plugin angular-compiler][0m

    src/app/wiki/pages/modelo-chamados/modelo-chamados.component.html:446:74:
[37m      446 │ ...p" [class.mp-chip--ativo]="[32mimpactos[37m['cobranca']" (click)="togg...
          ╵                               [32m~~~~~~~~[0m

  Error occurs in the template of component ModeloChamadosComponent.

    src/app/wiki/pages/modelo-chamados/modelo-chamados.component.ts:9:15:
[37m      9 │   templateUrl: [32m'./modelo-chamados.component.html'[37m,
        ╵                [32m~~~~~~~~~~~~~~~~~~~~~~~~~~~~~~~~~~[0m


[31mX [41;31m[[41;97mERROR[41;31m][0m [1mNG9: Property 'toggle' does not exist on type 'ModeloChamadosComponent'.[0m [1m[35m[plugin angular-compiler][0m

    src/app/wiki/pages/modelo-chamados/modelo-chamados.component.html:446:105:
[37m      446 │ ...actos['cobranca']" (click)="[32mtoggle[37m(impactos, 'cobranca')">Cobr...
          ╵                                [32m~~~~~~[0m

  Error occurs in the template of component ModeloChamadosComponent.

    src/app/wiki/pages/modelo-chamados/modelo-chamados.component.ts:9:15:
[37m      9 │   templateUrl: [32m'./modelo-chamados.component.html'[37m,
        ╵                [32m~~~~~~~~~~~~~~~~~~~~~~~~~~~~~~~~~~[0m


[31mX [41;31m[[41;97mERROR[41;31m][0m [1mNG9: Property 'impactos' does not exist on type 'ModeloChamadosComponent'.[0m [1m[35m[plugin angular-compiler][0m

    src/app/wiki/pages/modelo-chamados/modelo-chamados.component.html:446:112:
[37m      446 │ ...obranca']" (click)="toggle([32mimpactos[37m, 'cobranca')">Cobrança</b...
          ╵                               [32m~~~~~~~~[0m

  Error occurs in the template of component ModeloChamadosComponent.

    src/app/wiki/pages/modelo-chamados/modelo-chamados.component.ts:9:15:
[37m      9 │   templateUrl: [32m'./modelo-chamados.component.html'[37m,
        ╵                [32m~~~~~~~~~~~~~~~~~~~~~~~~~~~~~~~~~~[0m


[31mX [41;31m[[41;97mERROR[41;31m][0m [1mNG9: Property 'impactos' does not exist on type 'ModeloChamadosComponent'.[0m [1m[35m[plugin angular-compiler][0m

    src/app/wiki/pages/modelo-chamados/modelo-chamados.component.html:447:74:
[37m      447 │ ...p" [class.mp-chip--ativo]="[32mimpactos[37m['integracao']" (click)="to...
          ╵                               [32m~~~~~~~~[0m

  Error occurs in the template of component ModeloChamadosComponent.

    src/app/wiki/pages/modelo-chamados/modelo-chamados.component.ts:9:15:
[37m      9 │   templateUrl: [32m'./modelo-chamados.component.html'[37m,
        ╵                [32m~~~~~~~~~~~~~~~~~~~~~~~~~~~~~~~~~~[0m


[31mX [41;31m[[41;97mERROR[41;31m][0m [1mNG9: Property 'toggle' does not exist on type 'ModeloChamadosComponent'.[0m [1m[35m[plugin angular-compiler][0m

    src/app/wiki/pages/modelo-chamados/modelo-chamados.component.html:447:107:
[37m      447 │ ...tos['integracao']" (click)="[32mtoggle[37m(impactos, 'integracao')">In...
          ╵                                [32m~~~~~~[0m

  Error occurs in the template of component ModeloChamadosComponent.

    src/app/wiki/pages/modelo-chamados/modelo-chamados.component.ts:9:15:
[37m      9 │   templateUrl: [32m'./modelo-chamados.component.html'[37m,
        ╵                [32m~~~~~~~~~~~~~~~~~~~~~~~~~~~~~~~~~~[0m


[31mX [41;31m[[41;97mERROR[41;31m][0m [1mNG9: Property 'impactos' does not exist on type 'ModeloChamadosComponent'.[0m [1m[35m[plugin angular-compiler][0m

    src/app/wiki/pages/modelo-chamados/modelo-chamados.component.html:447:114:
[37m      447 │ ...egracao']" (click)="toggle([32mimpactos[37m, 'integracao')">Integraç�...
          ╵                               [32m~~~~~~~~[0m

  Error occurs in the template of component ModeloChamadosComponent.

    src/app/wiki/pages/modelo-chamados/modelo-chamados.component.ts:9:15:
[37m      9 │   templateUrl: [32m'./modelo-chamados.component.html'[37m,
        ╵                [32m~~~~~~~~~~~~~~~~~~~~~~~~~~~~~~~~~~[0m


[31mX [41;31m[[41;97mERROR[41;31m][0m [1mNG9: Property 'impactos' does not exist on type 'ModeloChamadosComponent'.[0m [1m[35m[plugin angular-compiler][0m

    src/app/wiki/pages/modelo-chamados/modelo-chamados.component.html:448:74:
[37m      448 │ ...p" [class.mp-chip--ativo]="[32mimpactos[37m['usuariosAfetados']" (clic...
          ╵                               [32m~~~~~~~~[0m

  Error occurs in the template of component ModeloChamadosComponent.

    src/app/wiki/pages/modelo-chamados/modelo-chamados.component.ts:9:15:
[37m      9 │   templateUrl: [32m'./modelo-chamados.component.html'[37m,
        ╵                [32m~~~~~~~~~~~~~~~~~~~~~~~~~~~~~~~~~~[0m


[31mX [41;31m[[41;97mERROR[41;31m][0m [1mNG9: Property 'toggle' does not exist on type 'ModeloChamadosComponent'.[0m [1m[35m[plugin angular-compiler][0m

    src/app/wiki/pages/modelo-chamados/modelo-chamados.component.html:448:113:
[37m      448 │ ...suariosAfetados']" (click)="[32mtoggle[37m(impactos, 'usuariosAfetados...
          ╵                                [32m~~~~~~[0m

  Error occurs in the template of component ModeloChamadosComponent.

    src/app/wiki/pages/modelo-chamados/modelo-chamados.component.ts:9:15:
[37m      9 │   templateUrl: [32m'./modelo-chamados.component.html'[37m,
        ╵                [32m~~~~~~~~~~~~~~~~~~~~~~~~~~~~~~~~~~[0m


[31mX [41;31m[[41;97mERROR[41;31m][0m [1mNG9: Property 'impactos' does not exist on type 'ModeloChamadosComponent'.[0m [1m[35m[plugin angular-compiler][0m

    src/app/wiki/pages/modelo-chamados/modelo-chamados.component.html:448:120:
[37m      448 │ ...fetados']" (click)="toggle([32mimpactos[37m, 'usuariosAfetados')">Quan...
          ╵                               [32m~~~~~~~~[0m

  Error occurs in the template of component ModeloChamadosComponent.

    src/app/wiki/pages/modelo-chamados/modelo-chamados.component.ts:9:15:
[37m      9 │   templateUrl: [32m'./modelo-chamados.component.html'[37m,
        ╵                [32m~~~~~~~~~~~~~~~~~~~~~~~~~~~~~~~~~~[0m


[31mX [41;31m[[41;97mERROR[41;31m][0m [1mNG9: Property 'impactos' does not exist on type 'ModeloChamadosComponent'.[0m [1m[35m[plugin angular-compiler][0m

    src/app/wiki/pages/modelo-chamados/modelo-chamados.component.html:449:74:
[37m      449 │ ...p" [class.mp-chip--ativo]="[32mimpactos[37m['possuiContorno']" (click)...
          ╵                               [32m~~~~~~~~[0m

  Error occurs in the template of component ModeloChamadosComponent.

    src/app/wiki/pages/modelo-chamados/modelo-chamados.component.ts:9:15:
[37m      9 │   templateUrl: [32m'./modelo-chamados.component.html'[37m,
        ╵                [32m~~~~~~~~~~~~~~~~~~~~~~~~~~~~~~~~~~[0m


[31mX [41;31m[[41;97mERROR[41;31m][0m [1mNG9: Property 'toggle' does not exist on type 'ModeloChamadosComponent'.[0m [1m[35m[plugin angular-compiler][0m

    src/app/wiki/pages/modelo-chamados/modelo-chamados.component.html:449:111:
[37m      449 │ ...'possuiContorno']" (click)="[32mtoggle[37m(impactos, 'possuiContorno')...
          ╵                                [32m~~~~~~[0m

  Error occurs in the template of component ModeloChamadosComponent.

    src/app/wiki/pages/modelo-chamados/modelo-chamados.component.ts:9:15:
[37m      9 │   templateUrl: [32m'./modelo-chamados.component.html'[37m,
        ╵                [32m~~~~~~~~~~~~~~~~~~~~~~~~~~~~~~~~~~[0m


[31mX [41;31m[[41;97mERROR[41;31m][0m [1mNG9: Property 'impactos' does not exist on type 'ModeloChamadosComponent'.[0m [1m[35m[plugin angular-compiler][0m

    src/app/wiki/pages/modelo-chamados/modelo-chamados.component.html:449:118:
[37m      449 │ ...ontorno']" (click)="toggle([32mimpactos[37m, 'possuiContorno')">Existe...
          ╵                               [32m~~~~~~~~[0m

  Error occurs in the template of component ModeloChamadosComponent.

    src/app/wiki/pages/modelo-chamados/modelo-chamados.component.ts:9:15:
[37m      9 │   templateUrl: [32m'./modelo-chamados.component.html'[37m,
        ╵                [32m~~~~~~~~~~~~~~~~~~~~~~~~~~~~~~~~~~[0m


[31mX [41;31m[[41;97mERROR[41;31m][0m [1mNG9: Property 'impactos' does not exist on type 'ModeloChamadosComponent'.[0m [1m[35m[plugin angular-compiler][0m

    src/app/wiki/pages/modelo-chamados/modelo-chamados.component.html:450:74:
[37m      450 │ ...p" [class.mp-chip--ativo]="[32mimpactos[37m['clienteConsegueTrabalhar'...
          ╵                               [32m~~~~~~~~[0m

  Error occurs in the template of component ModeloChamadosComponent.

    src/app/wiki/pages/modelo-chamados/modelo-chamados.component.ts:9:15:
[37m      9 │   templateUrl: [32m'./modelo-chamados.component.html'[37m,
        ╵                [32m~~~~~~~~~~~~~~~~~~~~~~~~~~~~~~~~~~[0m


[31mX [41;31m[[41;97mERROR[41;31m][0m [1mNG9: Property 'toggle' does not exist on type 'ModeloChamadosComponent'.[0m [1m[35m[plugin angular-compiler][0m

    src/app/wiki/pages/modelo-chamados/modelo-chamados.component.html:450:121:
[37m      450 │ ...nsegueTrabalhar']" (click)="[32mtoggle[37m(impactos, 'clienteConsegueT...
          ╵                                [32m~~~~~~[0m

  Error occurs in the template of component ModeloChamadosComponent.

    src/app/wiki/pages/modelo-chamados/modelo-chamados.component.ts:9:15:
[37m      9 │   templateUrl: [32m'./modelo-chamados.component.html'[37m,
        ╵                [32m~~~~~~~~~~~~~~~~~~~~~~~~~~~~~~~~~~[0m


[31mX [41;31m[[41;97mERROR[41;31m][0m [1mNG9: Property 'impactos' does not exist on type 'ModeloChamadosComponent'.[0m [1m[35m[plugin angular-compiler][0m

    src/app/wiki/pages/modelo-chamados/modelo-chamados.component.html:450:128:
[37m      450 │ ...abalhar']" (click)="toggle([32mimpactos[37m, 'clienteConsegueTrabalhar...
          ╵                               [32m~~~~~~~~[0m

  Error occurs in the template of component ModeloChamadosComponent.

    src/app/wiki/pages/modelo-chamados/modelo-chamados.component.ts:9:15:
[37m      9 │   templateUrl: [32m'./modelo-chamados.component.html'[37m,
        ╵                [32m~~~~~~~~~~~~~~~~~~~~~~~~~~~~~~~~~~[0m


[31mX [41;31m[[41;97mERROR[41;31m][0m [1mNG9: Property 'urgencia' does not exist on type 'ModeloChamadosComponent'.[0m [1m[35m[plugin angular-compiler][0m

    src/app/wiki/pages/modelo-chamados/modelo-chamados.component.html:456:52:
[37m      456 │               <select class="mp-input" [(ngModel)]="[32murgencia[37m">
          ╵                                                     [32m~~~~~~~~[0m

  Error occurs in the template of component ModeloChamadosComponent.

    src/app/wiki/pages/modelo-chamados/modelo-chamados.component.ts:9:15:
[37m      9 │   templateUrl: [32m'./modelo-chamados.component.html'[37m,
        ╵                [32m~~~~~~~~~~~~~~~~~~~~~~~~~~~~~~~~~~[0m


[31mX [41;31m[[41;97mERROR[41;31m][0m [1mNG9: Property 'urgencia' does not exist on type 'ModeloChamadosComponent'.[0m [1m[35m[plugin angular-compiler][0m

    src/app/wiki/pages/modelo-chamados/modelo-chamados.component.html:456:52:
[37m      456 │               <select class="mp-input" [(ngModel)]="[32murgencia[37m">
          ╵                                                     [32m~~~~~~~~[0m

  Error occurs in the template of component ModeloChamadosComponent.

    src/app/wiki/pages/modelo-chamados/modelo-chamados.component.ts:9:15:
[37m      9 │   templateUrl: [32m'./modelo-chamados.component.html'[37m,
        ╵                [32m~~~~~~~~~~~~~~~~~~~~~~~~~~~~~~~~~~[0m


[31mX [41;31m[[41;97mERROR[41;31m][0m [1mNG9: Property 'impactoDetalhe' does not exist on type 'ModeloChamadosComponent'.[0m [1m[35m[plugin angular-compiler][0m

    src/app/wiki/pages/modelo-chamados/modelo-chamados.component.html:466:63:
[37m      466 │ ..."mp-input" [(ngModel)]="[32mimpactoDetalhe[37m" placeholder="Ex.: 12 u...
          ╵                            [32m~~~~~~~~~~~~~~[0m

  Error occurs in the template of component ModeloChamadosComponent.

    src/app/wiki/pages/modelo-chamados/modelo-chamados.component.ts:9:15:
[37m      9 │   templateUrl: [32m'./modelo-chamados.component.html'[37m,
        ╵                [32m~~~~~~~~~~~~~~~~~~~~~~~~~~~~~~~~~~[0m


[31mX [41;31m[[41;97mERROR[41;31m][0m [1mNG9: Property 'impactoDetalhe' does not exist on type 'ModeloChamadosComponent'.[0m [1m[35m[plugin angular-compiler][0m

    src/app/wiki/pages/modelo-chamados/modelo-chamados.component.html:466:63:
[37m      466 │ ..."mp-input" [(ngModel)]="[32mimpactoDetalhe[37m" placeholder="Ex.: 12 u...
          ╵                            [32m~~~~~~~~~~~~~~[0m

  Error occurs in the template of component ModeloChamadosComponent.

    src/app/wiki/pages/modelo-chamados/modelo-chamados.component.ts:9:15:
[37m      9 │   templateUrl: [32m'./modelo-chamados.component.html'[37m,
        ╵                [32m~~~~~~~~~~~~~~~~~~~~~~~~~~~~~~~~~~[0m


[31mX [41;31m[[41;97mERROR[41;31m][0m [1mNG9: Property 'tentouEnviar' does not exist on type 'ModeloChamadosComponent'.[0m [1m[35m[plugin angular-compiler][0m

    src/app/wiki/pages/modelo-chamados/modelo-chamados.component.html:470:43:
[37m      470 │ ...ss="mp-validacao" *ngIf="[32mtentouEnviar[37m && !criterioConcluido('i...
          ╵                             [32m~~~~~~~~~~~~[0m

  Error occurs in the template of component ModeloChamadosComponent.

    src/app/wiki/pages/modelo-chamados/modelo-chamados.component.ts:9:15:
[37m      9 │   templateUrl: [32m'./modelo-chamados.component.html'[37m,
        ╵                [32m~~~~~~~~~~~~~~~~~~~~~~~~~~~~~~~~~~[0m


[31mX [41;31m[[41;97mERROR[41;31m][0m [1mNG9: Property 'criterioConcluido' does not exist on type 'ModeloChamadosComponent'.[0m [1m[35m[plugin angular-compiler][0m

    src/app/wiki/pages/modelo-chamados/modelo-chamados.component.html:470:60:
[37m      470 │ ...validacao" *ngIf="tentouEnviar && ![32mcriterioConcluido[37m('impacto')">
          ╵                                       [32m~~~~~~~~~~~~~~~~~[0m

  Error occurs in the template of component ModeloChamadosComponent.

    src/app/wiki/pages/modelo-chamados/modelo-chamados.component.ts:9:15:
[37m      9 │   templateUrl: [32m'./modelo-chamados.component.html'[37m,
        ╵                [32m~~~~~~~~~~~~~~~~~~~~~~~~~~~~~~~~~~[0m


[31mX [41;31m[[41;97mERROR[41;31m][0m [1mNG9: Property 'secaoPendente' does not exist on type 'ModeloChamadosComponent'.[0m [1m[35m[plugin angular-compiler][0m

    src/app/wiki/pages/modelo-chamados/modelo-chamados.component.html:478:36:
[37m      478 │         [class.mp-secao--pendente]="[32msecaoPendente[37m('validacoes')"
          ╵                                     [32m~~~~~~~~~~~~~[0m

  Error occurs in the template of component ModeloChamadosComponent.

    src/app/wiki/pages/modelo-chamados/modelo-chamados.component.ts:9:15:
[37m      9 │   templateUrl: [32m'./modelo-chamados.component.html'[37m,
        ╵                [32m~~~~~~~~~~~~~~~~~~~~~~~~~~~~~~~~~~[0m


[31mX [41;31m[[41;97mERROR[41;31m][0m [1mNG9: Property 'secaoCompleta' does not exist on type 'ModeloChamadosComponent'.[0m [1m[35m[plugin angular-compiler][0m

    src/app/wiki/pages/modelo-chamados/modelo-chamados.component.html:479:36:
[37m      479 │         [class.mp-secao--completa]="[32msecaoCompleta[37m('validacoes')">
          ╵                                     [32m~~~~~~~~~~~~~[0m

  Error occurs in the template of component ModeloChamadosComponent.

    src/app/wiki/pages/modelo-chamados/modelo-chamados.component.ts:9:15:
[37m      9 │   templateUrl: [32m'./modelo-chamados.component.html'[37m,
        ╵                [32m~~~~~~~~~~~~~~~~~~~~~~~~~~~~~~~~~~[0m


[31mX [41;31m[[41;97mERROR[41;31m][0m [1mNG9: Property 'toggleSecao' does not exist on type 'ModeloChamadosComponent'.[0m [1m[35m[plugin angular-compiler][0m

    src/app/wiki/pages/modelo-chamados/modelo-chamados.component.html:480:50:
[37m      480 │ ...der class="mp-secao__header" (click)="[32mtoggleSecao[37m('validacoes')">
          ╵                                          [32m~~~~~~~~~~~[0m

  Error occurs in the template of component ModeloChamadosComponent.

    src/app/wiki/pages/modelo-chamados/modelo-chamados.component.ts:9:15:
[37m      9 │   templateUrl: [32m'./modelo-chamados.component.html'[37m,
        ╵                [32m~~~~~~~~~~~~~~~~~~~~~~~~~~~~~~~~~~[0m


[31mX [41;31m[[41;97mERROR[41;31m][0m [1mNG9: Property 'secaoAberta' does not exist on type 'ModeloChamadosComponent'.[0m [1m[35m[plugin angular-compiler][0m

    src/app/wiki/pages/modelo-chamados/modelo-chamados.component.html:485:50:
[37m      485 │ ...p-secao__seta" [ngClass]="[32msecaoAberta[37m('validacoes') ? 'bi-chev...
          ╵                              [32m~~~~~~~~~~~[0m

  Error occurs in the template of component ModeloChamadosComponent.

    src/app/wiki/pages/modelo-chamados/modelo-chamados.component.ts:9:15:
[37m      9 │   templateUrl: [32m'./modelo-chamados.component.html'[37m,
        ╵                [32m~~~~~~~~~~~~~~~~~~~~~~~~~~~~~~~~~~[0m


[31mX [41;31m[[41;97mERROR[41;31m][0m [1mNG9: Property 'secaoAberta' does not exist on type 'ModeloChamadosComponent'.[0m [1m[35m[plugin angular-compiler][0m

    src/app/wiki/pages/modelo-chamados/modelo-chamados.component.html:487:43:
[37m      487 │ ...   <div class="mp-secao__body" *ngIf="[32msecaoAberta[37m('validacoes')">
          ╵                                          [32m~~~~~~~~~~~[0m

  Error occurs in the template of component ModeloChamadosComponent.

    src/app/wiki/pages/modelo-chamados/modelo-chamados.component.ts:9:15:
[37m      9 │   templateUrl: [32m'./modelo-chamados.component.html'[37m,
        ╵                [32m~~~~~~~~~~~~~~~~~~~~~~~~~~~~~~~~~~[0m


[31mX [41;31m[[41;97mERROR[41;31m][0m [1mNG9: Property 'validacoes' does not exist on type 'ModeloChamadosComponent'.[0m [1m[35m[plugin angular-compiler][0m

    src/app/wiki/pages/modelo-chamados/modelo-chamados.component.html:491:72:
[37m      491 │ ...e="checkbox" [(ngModel)]="[32mvalidacoes[37m['reproduzido']" /><span>R...
          ╵                              [32m~~~~~~~~~~[0m

  Error occurs in the template of component ModeloChamadosComponent.

    src/app/wiki/pages/modelo-chamados/modelo-chamados.component.ts:9:15:
[37m      9 │   templateUrl: [32m'./modelo-chamados.component.html'[37m,
        ╵                [32m~~~~~~~~~~~~~~~~~~~~~~~~~~~~~~~~~~[0m


[31mX [41;31m[[41;97mERROR[41;31m][0m [1mNG9: Property 'validacoes' does not exist on type 'ModeloChamadosComponent'.[0m [1m[35m[plugin angular-compiler][0m

    src/app/wiki/pages/modelo-chamados/modelo-chamados.component.html:491:72:
[37m      491 │ ...e="checkbox" [(ngModel)]="[32mvalidacoes[37m['reproduzido']" /><span>R...
          ╵                              [32m~~~~~~~~~~[0m

  Error occurs in the template of component ModeloChamadosComponent.

    src/app/wiki/pages/modelo-chamados/modelo-chamados.component.ts:9:15:
[37m      9 │   templateUrl: [32m'./modelo-chamados.component.html'[37m,
        ╵                [32m~~~~~~~~~~~~~~~~~~~~~~~~~~~~~~~~~~[0m


[31mX [41;31m[[41;97mERROR[41;31m][0m [1mNG9: Property 'validacoes' does not exist on type 'ModeloChamadosComponent'.[0m [1m[35m[plugin angular-compiler][0m

    src/app/wiki/pages/modelo-chamados/modelo-chamados.component.html:492:72:
[37m      492 │ ...e="checkbox" [(ngModel)]="[32mvalidacoes[37m['outroUsuario']" /><span>...
          ╵                              [32m~~~~~~~~~~[0m

  Error occurs in the template of component ModeloChamadosComponent.

    src/app/wiki/pages/modelo-chamados/modelo-chamados.component.ts:9:15:
[37m      9 │   templateUrl: [32m'./modelo-chamados.component.html'[37m,
        ╵                [32m~~~~~~~~~~~~~~~~~~~~~~~~~~~~~~~~~~[0m


[31mX [41;31m[[41;97mERROR[41;31m][0m [1mNG9: Property 'validacoes' does not exist on type 'ModeloChamadosComponent'.[0m [1m[35m[plugin angular-compiler][0m

    src/app/wiki/pages/modelo-chamados/modelo-chamados.component.html:492:72:
[37m      492 │ ...e="checkbox" [(ngModel)]="[32mvalidacoes[37m['outroUsuario']" /><span>...
          ╵                              [32m~~~~~~~~~~[0m

  Error occurs in the template of component ModeloChamadosComponent.

    src/app/wiki/pages/modelo-chamados/modelo-chamados.component.ts:9:15:
[37m      9 │   templateUrl: [32m'./modelo-chamados.component.html'[37m,
        ╵                [32m~~~~~~~~~~~~~~~~~~~~~~~~~~~~~~~~~~[0m


[31mX [41;31m[[41;97mERROR[41;31m][0m [1mNG9: Property 'validacoes' does not exist on type 'ModeloChamadosComponent'.[0m [1m[35m[plugin angular-compiler][0m

    src/app/wiki/pages/modelo-chamados/modelo-chamados.component.html:493:72:
[37m      493 │ ...e="checkbox" [(ngModel)]="[32mvalidacoes[37m['outroNavegador']" /><spa...
          ╵                              [32m~~~~~~~~~~[0m

  Error occurs in the template of component ModeloChamadosComponent.

    src/app/wiki/pages/modelo-chamados/modelo-chamados.component.ts:9:15:
[37m      9 │   templateUrl: [32m'./modelo-chamados.component.html'[37m,
        ╵                [32m~~~~~~~~~~~~~~~~~~~~~~~~~~~~~~~~~~[0m


[31mX [41;31m[[41;97mERROR[41;31m][0m [1mNG9: Property 'validacoes' does not exist on type 'ModeloChamadosComponent'.[0m [1m[35m[plugin angular-compiler][0m

    src/app/wiki/pages/modelo-chamados/modelo-chamados.component.html:493:72:
[37m      493 │ ...e="checkbox" [(ngModel)]="[32mvalidacoes[37m['outroNavegador']" /><spa...
          ╵                              [32m~~~~~~~~~~[0m

  Error occurs in the template of component ModeloChamadosComponent.

    src/app/wiki/pages/modelo-chamados/modelo-chamados.component.ts:9:15:
[37m      9 │   templateUrl: [32m'./modelo-chamados.component.html'[37m,
        ╵                [32m~~~~~~~~~~~~~~~~~~~~~~~~~~~~~~~~~~[0m


[31mX [41;31m[[41;97mERROR[41;31m][0m [1mNG9: Property 'validacoes' does not exist on type 'ModeloChamadosComponent'.[0m [1m[35m[plugin angular-compiler][0m

    src/app/wiki/pages/modelo-chamados/modelo-chamados.component.html:494:72:
[37m      494 │ ...e="checkbox" [(ngModel)]="[32mvalidacoes[37m['cacheLimpo']" /><span>Ca...
          ╵                              [32m~~~~~~~~~~[0m

  Error occurs in the template of component ModeloChamadosComponent.

    src/app/wiki/pages/modelo-chamados/modelo-chamados.component.ts:9:15:
[37m      9 │   templateUrl: [32m'./modelo-chamados.component.html'[37m,
        ╵                [32m~~~~~~~~~~~~~~~~~~~~~~~~~~~~~~~~~~[0m


[31mX [41;31m[[41;97mERROR[41;31m][0m [1mNG9: Property 'validacoes' does not exist on type 'ModeloChamadosComponent'.[0m [1m[35m[plugin angular-compiler][0m

    src/app/wiki/pages/modelo-chamados/modelo-chamados.component.html:494:72:
[37m      494 │ ...e="checkbox" [(ngModel)]="[32mvalidacoes[37m['cacheLimpo']" /><span>Ca...
          ╵                              [32m~~~~~~~~~~[0m

  Error occurs in the template of component ModeloChamadosComponent.

    src/app/wiki/pages/modelo-chamados/modelo-chamados.component.ts:9:15:
[37m      9 │   templateUrl: [32m'./modelo-chamados.component.html'[37m,
        ╵                [32m~~~~~~~~~~~~~~~~~~~~~~~~~~~~~~~~~~[0m


[31mX [41;31m[[41;97mERROR[41;31m][0m [1mNG9: Property 'validacoes' does not exist on type 'ModeloChamadosComponent'.[0m [1m[35m[plugin angular-compiler][0m

    src/app/wiki/pages/modelo-chamados/modelo-chamados.component.html:495:72:
[37m      495 │ ...e="checkbox" [(ngModel)]="[32mvalidacoes[37m['iisReiniciado']" /><span...
          ╵                              [32m~~~~~~~~~~[0m

  Error occurs in the template of component ModeloChamadosComponent.

    src/app/wiki/pages/modelo-chamados/modelo-chamados.component.ts:9:15:
[37m      9 │   templateUrl: [32m'./modelo-chamados.component.html'[37m,
        ╵                [32m~~~~~~~~~~~~~~~~~~~~~~~~~~~~~~~~~~[0m


[31mX [41;31m[[41;97mERROR[41;31m][0m [1mNG9: Property 'validacoes' does not exist on type 'ModeloChamadosComponent'.[0m [1m[35m[plugin angular-compiler][0m

    src/app/wiki/pages/modelo-chamados/modelo-chamados.component.html:495:72:
[37m      495 │ ...e="checkbox" [(ngModel)]="[32mvalidacoes[37m['iisReiniciado']" /><span...
          ╵                              [32m~~~~~~~~~~[0m

  Error occurs in the template of component ModeloChamadosComponent.

    src/app/wiki/pages/modelo-chamados/modelo-chamados.component.ts:9:15:
[37m      9 │   templateUrl: [32m'./modelo-chamados.component.html'[37m,
        ╵                [32m~~~~~~~~~~~~~~~~~~~~~~~~~~~~~~~~~~[0m


[31mX [41;31m[[41;97mERROR[41;31m][0m [1mNG9: Property 'validacoes' does not exist on type 'ModeloChamadosComponent'.[0m [1m[35m[plugin angular-compiler][0m

    src/app/wiki/pages/modelo-chamados/modelo-chamados.component.html:496:72:
[37m      496 │ ...e="checkbox" [(ngModel)]="[32mvalidacoes[37m['servicosConferidos']" />...
          ╵                              [32m~~~~~~~~~~[0m

  Error occurs in the template of component ModeloChamadosComponent.

    src/app/wiki/pages/modelo-chamados/modelo-chamados.component.ts:9:15:
[37m      9 │   templateUrl: [32m'./modelo-chamados.component.html'[37m,
        ╵                [32m~~~~~~~~~~~~~~~~~~~~~~~~~~~~~~~~~~[0m


[31mX [41;31m[[41;97mERROR[41;31m][0m [1mNG9: Property 'validacoes' does not exist on type 'ModeloChamadosComponent'.[0m [1m[35m[plugin angular-compiler][0m

    src/app/wiki/pages/modelo-chamados/modelo-chamados.component.html:496:72:
[37m      496 │ ...e="checkbox" [(ngModel)]="[32mvalidacoes[37m['servicosConferidos']" />...
          ╵                              [32m~~~~~~~~~~[0m

  Error occurs in the template of component ModeloChamadosComponent.

    src/app/wiki/pages/modelo-chamados/modelo-chamados.component.ts:9:15:
[37m      9 │   templateUrl: [32m'./modelo-chamados.component.html'[37m,
        ╵                [32m~~~~~~~~~~~~~~~~~~~~~~~~~~~~~~~~~~[0m


[31mX [41;31m[[41;97mERROR[41;31m][0m [1mNG9: Property 'validacoes' does not exist on type 'ModeloChamadosComponent'.[0m [1m[35m[plugin angular-compiler][0m

    src/app/wiki/pages/modelo-chamados/modelo-chamados.component.html:497:72:
[37m      497 │ ...e="checkbox" [(ngModel)]="[32mvalidacoes[37m['sqlValidado']" /><span>S...
          ╵                              [32m~~~~~~~~~~[0m

  Error occurs in the template of component ModeloChamadosComponent.

    src/app/wiki/pages/modelo-chamados/modelo-chamados.component.ts:9:15:
[37m      9 │   templateUrl: [32m'./modelo-chamados.component.html'[37m,
        ╵                [32m~~~~~~~~~~~~~~~~~~~~~~~~~~~~~~~~~~[0m


[31mX [41;31m[[41;97mERROR[41;31m][0m [1mNG9: Property 'validacoes' does not exist on type 'ModeloChamadosComponent'.[0m [1m[35m[plugin angular-compiler][0m

    src/app/wiki/pages/modelo-chamados/modelo-chamados.component.html:497:72:
[37m      497 │ ...e="checkbox" [(ngModel)]="[32mvalidacoes[37m['sqlValidado']" /><span>S...
          ╵                              [32m~~~~~~~~~~[0m

  Error occurs in the template of component ModeloChamadosComponent.

    src/app/wiki/pages/modelo-chamados/modelo-chamados.component.ts:9:15:
[37m      9 │   templateUrl: [32m'./modelo-chamados.component.html'[37m,
        ╵                [32m~~~~~~~~~~~~~~~~~~~~~~~~~~~~~~~~~~[0m


[31mX [41;31m[[41;97mERROR[41;31m][0m [1mNG9: Property 'validacoes' does not exist on type 'ModeloChamadosComponent'.[0m [1m[35m[plugin angular-compiler][0m

    src/app/wiki/pages/modelo-chamados/modelo-chamados.component.html:498:72:
[37m      498 │ ...e="checkbox" [(ngModel)]="[32mvalidacoes[37m['bancoConferido']" /><spa...
          ╵                              [32m~~~~~~~~~~[0m

  Error occurs in the template of component ModeloChamadosComponent.

    src/app/wiki/pages/modelo-chamados/modelo-chamados.component.ts:9:15:
[37m      9 │   templateUrl: [32m'./modelo-chamados.component.html'[37m,
        ╵                [32m~~~~~~~~~~~~~~~~~~~~~~~~~~~~~~~~~~[0m


[31mX [41;31m[[41;97mERROR[41;31m][0m [1mNG9: Property 'validacoes' does not exist on type 'ModeloChamadosComponent'.[0m [1m[35m[plugin angular-compiler][0m

    src/app/wiki/pages/modelo-chamados/modelo-chamados.component.html:498:72:
[37m      498 │ ...e="checkbox" [(ngModel)]="[32mvalidacoes[37m['bancoConferido']" /><spa...
          ╵                              [32m~~~~~~~~~~[0m

  Error occurs in the template of component ModeloChamadosComponent.

    src/app/wiki/pages/modelo-chamados/modelo-chamados.component.ts:9:15:
[37m      9 │   templateUrl: [32m'./modelo-chamados.component.html'[37m,
        ╵                [32m~~~~~~~~~~~~~~~~~~~~~~~~~~~~~~~~~~[0m


[31mX [41;31m[[41;97mERROR[41;31m][0m [1mNG9: Property 'validacoes' does not exist on type 'ModeloChamadosComponent'.[0m [1m[35m[plugin angular-compiler][0m

    src/app/wiki/pages/modelo-chamados/modelo-chamados.component.html:499:72:
[37m      499 │ ...e="checkbox" [(ngModel)]="[32mvalidacoes[37m['configRevisada']" /><spa...
          ╵                              [32m~~~~~~~~~~[0m

  Error occurs in the template of component ModeloChamadosComponent.

    src/app/wiki/pages/modelo-chamados/modelo-chamados.component.ts:9:15:
[37m      9 │   templateUrl: [32m'./modelo-chamados.component.html'[37m,
        ╵                [32m~~~~~~~~~~~~~~~~~~~~~~~~~~~~~~~~~~[0m


[31mX [41;31m[[41;97mERROR[41;31m][0m [1mNG9: Property 'validacoes' does not exist on type 'ModeloChamadosComponent'.[0m [1m[35m[plugin angular-compiler][0m

    src/app/wiki/pages/modelo-chamados/modelo-chamados.component.html:499:72:
[37m      499 │ ...e="checkbox" [(ngModel)]="[32mvalidacoes[37m['configRevisada']" /><spa...
          ╵                              [32m~~~~~~~~~~[0m

  Error occurs in the template of component ModeloChamadosComponent.

    src/app/wiki/pages/modelo-chamados/modelo-chamados.component.ts:9:15:
[37m      9 │   templateUrl: [32m'./modelo-chamados.component.html'[37m,
        ╵                [32m~~~~~~~~~~~~~~~~~~~~~~~~~~~~~~~~~~[0m


[31mX [41;31m[[41;97mERROR[41;31m][0m [1mNG9: Property 'validacoes' does not exist on type 'ModeloChamadosComponent'.[0m [1m[35m[plugin angular-compiler][0m

    src/app/wiki/pages/modelo-chamados/modelo-chamados.component.html:500:72:
[37m      500 │ ...e="checkbox" [(ngModel)]="[32mvalidacoes[37m['permissoesRevisadas']" /...
          ╵                              [32m~~~~~~~~~~[0m

  Error occurs in the template of component ModeloChamadosComponent.

    src/app/wiki/pages/modelo-chamados/modelo-chamados.component.ts:9:15:
[37m      9 │   templateUrl: [32m'./modelo-chamados.component.html'[37m,
        ╵                [32m~~~~~~~~~~~~~~~~~~~~~~~~~~~~~~~~~~[0m


[31mX [41;31m[[41;97mERROR[41;31m][0m [1mNG9: Property 'validacoes' does not exist on type 'ModeloChamadosComponent'.[0m [1m[35m[plugin angular-compiler][0m

    src/app/wiki/pages/modelo-chamados/modelo-chamados.component.html:500:72:
[37m      500 │ ...e="checkbox" [(ngModel)]="[32mvalidacoes[37m['permissoesRevisadas']" /...
          ╵                              [32m~~~~~~~~~~[0m

  Error occurs in the template of component ModeloChamadosComponent.

    src/app/wiki/pages/modelo-chamados/modelo-chamados.component.ts:9:15:
[37m      9 │   templateUrl: [32m'./modelo-chamados.component.html'[37m,
        ╵                [32m~~~~~~~~~~~~~~~~~~~~~~~~~~~~~~~~~~[0m


[31mX [41;31m[[41;97mERROR[41;31m][0m [1mNG9: Property 'validacoes' does not exist on type 'ModeloChamadosComponent'.[0m [1m[35m[plugin angular-compiler][0m

    src/app/wiki/pages/modelo-chamados/modelo-chamados.component.html:501:72:
[37m      501 │ ...e="checkbox" [(ngModel)]="[32mvalidacoes[37m['perfilRevisado']" /><spa...
          ╵                              [32m~~~~~~~~~~[0m

  Error occurs in the template of component ModeloChamadosComponent.

    src/app/wiki/pages/modelo-chamados/modelo-chamados.component.ts:9:15:
[37m      9 │   templateUrl: [32m'./modelo-chamados.component.html'[37m,
        ╵                [32m~~~~~~~~~~~~~~~~~~~~~~~~~~~~~~~~~~[0m


[31mX [41;31m[[41;97mERROR[41;31m][0m [1mNG9: Property 'validacoes' does not exist on type 'ModeloChamadosComponent'.[0m [1m[35m[plugin angular-compiler][0m

    src/app/wiki/pages/modelo-chamados/modelo-chamados.component.html:501:72:
[37m      501 │ ...e="checkbox" [(ngModel)]="[32mvalidacoes[37m['perfilRevisado']" /><spa...
          ╵                              [32m~~~~~~~~~~[0m

  Error occurs in the template of component ModeloChamadosComponent.

    src/app/wiki/pages/modelo-chamados/modelo-chamados.component.ts:9:15:
[37m      9 │   templateUrl: [32m'./modelo-chamados.component.html'[37m,
        ╵                [32m~~~~~~~~~~~~~~~~~~~~~~~~~~~~~~~~~~[0m


[31mX [41;31m[[41;97mERROR[41;31m][0m [1mNG9: Property 'validacoes' does not exist on type 'ModeloChamadosComponent'.[0m [1m[35m[plugin angular-compiler][0m

    src/app/wiki/pages/modelo-chamados/modelo-chamados.component.html:502:72:
[37m      502 │ ...e="checkbox" [(ngModel)]="[32mvalidacoes[37m['documentacaoConsultada']...
          ╵                              [32m~~~~~~~~~~[0m

  Error occurs in the template of component ModeloChamadosComponent.

    src/app/wiki/pages/modelo-chamados/modelo-chamados.component.ts:9:15:
[37m      9 │   templateUrl: [32m'./modelo-chamados.component.html'[37m,
        ╵                [32m~~~~~~~~~~~~~~~~~~~~~~~~~~~~~~~~~~[0m


[31mX [41;31m[[41;97mERROR[41;31m][0m [1mNG9: Property 'validacoes' does not exist on type 'ModeloChamadosComponent'.[0m [1m[35m[plugin angular-compiler][0m

    src/app/wiki/pages/modelo-chamados/modelo-chamados.component.html:502:72:
[37m      502 │ ...e="checkbox" [(ngModel)]="[32mvalidacoes[37m['documentacaoConsultada']...
          ╵                              [32m~~~~~~~~~~[0m

  Error occurs in the template of component ModeloChamadosComponent.

    src/app/wiki/pages/modelo-chamados/modelo-chamados.component.ts:9:15:
[37m      9 │   templateUrl: [32m'./modelo-chamados.component.html'[37m,
        ╵                [32m~~~~~~~~~~~~~~~~~~~~~~~~~~~~~~~~~~[0m


[31mX [41;31m[[41;97mERROR[41;31m][0m [1mNG9: Property 'validacoes' does not exist on type 'ModeloChamadosComponent'.[0m [1m[35m[plugin angular-compiler][0m

    src/app/wiki/pages/modelo-chamados/modelo-chamados.component.html:503:72:
[37m      503 │ ...e="checkbox" [(ngModel)]="[32mvalidacoes[37m['chamadosPesquisados']" /...
          ╵                              [32m~~~~~~~~~~[0m

  Error occurs in the template of component ModeloChamadosComponent.

    src/app/wiki/pages/modelo-chamados/modelo-chamados.component.ts:9:15:
[37m      9 │   templateUrl: [32m'./modelo-chamados.component.html'[37m,
        ╵                [32m~~~~~~~~~~~~~~~~~~~~~~~~~~~~~~~~~~[0m


[31mX [41;31m[[41;97mERROR[41;31m][0m [1mNG9: Property 'validacoes' does not exist on type 'ModeloChamadosComponent'.[0m [1m[35m[plugin angular-compiler][0m

    src/app/wiki/pages/modelo-chamados/modelo-chamados.component.html:503:72:
[37m      503 │ ...e="checkbox" [(ngModel)]="[32mvalidacoes[37m['chamadosPesquisados']" /...
          ╵                              [32m~~~~~~~~~~[0m

  Error occurs in the template of component ModeloChamadosComponent.

    src/app/wiki/pages/modelo-chamados/modelo-chamados.component.ts:9:15:
[37m      9 │   templateUrl: [32m'./modelo-chamados.component.html'[37m,
        ╵                [32m~~~~~~~~~~~~~~~~~~~~~~~~~~~~~~~~~~[0m


[31mX [41;31m[[41;97mERROR[41;31m][0m [1mNG9: Property 'validacoes' does not exist on type 'ModeloChamadosComponent'.[0m [1m[35m[plugin angular-compiler][0m

    src/app/wiki/pages/modelo-chamados/modelo-chamados.component.html:504:72:
[37m      504 │ ...e="checkbox" [(ngModel)]="[32mvalidacoes[37m['homologacaoTestada']" />...
          ╵                              [32m~~~~~~~~~~[0m

  Error occurs in the template of component ModeloChamadosComponent.

    src/app/wiki/pages/modelo-chamados/modelo-chamados.component.ts:9:15:
[37m      9 │   templateUrl: [32m'./modelo-chamados.component.html'[37m,
        ╵                [32m~~~~~~~~~~~~~~~~~~~~~~~~~~~~~~~~~~[0m


[31mX [41;31m[[41;97mERROR[41;31m][0m [1mNG9: Property 'validacoes' does not exist on type 'ModeloChamadosComponent'.[0m [1m[35m[plugin angular-compiler][0m

    src/app/wiki/pages/modelo-chamados/modelo-chamados.component.html:504:72:
[37m      504 │ ...e="checkbox" [(ngModel)]="[32mvalidacoes[37m['homologacaoTestada']" />...
          ╵                              [32m~~~~~~~~~~[0m

  Error occurs in the template of component ModeloChamadosComponent.

    src/app/wiki/pages/modelo-chamados/modelo-chamados.component.ts:9:15:
[37m      9 │   templateUrl: [32m'./modelo-chamados.component.html'[37m,
        ╵                [32m~~~~~~~~~~~~~~~~~~~~~~~~~~~~~~~~~~[0m


[31mX [41;31m[[41;97mERROR[41;31m][0m [1mNG9: Property 'validacoes' does not exist on type 'ModeloChamadosComponent'.[0m [1m[35m[plugin angular-compiler][0m

    src/app/wiki/pages/modelo-chamados/modelo-chamados.component.html:505:72:
[37m      505 │ ...e="checkbox" [(ngModel)]="[32mvalidacoes[37m['producaoValidada']" /><s...
          ╵                              [32m~~~~~~~~~~[0m

  Error occurs in the template of component ModeloChamadosComponent.

    src/app/wiki/pages/modelo-chamados/modelo-chamados.component.ts:9:15:
[37m      9 │   templateUrl: [32m'./modelo-chamados.component.html'[37m,
        ╵                [32m~~~~~~~~~~~~~~~~~~~~~~~~~~~~~~~~~~[0m


[31mX [41;31m[[41;97mERROR[41;31m][0m [1mNG9: Property 'validacoes' does not exist on type 'ModeloChamadosComponent'.[0m [1m[35m[plugin angular-compiler][0m

    src/app/wiki/pages/modelo-chamados/modelo-chamados.component.html:505:72:
[37m      505 │ ...e="checkbox" [(ngModel)]="[32mvalidacoes[37m['producaoValidada']" /><s...
          ╵                              [32m~~~~~~~~~~[0m

  Error occurs in the template of component ModeloChamadosComponent.

    src/app/wiki/pages/modelo-chamados/modelo-chamados.component.ts:9:15:
[37m      9 │   templateUrl: [32m'./modelo-chamados.component.html'[37m,
        ╵                [32m~~~~~~~~~~~~~~~~~~~~~~~~~~~~~~~~~~[0m


[31mX [41;31m[[41;97mERROR[41;31m][0m [1mNG9: Property 'tentouEnviar' does not exist on type 'ModeloChamadosComponent'.[0m [1m[35m[plugin angular-compiler][0m

    src/app/wiki/pages/modelo-chamados/modelo-chamados.component.html:508:43:
[37m      508 │ ...ss="mp-validacao" *ngIf="[32mtentouEnviar[37m && !criterioConcluido('v...
          ╵                             [32m~~~~~~~~~~~~[0m

  Error occurs in the template of component ModeloChamadosComponent.

    src/app/wiki/pages/modelo-chamados/modelo-chamados.component.ts:9:15:
[37m      9 │   templateUrl: [32m'./modelo-chamados.component.html'[37m,
        ╵                [32m~~~~~~~~~~~~~~~~~~~~~~~~~~~~~~~~~~[0m


[31mX [41;31m[[41;97mERROR[41;31m][0m [1mNG9: Property 'criterioConcluido' does not exist on type 'ModeloChamadosComponent'.[0m [1m[35m[plugin angular-compiler][0m

    src/app/wiki/pages/modelo-chamados/modelo-chamados.component.html:508:60:
[37m      508 │ ...idacao" *ngIf="tentouEnviar && ![32mcriterioConcluido[37m('validacoes')">
          ╵                                    [32m~~~~~~~~~~~~~~~~~[0m

  Error occurs in the template of component ModeloChamadosComponent.

    src/app/wiki/pages/modelo-chamados/modelo-chamados.component.ts:9:15:
[37m      9 │   templateUrl: [32m'./modelo-chamados.component.html'[37m,
        ╵                [32m~~~~~~~~~~~~~~~~~~~~~~~~~~~~~~~~~~[0m


[31mX [41;31m[[41;97mERROR[41;31m][0m [1mNG9: Property 'secaoPendente' does not exist on type 'ModeloChamadosComponent'.[0m [1m[35m[plugin angular-compiler][0m

    src/app/wiki/pages/modelo-chamados/modelo-chamados.component.html:516:36:
[37m      516 │         [class.mp-secao--pendente]="[32msecaoPendente[37m('evidencias')"
          ╵                                     [32m~~~~~~~~~~~~~[0m

  Error occurs in the template of component ModeloChamadosComponent.

    src/app/wiki/pages/modelo-chamados/modelo-chamados.component.ts:9:15:
[37m      9 │   templateUrl: [32m'./modelo-chamados.component.html'[37m,
        ╵                [32m~~~~~~~~~~~~~~~~~~~~~~~~~~~~~~~~~~[0m


[31mX [41;31m[[41;97mERROR[41;31m][0m [1mNG9: Property 'secaoCompleta' does not exist on type 'ModeloChamadosComponent'.[0m [1m[35m[plugin angular-compiler][0m

    src/app/wiki/pages/modelo-chamados/modelo-chamados.component.html:517:36:
[37m      517 │         [class.mp-secao--completa]="[32msecaoCompleta[37m('evidencias')">
          ╵                                     [32m~~~~~~~~~~~~~[0m

  Error occurs in the template of component ModeloChamadosComponent.

    src/app/wiki/pages/modelo-chamados/modelo-chamados.component.ts:9:15:
[37m      9 │   templateUrl: [32m'./modelo-chamados.component.html'[37m,
        ╵                [32m~~~~~~~~~~~~~~~~~~~~~~~~~~~~~~~~~~[0m


[31mX [41;31m[[41;97mERROR[41;31m][0m [1mNG9: Property 'toggleSecao' does not exist on type 'ModeloChamadosComponent'.[0m [1m[35m[plugin angular-compiler][0m

    src/app/wiki/pages/modelo-chamados/modelo-chamados.component.html:518:50:
[37m      518 │ ...der class="mp-secao__header" (click)="[32mtoggleSecao[37m('evidencias')">
          ╵                                          [32m~~~~~~~~~~~[0m

  Error occurs in the template of component ModeloChamadosComponent.

    src/app/wiki/pages/modelo-chamados/modelo-chamados.component.ts:9:15:
[37m      9 │   templateUrl: [32m'./modelo-chamados.component.html'[37m,
        ╵                [32m~~~~~~~~~~~~~~~~~~~~~~~~~~~~~~~~~~[0m


[31mX [41;31m[[41;97mERROR[41;31m][0m [1mNG9: Property 'secaoAberta' does not exist on type 'ModeloChamadosComponent'.[0m [1m[35m[plugin angular-compiler][0m

    src/app/wiki/pages/modelo-chamados/modelo-chamados.component.html:523:50:
[37m      523 │ ...p-secao__seta" [ngClass]="[32msecaoAberta[37m('evidencias') ? 'bi-chev...
          ╵                              [32m~~~~~~~~~~~[0m

  Error occurs in the template of component ModeloChamadosComponent.

    src/app/wiki/pages/modelo-chamados/modelo-chamados.component.ts:9:15:
[37m      9 │   templateUrl: [32m'./modelo-chamados.component.html'[37m,
        ╵                [32m~~~~~~~~~~~~~~~~~~~~~~~~~~~~~~~~~~[0m


[31mX [41;31m[[41;97mERROR[41;31m][0m [1mNG9: Property 'secaoAberta' does not exist on type 'ModeloChamadosComponent'.[0m [1m[35m[plugin angular-compiler][0m

    src/app/wiki/pages/modelo-chamados/modelo-chamados.component.html:525:43:
[37m      525 │ ...   <div class="mp-secao__body" *ngIf="[32msecaoAberta[37m('evidencias')">
          ╵                                          [32m~~~~~~~~~~~[0m

  Error occurs in the template of component ModeloChamadosComponent.

    src/app/wiki/pages/modelo-chamados/modelo-chamados.component.ts:9:15:
[37m      9 │   templateUrl: [32m'./modelo-chamados.component.html'[37m,
        ╵                [32m~~~~~~~~~~~~~~~~~~~~~~~~~~~~~~~~~~[0m


[31mX [41;31m[[41;97mERROR[41;31m][0m [1mNG9: Property 'evidencias' does not exist on type 'ModeloChamadosComponent'.[0m [1m[35m[plugin angular-compiler][0m

    src/app/wiki/pages/modelo-chamados/modelo-chamados.component.html:529:74:
[37m      529 │ ..." [class.mp-chip--ativo]="[32mevidencias[37m['print']" (click)="toggle...
          ╵                              [32m~~~~~~~~~~[0m

  Error occurs in the template of component ModeloChamadosComponent.

    src/app/wiki/pages/modelo-chamados/modelo-chamados.component.ts:9:15:
[37m      9 │   templateUrl: [32m'./modelo-chamados.component.html'[37m,
        ╵                [32m~~~~~~~~~~~~~~~~~~~~~~~~~~~~~~~~~~[0m


[31mX [41;31m[[41;97mERROR[41;31m][0m [1mNG9: Property 'toggle' does not exist on type 'ModeloChamadosComponent'.[0m [1m[35m[plugin angular-compiler][0m

    src/app/wiki/pages/modelo-chamados/modelo-chamados.component.html:529:104:
[37m      529 │ ...idencias['print']" (click)="[32mtoggle[37m(evidencias, 'print')">Print...
          ╵                                [32m~~~~~~[0m

  Error occurs in the template of component ModeloChamadosComponent.

    src/app/wiki/pages/modelo-chamados/modelo-chamados.component.ts:9:15:
[37m      9 │   templateUrl: [32m'./modelo-chamados.component.html'[37m,
        ╵                [32m~~~~~~~~~~~~~~~~~~~~~~~~~~~~~~~~~~[0m


[31mX [41;31m[[41;97mERROR[41;31m][0m [1mNG9: Property 'evidencias' does not exist on type 'ModeloChamadosComponent'.[0m [1m[35m[plugin angular-compiler][0m

    src/app/wiki/pages/modelo-chamados/modelo-chamados.component.html:529:111:
[37m      529 │ ...as['print']" (click)="toggle([32mevidencias[37m, 'print')">Print</button>
          ╵                                 [32m~~~~~~~~~~[0m

  Error occurs in the template of component ModeloChamadosComponent.

    src/app/wiki/pages/modelo-chamados/modelo-chamados.component.ts:9:15:
[37m      9 │   templateUrl: [32m'./modelo-chamados.component.html'[37m,
        ╵                [32m~~~~~~~~~~~~~~~~~~~~~~~~~~~~~~~~~~[0m


[31mX [41;31m[[41;97mERROR[41;31m][0m [1mNG9: Property 'evidencias' does not exist on type 'ModeloChamadosComponent'.[0m [1m[35m[plugin angular-compiler][0m

    src/app/wiki/pages/modelo-chamados/modelo-chamados.component.html:530:74:
[37m      530 │ ..." [class.mp-chip--ativo]="[32mevidencias[37m['video']" (click)="toggle...
          ╵                              [32m~~~~~~~~~~[0m

  Error occurs in the template of component ModeloChamadosComponent.

    src/app/wiki/pages/modelo-chamados/modelo-chamados.component.ts:9:15:
[37m      9 │   templateUrl: [32m'./modelo-chamados.component.html'[37m,
        ╵                [32m~~~~~~~~~~~~~~~~~~~~~~~~~~~~~~~~~~[0m


[31mX [41;31m[[41;97mERROR[41;31m][0m [1mNG9: Property 'toggle' does not exist on type 'ModeloChamadosComponent'.[0m [1m[35m[plugin angular-compiler][0m

    src/app/wiki/pages/modelo-chamados/modelo-chamados.component.html:530:104:
[37m      530 │ ...idencias['video']" (click)="[32mtoggle[37m(evidencias, 'video')">Víde...
          ╵                                [32m~~~~~~[0m

  Error occurs in the template of component ModeloChamadosComponent.

    src/app/wiki/pages/modelo-chamados/modelo-chamados.component.ts:9:15:
[37m      9 │   templateUrl: [32m'./modelo-chamados.component.html'[37m,
        ╵                [32m~~~~~~~~~~~~~~~~~~~~~~~~~~~~~~~~~~[0m


[31mX [41;31m[[41;97mERROR[41;31m][0m [1mNG9: Property 'evidencias' does not exist on type 'ModeloChamadosComponent'.[0m [1m[35m[plugin angular-compiler][0m

    src/app/wiki/pages/modelo-chamados/modelo-chamados.component.html:530:111:
[37m      530 │ ...s['video']" (click)="toggle([32mevidencias[37m, 'video')">Vídeo</button>
          ╵                                [32m~~~~~~~~~~[0m

  Error occurs in the template of component ModeloChamadosComponent.

    src/app/wiki/pages/modelo-chamados/modelo-chamados.component.ts:9:15:
[37m      9 │   templateUrl: [32m'./modelo-chamados.component.html'[37m,
        ╵                [32m~~~~~~~~~~~~~~~~~~~~~~~~~~~~~~~~~~[0m


[31mX [41;31m[[41;97mERROR[41;31m][0m [1mNG9: Property 'evidencias' does not exist on type 'ModeloChamadosComponent'.[0m [1m[35m[plugin angular-compiler][0m

    src/app/wiki/pages/modelo-chamados/modelo-chamados.component.html:531:74:
[37m      531 │ ..." [class.mp-chip--ativo]="[32mevidencias[37m['logs']" (click)="toggle(...
          ╵                              [32m~~~~~~~~~~[0m

  Error occurs in the template of component ModeloChamadosComponent.

    src/app/wiki/pages/modelo-chamados/modelo-chamados.component.ts:9:15:
[37m      9 │   templateUrl: [32m'./modelo-chamados.component.html'[37m,
        ╵                [32m~~~~~~~~~~~~~~~~~~~~~~~~~~~~~~~~~~[0m


[31mX [41;31m[[41;97mERROR[41;31m][0m [1mNG9: Property 'toggle' does not exist on type 'ModeloChamadosComponent'.[0m [1m[35m[plugin angular-compiler][0m

    src/app/wiki/pages/modelo-chamados/modelo-chamados.component.html:531:103:
[37m      531 │ ...videncias['logs']" (click)="[32mtoggle[37m(evidencias, 'logs')">Logs</...
          ╵                                [32m~~~~~~[0m

  Error occurs in the template of component ModeloChamadosComponent.

    src/app/wiki/pages/modelo-chamados/modelo-chamados.component.ts:9:15:
[37m      9 │   templateUrl: [32m'./modelo-chamados.component.html'[37m,
        ╵                [32m~~~~~~~~~~~~~~~~~~~~~~~~~~~~~~~~~~[0m


[31mX [41;31m[[41;97mERROR[41;31m][0m [1mNG9: Property 'evidencias' does not exist on type 'ModeloChamadosComponent'.[0m [1m[35m[plugin angular-compiler][0m

    src/app/wiki/pages/modelo-chamados/modelo-chamados.component.html:531:110:
[37m      531 │ ...ncias['logs']" (click)="toggle([32mevidencias[37m, 'logs')">Logs</button>
          ╵                                   [32m~~~~~~~~~~[0m

  Error occurs in the template of component ModeloChamadosComponent.

    src/app/wiki/pages/modelo-chamados/modelo-chamados.component.ts:9:15:
[37m      9 │   templateUrl: [32m'./modelo-chamados.component.html'[37m,
        ╵                [32m~~~~~~~~~~~~~~~~~~~~~~~~~~~~~~~~~~[0m


[31mX [41;31m[[41;97mERROR[41;31m][0m [1mNG9: Property 'evidencias' does not exist on type 'ModeloChamadosComponent'.[0m [1m[35m[plugin angular-compiler][0m

    src/app/wiki/pages/modelo-chamados/modelo-chamados.component.html:532:74:
[37m      532 │ ..." [class.mp-chip--ativo]="[32mevidencias[37m['sql']" (click)="toggle(e...
          ╵                              [32m~~~~~~~~~~[0m

  Error occurs in the template of component ModeloChamadosComponent.

    src/app/wiki/pages/modelo-chamados/modelo-chamados.component.ts:9:15:
[37m      9 │   templateUrl: [32m'./modelo-chamados.component.html'[37m,
        ╵                [32m~~~~~~~~~~~~~~~~~~~~~~~~~~~~~~~~~~[0m


[31mX [41;31m[[41;97mERROR[41;31m][0m [1mNG9: Property 'toggle' does not exist on type 'ModeloChamadosComponent'.[0m [1m[35m[plugin angular-compiler][0m

    src/app/wiki/pages/modelo-chamados/modelo-chamados.component.html:532:102:
[37m      532 │ ...evidencias['sql']" (click)="[32mtoggle[37m(evidencias, 'sql')">SQL</bu...
          ╵                                [32m~~~~~~[0m

  Error occurs in the template of component ModeloChamadosComponent.

    src/app/wiki/pages/modelo-chamados/modelo-chamados.component.ts:9:15:
[37m      9 │   templateUrl: [32m'./modelo-chamados.component.html'[37m,
        ╵                [32m~~~~~~~~~~~~~~~~~~~~~~~~~~~~~~~~~~[0m


[31mX [41;31m[[41;97mERROR[41;31m][0m [1mNG9: Property 'evidencias' does not exist on type 'ModeloChamadosComponent'.[0m [1m[35m[plugin angular-compiler][0m

    src/app/wiki/pages/modelo-chamados/modelo-chamados.component.html:532:109:
[37m      532 │ ...idencias['sql']" (click)="toggle([32mevidencias[37m, 'sql')">SQL</button>
          ╵                                     [32m~~~~~~~~~~[0m

  Error occurs in the template of component ModeloChamadosComponent.

    src/app/wiki/pages/modelo-chamados/modelo-chamados.component.ts:9:15:
[37m      9 │   templateUrl: [32m'./modelo-chamados.component.html'[37m,
        ╵                [32m~~~~~~~~~~~~~~~~~~~~~~~~~~~~~~~~~~[0m


[31mX [41;31m[[41;97mERROR[41;31m][0m [1mNG9: Property 'evidencias' does not exist on type 'ModeloChamadosComponent'.[0m [1m[35m[plugin angular-compiler][0m

    src/app/wiki/pages/modelo-chamados/modelo-chamados.component.html:533:74:
[37m      533 │ ..." [class.mp-chip--ativo]="[32mevidencias[37m['xml']" (click)="toggle(e...
          ╵                              [32m~~~~~~~~~~[0m

  Error occurs in the template of component ModeloChamadosComponent.

    src/app/wiki/pages/modelo-chamados/modelo-chamados.component.ts:9:15:
[37m      9 │   templateUrl: [32m'./modelo-chamados.component.html'[37m,
        ╵                [32m~~~~~~~~~~~~~~~~~~~~~~~~~~~~~~~~~~[0m


[31mX [41;31m[[41;97mERROR[41;31m][0m [1mNG9: Property 'toggle' does not exist on type 'ModeloChamadosComponent'.[0m [1m[35m[plugin angular-compiler][0m

    src/app/wiki/pages/modelo-chamados/modelo-chamados.component.html:533:102:
[37m      533 │ ...evidencias['xml']" (click)="[32mtoggle[37m(evidencias, 'xml')">XML</bu...
          ╵                                [32m~~~~~~[0m

  Error occurs in the template of component ModeloChamadosComponent.

    src/app/wiki/pages/modelo-chamados/modelo-chamados.component.ts:9:15:
[37m      9 │   templateUrl: [32m'./modelo-chamados.component.html'[37m,
        ╵                [32m~~~~~~~~~~~~~~~~~~~~~~~~~~~~~~~~~~[0m


[31mX [41;31m[[41;97mERROR[41;31m][0m [1mNG9: Property 'evidencias' does not exist on type 'ModeloChamadosComponent'.[0m [1m[35m[plugin angular-compiler][0m

    src/app/wiki/pages/modelo-chamados/modelo-chamados.component.html:533:109:
[37m      533 │ ...idencias['xml']" (click)="toggle([32mevidencias[37m, 'xml')">XML</button>
          ╵                                     [32m~~~~~~~~~~[0m

  Error occurs in the template of component ModeloChamadosComponent.

    src/app/wiki/pages/modelo-chamados/modelo-chamados.component.ts:9:15:
[37m      9 │   templateUrl: [32m'./modelo-chamados.component.html'[37m,
        ╵                [32m~~~~~~~~~~~~~~~~~~~~~~~~~~~~~~~~~~[0m


[31mX [41;31m[[41;97mERROR[41;31m][0m [1mNG9: Property 'evidencias' does not exist on type 'ModeloChamadosComponent'.[0m [1m[35m[plugin angular-compiler][0m

    src/app/wiki/pages/modelo-chamados/modelo-chamados.component.html:534:74:
[37m      534 │ ..." [class.mp-chip--ativo]="[32mevidencias[37m['json']" (click)="toggle(...
          ╵                              [32m~~~~~~~~~~[0m

  Error occurs in the template of component ModeloChamadosComponent.

    src/app/wiki/pages/modelo-chamados/modelo-chamados.component.ts:9:15:
[37m      9 │   templateUrl: [32m'./modelo-chamados.component.html'[37m,
        ╵                [32m~~~~~~~~~~~~~~~~~~~~~~~~~~~~~~~~~~[0m


[31mX [41;31m[[41;97mERROR[41;31m][0m [1mNG9: Property 'toggle' does not exist on type 'ModeloChamadosComponent'.[0m [1m[35m[plugin angular-compiler][0m

    src/app/wiki/pages/modelo-chamados/modelo-chamados.component.html:534:103:
[37m      534 │ ...videncias['json']" (click)="[32mtoggle[37m(evidencias, 'json')">JSON</...
          ╵                                [32m~~~~~~[0m

  Error occurs in the template of component ModeloChamadosComponent.

    src/app/wiki/pages/modelo-chamados/modelo-chamados.component.ts:9:15:
[37m      9 │   templateUrl: [32m'./modelo-chamados.component.html'[37m,
        ╵                [32m~~~~~~~~~~~~~~~~~~~~~~~~~~~~~~~~~~[0m


[31mX [41;31m[[41;97mERROR[41;31m][0m [1mNG9: Property 'evidencias' does not exist on type 'ModeloChamadosComponent'.[0m [1m[35m[plugin angular-compiler][0m

    src/app/wiki/pages/modelo-chamados/modelo-chamados.component.html:534:110:
[37m      534 │ ...ncias['json']" (click)="toggle([32mevidencias[37m, 'json')">JSON</button>
          ╵                                   [32m~~~~~~~~~~[0m

  Error occurs in the template of component ModeloChamadosComponent.

    src/app/wiki/pages/modelo-chamados/modelo-chamados.component.ts:9:15:
[37m      9 │   templateUrl: [32m'./modelo-chamados.component.html'[37m,
        ╵                [32m~~~~~~~~~~~~~~~~~~~~~~~~~~~~~~~~~~[0m


[31mX [41;31m[[41;97mERROR[41;31m][0m [1mNG9: Property 'evidencias' does not exist on type 'ModeloChamadosComponent'.[0m [1m[35m[plugin angular-compiler][0m

    src/app/wiki/pages/modelo-chamados/modelo-chamados.component.html:535:74:
[37m      535 │ ..." [class.mp-chip--ativo]="[32mevidencias[37m['payload']" (click)="togg...
          ╵                              [32m~~~~~~~~~~[0m

  Error occurs in the template of component ModeloChamadosComponent.

    src/app/wiki/pages/modelo-chamados/modelo-chamados.component.ts:9:15:
[37m      9 │   templateUrl: [32m'./modelo-chamados.component.html'[37m,
        ╵                [32m~~~~~~~~~~~~~~~~~~~~~~~~~~~~~~~~~~[0m


[31mX [41;31m[[41;97mERROR[41;31m][0m [1mNG9: Property 'toggle' does not exist on type 'ModeloChamadosComponent'.[0m [1m[35m[plugin angular-compiler][0m

    src/app/wiki/pages/modelo-chamados/modelo-chamados.component.html:535:106:
[37m      535 │ ...encias['payload']" (click)="[32mtoggle[37m(evidencias, 'payload')">Pay...
          ╵                                [32m~~~~~~[0m

  Error occurs in the template of component ModeloChamadosComponent.

    src/app/wiki/pages/modelo-chamados/modelo-chamados.component.ts:9:15:
[37m      9 │   templateUrl: [32m'./modelo-chamados.component.html'[37m,
        ╵                [32m~~~~~~~~~~~~~~~~~~~~~~~~~~~~~~~~~~[0m


[31mX [41;31m[[41;97mERROR[41;31m][0m [1mNG9: Property 'evidencias' does not exist on type 'ModeloChamadosComponent'.[0m [1m[35m[plugin angular-compiler][0m

    src/app/wiki/pages/modelo-chamados/modelo-chamados.component.html:535:113:
[37m      535 │ ...ayload']" (click)="toggle([32mevidencias[37m, 'payload')">Payload</but...
          ╵                              [32m~~~~~~~~~~[0m

  Error occurs in the template of component ModeloChamadosComponent.

    src/app/wiki/pages/modelo-chamados/modelo-chamados.component.ts:9:15:
[37m      9 │   templateUrl: [32m'./modelo-chamados.component.html'[37m,
        ╵                [32m~~~~~~~~~~~~~~~~~~~~~~~~~~~~~~~~~~[0m


[31mX [41;31m[[41;97mERROR[41;31m][0m [1mNG9: Property 'evidencias' does not exist on type 'ModeloChamadosComponent'.[0m [1m[35m[plugin angular-compiler][0m

    src/app/wiki/pages/modelo-chamados/modelo-chamados.component.html:536:74:
[37m      536 │ ..." [class.mp-chip--ativo]="[32mevidencias[37m['response']" (click)="tog...
          ╵                              [32m~~~~~~~~~~[0m

  Error occurs in the template of component ModeloChamadosComponent.

    src/app/wiki/pages/modelo-chamados/modelo-chamados.component.ts:9:15:
[37m      9 │   templateUrl: [32m'./modelo-chamados.component.html'[37m,
        ╵                [32m~~~~~~~~~~~~~~~~~~~~~~~~~~~~~~~~~~[0m


[31mX [41;31m[[41;97mERROR[41;31m][0m [1mNG9: Property 'toggle' does not exist on type 'ModeloChamadosComponent'.[0m [1m[35m[plugin angular-compiler][0m

    src/app/wiki/pages/modelo-chamados/modelo-chamados.component.html:536:107:
[37m      536 │ ...ncias['response']" (click)="[32mtoggle[37m(evidencias, 'response')">Re...
          ╵                                [32m~~~~~~[0m

  Error occurs in the template of component ModeloChamadosComponent.

    src/app/wiki/pages/modelo-chamados/modelo-chamados.component.ts:9:15:
[37m      9 │   templateUrl: [32m'./modelo-chamados.component.html'[37m,
        ╵                [32m~~~~~~~~~~~~~~~~~~~~~~~~~~~~~~~~~~[0m


[31mX [41;31m[[41;97mERROR[41;31m][0m [1mNG9: Property 'evidencias' does not exist on type 'ModeloChamadosComponent'.[0m [1m[35m[plugin angular-compiler][0m

    src/app/wiki/pages/modelo-chamados/modelo-chamados.component.html:536:114:
[37m      536 │ ...sponse']" (click)="toggle([32mevidencias[37m, 'response')">Response</b...
          ╵                              [32m~~~~~~~~~~[0m

  Error occurs in the template of component ModeloChamadosComponent.

    src/app/wiki/pages/modelo-chamados/modelo-chamados.component.ts:9:15:
[37m      9 │   templateUrl: [32m'./modelo-chamados.component.html'[37m,
        ╵                [32m~~~~~~~~~~~~~~~~~~~~~~~~~~~~~~~~~~[0m


[31mX [41;31m[[41;97mERROR[41;31m][0m [1mNG9: Property 'evidencias' does not exist on type 'ModeloChamadosComponent'.[0m [1m[35m[plugin angular-compiler][0m

    src/app/wiki/pages/modelo-chamados/modelo-chamados.component.html:537:74:
[37m      537 │ ..." [class.mp-chip--ativo]="[32mevidencias[37m['pdf']" (click)="toggle(e...
          ╵                              [32m~~~~~~~~~~[0m

  Error occurs in the template of component ModeloChamadosComponent.

    src/app/wiki/pages/modelo-chamados/modelo-chamados.component.ts:9:15:
[37m      9 │   templateUrl: [32m'./modelo-chamados.component.html'[37m,
        ╵                [32m~~~~~~~~~~~~~~~~~~~~~~~~~~~~~~~~~~[0m


[31mX [41;31m[[41;97mERROR[41;31m][0m [1mNG9: Property 'toggle' does not exist on type 'ModeloChamadosComponent'.[0m [1m[35m[plugin angular-compiler][0m

    src/app/wiki/pages/modelo-chamados/modelo-chamados.component.html:537:102:
[37m      537 │ ...evidencias['pdf']" (click)="[32mtoggle[37m(evidencias, 'pdf')">PDF</bu...
          ╵                                [32m~~~~~~[0m

  Error occurs in the template of component ModeloChamadosComponent.

    src/app/wiki/pages/modelo-chamados/modelo-chamados.component.ts:9:15:
[37m      9 │   templateUrl: [32m'./modelo-chamados.component.html'[37m,
        ╵                [32m~~~~~~~~~~~~~~~~~~~~~~~~~~~~~~~~~~[0m


[31mX [41;31m[[41;97mERROR[41;31m][0m [1mNG9: Property 'evidencias' does not exist on type 'ModeloChamadosComponent'.[0m [1m[35m[plugin angular-compiler][0m

    src/app/wiki/pages/modelo-chamados/modelo-chamados.component.html:537:109:
[37m      537 │ ...idencias['pdf']" (click)="toggle([32mevidencias[37m, 'pdf')">PDF</button>
          ╵                                     [32m~~~~~~~~~~[0m

  Error occurs in the template of component ModeloChamadosComponent.

    src/app/wiki/pages/modelo-chamados/modelo-chamados.component.ts:9:15:
[37m      9 │   templateUrl: [32m'./modelo-chamados.component.html'[37m,
        ╵                [32m~~~~~~~~~~~~~~~~~~~~~~~~~~~~~~~~~~[0m


[31mX [41;31m[[41;97mERROR[41;31m][0m [1mNG9: Property 'evidencias' does not exist on type 'ModeloChamadosComponent'.[0m [1m[35m[plugin angular-compiler][0m

    src/app/wiki/pages/modelo-chamados/modelo-chamados.component.html:538:74:
[37m      538 │ ..." [class.mp-chip--ativo]="[32mevidencias[37m['arquivo']" (click)="togg...
          ╵                              [32m~~~~~~~~~~[0m

  Error occurs in the template of component ModeloChamadosComponent.

    src/app/wiki/pages/modelo-chamados/modelo-chamados.component.ts:9:15:
[37m      9 │   templateUrl: [32m'./modelo-chamados.component.html'[37m,
        ╵                [32m~~~~~~~~~~~~~~~~~~~~~~~~~~~~~~~~~~[0m


[31mX [41;31m[[41;97mERROR[41;31m][0m [1mNG9: Property 'toggle' does not exist on type 'ModeloChamadosComponent'.[0m [1m[35m[plugin angular-compiler][0m

    src/app/wiki/pages/modelo-chamados/modelo-chamados.component.html:538:106:
[37m      538 │ ...encias['arquivo']" (click)="[32mtoggle[37m(evidencias, 'arquivo')">Arq...
          ╵                                [32m~~~~~~[0m

  Error occurs in the template of component ModeloChamadosComponent.

    src/app/wiki/pages/modelo-chamados/modelo-chamados.component.ts:9:15:
[37m      9 │   templateUrl: [32m'./modelo-chamados.component.html'[37m,
        ╵                [32m~~~~~~~~~~~~~~~~~~~~~~~~~~~~~~~~~~[0m


[31mX [41;31m[[41;97mERROR[41;31m][0m [1mNG9: Property 'evidencias' does not exist on type 'ModeloChamadosComponent'.[0m [1m[35m[plugin angular-compiler][0m

    src/app/wiki/pages/modelo-chamados/modelo-chamados.component.html:538:113:
[37m      538 │ ...rquivo']" (click)="toggle([32mevidencias[37m, 'arquivo')">Arquivo</but...
          ╵                              [32m~~~~~~~~~~[0m

  Error occurs in the template of component ModeloChamadosComponent.

    src/app/wiki/pages/modelo-chamados/modelo-chamados.component.ts:9:15:
[37m      9 │   templateUrl: [32m'./modelo-chamados.component.html'[37m,
        ╵                [32m~~~~~~~~~~~~~~~~~~~~~~~~~~~~~~~~~~[0m


[31mX [41;31m[[41;97mERROR[41;31m][0m [1mNG9: Property 'evidencias' does not exist on type 'ModeloChamadosComponent'.[0m [1m[35m[plugin angular-compiler][0m

    src/app/wiki/pages/modelo-chamados/modelo-chamados.component.html:539:74:
[37m      539 │ ..." [class.mp-chip--ativo]="[32mevidencias[37m['planilha']" (click)="tog...
          ╵                              [32m~~~~~~~~~~[0m

  Error occurs in the template of component ModeloChamadosComponent.

    src/app/wiki/pages/modelo-chamados/modelo-chamados.component.ts:9:15:
[37m      9 │   templateUrl: [32m'./modelo-chamados.component.html'[37m,
        ╵                [32m~~~~~~~~~~~~~~~~~~~~~~~~~~~~~~~~~~[0m


[31mX [41;31m[[41;97mERROR[41;31m][0m [1mNG9: Property 'toggle' does not exist on type 'ModeloChamadosComponent'.[0m [1m[35m[plugin angular-compiler][0m

    src/app/wiki/pages/modelo-chamados/modelo-chamados.component.html:539:107:
[37m      539 │ ...ncias['planilha']" (click)="[32mtoggle[37m(evidencias, 'planilha')">Pl...
          ╵                                [32m~~~~~~[0m

  Error occurs in the template of component ModeloChamadosComponent.

    src/app/wiki/pages/modelo-chamados/modelo-chamados.component.ts:9:15:
[37m      9 │   templateUrl: [32m'./modelo-chamados.component.html'[37m,
        ╵                [32m~~~~~~~~~~~~~~~~~~~~~~~~~~~~~~~~~~[0m


[31mX [41;31m[[41;97mERROR[41;31m][0m [1mNG9: Property 'evidencias' does not exist on type 'ModeloChamadosComponent'.[0m [1m[35m[plugin angular-compiler][0m

    src/app/wiki/pages/modelo-chamados/modelo-chamados.component.html:539:114:
[37m      539 │ ...anilha']" (click)="toggle([32mevidencias[37m, 'planilha')">Planilha</b...
          ╵                              [32m~~~~~~~~~~[0m

  Error occurs in the template of component ModeloChamadosComponent.

    src/app/wiki/pages/modelo-chamados/modelo-chamados.component.ts:9:15:
[37m      9 │   templateUrl: [32m'./modelo-chamados.component.html'[37m,
        ╵                [32m~~~~~~~~~~~~~~~~~~~~~~~~~~~~~~~~~~[0m


[31mX [41;31m[[41;97mERROR[41;31m][0m [1mNG9: Property 'evidencias' does not exist on type 'ModeloChamadosComponent'.[0m [1m[35m[plugin angular-compiler][0m

    src/app/wiki/pages/modelo-chamados/modelo-chamados.component.html:540:74:
[37m      540 │ ..." [class.mp-chip--ativo]="[32mevidencias[37m['eventViewer']" (click)="...
          ╵                              [32m~~~~~~~~~~[0m

  Error occurs in the template of component ModeloChamadosComponent.

    src/app/wiki/pages/modelo-chamados/modelo-chamados.component.ts:9:15:
[37m      9 │   templateUrl: [32m'./modelo-chamados.component.html'[37m,
        ╵                [32m~~~~~~~~~~~~~~~~~~~~~~~~~~~~~~~~~~[0m


[31mX [41;31m[[41;97mERROR[41;31m][0m [1mNG9: Property 'toggle' does not exist on type 'ModeloChamadosComponent'.[0m [1m[35m[plugin angular-compiler][0m

    src/app/wiki/pages/modelo-chamados/modelo-chamados.component.html:540:110:
[37m      540 │ ...as['eventViewer']" (click)="[32mtoggle[37m(evidencias, 'eventViewer')"...
          ╵                                [32m~~~~~~[0m

  Error occurs in the template of component ModeloChamadosComponent.

    src/app/wiki/pages/modelo-chamados/modelo-chamados.component.ts:9:15:
[37m      9 │   templateUrl: [32m'./modelo-chamados.component.html'[37m,
        ╵                [32m~~~~~~~~~~~~~~~~~~~~~~~~~~~~~~~~~~[0m


[31mX [41;31m[[41;97mERROR[41;31m][0m [1mNG9: Property 'evidencias' does not exist on type 'ModeloChamadosComponent'.[0m [1m[35m[plugin angular-compiler][0m

    src/app/wiki/pages/modelo-chamados/modelo-chamados.component.html:540:117:
[37m      540 │ ...Viewer']" (click)="toggle([32mevidencias[37m, 'eventViewer')">Event Vi...
          ╵                              [32m~~~~~~~~~~[0m

  Error occurs in the template of component ModeloChamadosComponent.

    src/app/wiki/pages/modelo-chamados/modelo-chamados.component.ts:9:15:
[37m      9 │   templateUrl: [32m'./modelo-chamados.component.html'[37m,
        ╵                [32m~~~~~~~~~~~~~~~~~~~~~~~~~~~~~~~~~~[0m


[31mX [41;31m[[41;97mERROR[41;31m][0m [1mNG9: Property 'evidencias' does not exist on type 'ModeloChamadosComponent'.[0m [1m[35m[plugin angular-compiler][0m

    src/app/wiki/pages/modelo-chamados/modelo-chamados.component.html:541:74:
[37m      541 │ ..." [class.mp-chip--ativo]="[32mevidencias[37m['console']" (click)="togg...
          ╵                              [32m~~~~~~~~~~[0m

  Error occurs in the template of component ModeloChamadosComponent.

    src/app/wiki/pages/modelo-chamados/modelo-chamados.component.ts:9:15:
[37m      9 │   templateUrl: [32m'./modelo-chamados.component.html'[37m,
        ╵                [32m~~~~~~~~~~~~~~~~~~~~~~~~~~~~~~~~~~[0m


[31mX [41;31m[[41;97mERROR[41;31m][0m [1mNG9: Property 'toggle' does not exist on type 'ModeloChamadosComponent'.[0m [1m[35m[plugin angular-compiler][0m

    src/app/wiki/pages/modelo-chamados/modelo-chamados.component.html:541:106:
[37m      541 │ ...encias['console']" (click)="[32mtoggle[37m(evidencias, 'console')">Con...
          ╵                                [32m~~~~~~[0m

  Error occurs in the template of component ModeloChamadosComponent.

    src/app/wiki/pages/modelo-chamados/modelo-chamados.component.ts:9:15:
[37m      9 │   templateUrl: [32m'./modelo-chamados.component.html'[37m,
        ╵                [32m~~~~~~~~~~~~~~~~~~~~~~~~~~~~~~~~~~[0m


[31mX [41;31m[[41;97mERROR[41;31m][0m [1mNG9: Property 'evidencias' does not exist on type 'ModeloChamadosComponent'.[0m [1m[35m[plugin angular-compiler][0m

    src/app/wiki/pages/modelo-chamados/modelo-chamados.component.html:541:113:
[37m      541 │ ...onsole']" (click)="toggle([32mevidencias[37m, 'console')">Console</but...
          ╵                              [32m~~~~~~~~~~[0m

  Error occurs in the template of component ModeloChamadosComponent.

    src/app/wiki/pages/modelo-chamados/modelo-chamados.component.ts:9:15:
[37m      9 │   templateUrl: [32m'./modelo-chamados.component.html'[37m,
        ╵                [32m~~~~~~~~~~~~~~~~~~~~~~~~~~~~~~~~~~[0m


[31mX [41;31m[[41;97mERROR[41;31m][0m [1mNG9: Property 'evidencias' does not exist on type 'ModeloChamadosComponent'.[0m [1m[35m[plugin angular-compiler][0m

    src/app/wiki/pages/modelo-chamados/modelo-chamados.component.html:542:74:
[37m      542 │ ..." [class.mp-chip--ativo]="[32mevidencias[37m['network']" (click)="togg...
          ╵                              [32m~~~~~~~~~~[0m

  Error occurs in the template of component ModeloChamadosComponent.

    src/app/wiki/pages/modelo-chamados/modelo-chamados.component.ts:9:15:
[37m      9 │   templateUrl: [32m'./modelo-chamados.component.html'[37m,
        ╵                [32m~~~~~~~~~~~~~~~~~~~~~~~~~~~~~~~~~~[0m


[31mX [41;31m[[41;97mERROR[41;31m][0m [1mNG9: Property 'toggle' does not exist on type 'ModeloChamadosComponent'.[0m [1m[35m[plugin angular-compiler][0m

    src/app/wiki/pages/modelo-chamados/modelo-chamados.component.html:542:106:
[37m      542 │ ...encias['network']" (click)="[32mtoggle[37m(evidencias, 'network')">Net...
          ╵                                [32m~~~~~~[0m

  Error occurs in the template of component ModeloChamadosComponent.

    src/app/wiki/pages/modelo-chamados/modelo-chamados.component.ts:9:15:
[37m      9 │   templateUrl: [32m'./modelo-chamados.component.html'[37m,
        ╵                [32m~~~~~~~~~~~~~~~~~~~~~~~~~~~~~~~~~~[0m


[31mX [41;31m[[41;97mERROR[41;31m][0m [1mNG9: Property 'evidencias' does not exist on type 'ModeloChamadosComponent'.[0m [1m[35m[plugin angular-compiler][0m

    src/app/wiki/pages/modelo-chamados/modelo-chamados.component.html:542:113:
[37m      542 │ ...etwork']" (click)="toggle([32mevidencias[37m, 'network')">Network</but...
          ╵                              [32m~~~~~~~~~~[0m

  Error occurs in the template of component ModeloChamadosComponent.

    src/app/wiki/pages/modelo-chamados/modelo-chamados.component.ts:9:15:
[37m      9 │   templateUrl: [32m'./modelo-chamados.component.html'[37m,
        ╵                [32m~~~~~~~~~~~~~~~~~~~~~~~~~~~~~~~~~~[0m


[31mX [41;31m[[41;97mERROR[41;31m][0m [1mNG9: Property 'evidencias' does not exist on type 'ModeloChamadosComponent'.[0m [1m[35m[plugin angular-compiler][0m

    src/app/wiki/pages/modelo-chamados/modelo-chamados.component.html:543:74:
[37m      543 │ ..." [class.mp-chip--ativo]="[32mevidencias[37m['iis']" (click)="toggle(e...
          ╵                              [32m~~~~~~~~~~[0m

  Error occurs in the template of component ModeloChamadosComponent.

    src/app/wiki/pages/modelo-chamados/modelo-chamados.component.ts:9:15:
[37m      9 │   templateUrl: [32m'./modelo-chamados.component.html'[37m,
        ╵                [32m~~~~~~~~~~~~~~~~~~~~~~~~~~~~~~~~~~[0m


[31mX [41;31m[[41;97mERROR[41;31m][0m [1mNG9: Property 'toggle' does not exist on type 'ModeloChamadosComponent'.[0m [1m[35m[plugin angular-compiler][0m

    src/app/wiki/pages/modelo-chamados/modelo-chamados.component.html:543:102:
[37m      543 │ ...evidencias['iis']" (click)="[32mtoggle[37m(evidencias, 'iis')">IIS</bu...
          ╵                                [32m~~~~~~[0m

  Error occurs in the template of component ModeloChamadosComponent.

    src/app/wiki/pages/modelo-chamados/modelo-chamados.component.ts:9:15:
[37m      9 │   templateUrl: [32m'./modelo-chamados.component.html'[37m,
        ╵                [32m~~~~~~~~~~~~~~~~~~~~~~~~~~~~~~~~~~[0m


[31mX [41;31m[[41;97mERROR[41;31m][0m [1mNG9: Property 'evidencias' does not exist on type 'ModeloChamadosComponent'.[0m [1m[35m[plugin angular-compiler][0m

    src/app/wiki/pages/modelo-chamados/modelo-chamados.component.html:543:109:
[37m      543 │ ...idencias['iis']" (click)="toggle([32mevidencias[37m, 'iis')">IIS</button>
          ╵                                     [32m~~~~~~~~~~[0m

  Error occurs in the template of component ModeloChamadosComponent.

    src/app/wiki/pages/modelo-chamados/modelo-chamados.component.ts:9:15:
[37m      9 │   templateUrl: [32m'./modelo-chamados.component.html'[37m,
        ╵                [32m~~~~~~~~~~~~~~~~~~~~~~~~~~~~~~~~~~[0m


[31mX [41;31m[[41;97mERROR[41;31m][0m [1mNG9: Property 'evidencias' does not exist on type 'ModeloChamadosComponent'.[0m [1m[35m[plugin angular-compiler][0m

    src/app/wiki/pages/modelo-chamados/modelo-chamados.component.html:544:74:
[37m      544 │ ..." [class.mp-chip--ativo]="[32mevidencias[37m['outros']" (click)="toggl...
          ╵                              [32m~~~~~~~~~~[0m

  Error occurs in the template of component ModeloChamadosComponent.

    src/app/wiki/pages/modelo-chamados/modelo-chamados.component.ts:9:15:
[37m      9 │   templateUrl: [32m'./modelo-chamados.component.html'[37m,
        ╵                [32m~~~~~~~~~~~~~~~~~~~~~~~~~~~~~~~~~~[0m


[31mX [41;31m[[41;97mERROR[41;31m][0m [1mNG9: Property 'toggle' does not exist on type 'ModeloChamadosComponent'.[0m [1m[35m[plugin angular-compiler][0m

    src/app/wiki/pages/modelo-chamados/modelo-chamados.component.html:544:105:
[37m      544 │ ...dencias['outros']" (click)="[32mtoggle[37m(evidencias, 'outros')">Outr...
          ╵                                [32m~~~~~~[0m

  Error occurs in the template of component ModeloChamadosComponent.

    src/app/wiki/pages/modelo-chamados/modelo-chamados.component.ts:9:15:
[37m      9 │   templateUrl: [32m'./modelo-chamados.component.html'[37m,
        ╵                [32m~~~~~~~~~~~~~~~~~~~~~~~~~~~~~~~~~~[0m


[31mX [41;31m[[41;97mERROR[41;31m][0m [1mNG9: Property 'evidencias' does not exist on type 'ModeloChamadosComponent'.[0m [1m[35m[plugin angular-compiler][0m

    src/app/wiki/pages/modelo-chamados/modelo-chamados.component.html:544:112:
[37m      544 │ ...'outros']" (click)="toggle([32mevidencias[37m, 'outros')">Outros</button>
          ╵                               [32m~~~~~~~~~~[0m

  Error occurs in the template of component ModeloChamadosComponent.

    src/app/wiki/pages/modelo-chamados/modelo-chamados.component.ts:9:15:
[37m      9 │   templateUrl: [32m'./modelo-chamados.component.html'[37m,
        ╵                [32m~~~~~~~~~~~~~~~~~~~~~~~~~~~~~~~~~~[0m


[31mX [41;31m[[41;97mERROR[41;31m][0m [1mNG9: Property 'anexos' does not exist on type 'ModeloChamadosComponent'.[0m [1m[35m[plugin angular-compiler][0m

    src/app/wiki/pages/modelo-chamados/modelo-chamados.component.html:552:40:
[37m      552 │           <div class="mp-anexos" *ngIf="[32manexos[37m.length > 0">
          ╵                                         [32m~~~~~~[0m

  Error occurs in the template of component ModeloChamadosComponent.

    src/app/wiki/pages/modelo-chamados/modelo-chamados.component.ts:9:15:
[37m      9 │   templateUrl: [32m'./modelo-chamados.component.html'[37m,
        ╵                [32m~~~~~~~~~~~~~~~~~~~~~~~~~~~~~~~~~~[0m


[31mX [41;31m[[41;97mERROR[41;31m][0m [1mNG9: Property 'anexos' does not exist on type 'ModeloChamadosComponent'.[0m [1m[35m[plugin angular-compiler][0m

    src/app/wiki/pages/modelo-chamados/modelo-chamados.component.html:553:60:
[37m      553 │ ...lass="mp-anexo-card" *ngFor="let anexo of [32manexos[37m; let i = index">
          ╵                                              [32m~~~~~~[0m

  Error occurs in the template of component ModeloChamadosComponent.

    src/app/wiki/pages/modelo-chamados/modelo-chamados.component.ts:9:15:
[37m      9 │   templateUrl: [32m'./modelo-chamados.component.html'[37m,
        ╵                [32m~~~~~~~~~~~~~~~~~~~~~~~~~~~~~~~~~~[0m


[31mX [41;31m[[41;97mERROR[41;31m][0m [1mNG9: Property 'anexarArquivo' does not exist on type 'ModeloChamadosComponent'.[0m [1m[35m[plugin angular-compiler][0m

    src/app/wiki/pages/modelo-chamados/modelo-chamados.component.html:557:47:
[37m      557 │ ...        <input type="file" (change)="[32manexarArquivo[37m(i, $event)" />
          ╵                                         [32m~~~~~~~~~~~~~[0m

  Error occurs in the template of component ModeloChamadosComponent.

    src/app/wiki/pages/modelo-chamados/modelo-chamados.component.ts:9:15:
[37m      9 │   templateUrl: [32m'./modelo-chamados.component.html'[37m,
        ╵                [32m~~~~~~~~~~~~~~~~~~~~~~~~~~~~~~~~~~[0m


[31mX [41;31m[[41;97mERROR[41;31m][0m [1mNG9: Property 'removerAnexo' does not exist on type 'ModeloChamadosComponent'.[0m [1m[35m[plugin angular-compiler][0m

    src/app/wiki/pages/modelo-chamados/modelo-chamados.component.html:562:83:
[37m      562 │ ...perigo-pequeno" (click)="[32mremoverAnexo[37m(i)"><i class="bi bi-tras...
          ╵                             [32m~~~~~~~~~~~~[0m

  Error occurs in the template of component ModeloChamadosComponent.

    src/app/wiki/pages/modelo-chamados/modelo-chamados.component.ts:9:15:
[37m      9 │   templateUrl: [32m'./modelo-chamados.component.html'[37m,
        ╵                [32m~~~~~~~~~~~~~~~~~~~~~~~~~~~~~~~~~~[0m


[31mX [41;31m[[41;97mERROR[41;31m][0m [1mNG9: Property 'adicionarAnexo' does not exist on type 'ModeloChamadosComponent'.[0m [1m[35m[plugin angular-compiler][0m

    src/app/wiki/pages/modelo-chamados/modelo-chamados.component.html:566:74:
[37m      566 │ ...tn--adicionar" (click)="[32madicionarAnexo[37m()"><i class="bi bi-pape...
          ╵                            [32m~~~~~~~~~~~~~~[0m

  Error occurs in the template of component ModeloChamadosComponent.

    src/app/wiki/pages/modelo-chamados/modelo-chamados.component.ts:9:15:
[37m      9 │   templateUrl: [32m'./modelo-chamados.component.html'[37m,
        ╵                [32m~~~~~~~~~~~~~~~~~~~~~~~~~~~~~~~~~~[0m


[31mX [41;31m[[41;97mERROR[41;31m][0m [1mNG9: Property 'tentouEnviar' does not exist on type 'ModeloChamadosComponent'.[0m [1m[35m[plugin angular-compiler][0m

    src/app/wiki/pages/modelo-chamados/modelo-chamados.component.html:568:43:
[37m      568 │ ...ss="mp-validacao" *ngIf="[32mtentouEnviar[37m && !criterioConcluido('e...
          ╵                             [32m~~~~~~~~~~~~[0m

  Error occurs in the template of component ModeloChamadosComponent.

    src/app/wiki/pages/modelo-chamados/modelo-chamados.component.ts:9:15:
[37m      9 │   templateUrl: [32m'./modelo-chamados.component.html'[37m,
        ╵                [32m~~~~~~~~~~~~~~~~~~~~~~~~~~~~~~~~~~[0m


[31mX [41;31m[[41;97mERROR[41;31m][0m [1mNG9: Property 'criterioConcluido' does not exist on type 'ModeloChamadosComponent'.[0m [1m[35m[plugin angular-compiler][0m

    src/app/wiki/pages/modelo-chamados/modelo-chamados.component.html:568:60:
[37m      568 │ ...idacao" *ngIf="tentouEnviar && ![32mcriterioConcluido[37m('evidencias')">
          ╵                                    [32m~~~~~~~~~~~~~~~~~[0m

  Error occurs in the template of component ModeloChamadosComponent.

    src/app/wiki/pages/modelo-chamados/modelo-chamados.component.ts:9:15:
[37m      9 │   templateUrl: [32m'./modelo-chamados.component.html'[37m,
        ╵                [32m~~~~~~~~~~~~~~~~~~~~~~~~~~~~~~~~~~[0m


[31mX [41;31m[[41;97mERROR[41;31m][0m [1mNG9: Property 'secaoPendente' does not exist on type 'ModeloChamadosComponent'.[0m [1m[35m[plugin angular-compiler][0m

    src/app/wiki/pages/modelo-chamados/modelo-chamados.component.html:576:36:
[37m      576 │         [class.mp-secao--pendente]="[32msecaoPendente[37m('analise')"
          ╵                                     [32m~~~~~~~~~~~~~[0m

  Error occurs in the template of component ModeloChamadosComponent.

    src/app/wiki/pages/modelo-chamados/modelo-chamados.component.ts:9:15:
[37m      9 │   templateUrl: [32m'./modelo-chamados.component.html'[37m,
        ╵                [32m~~~~~~~~~~~~~~~~~~~~~~~~~~~~~~~~~~[0m


[31mX [41;31m[[41;97mERROR[41;31m][0m [1mNG9: Property 'secaoCompleta' does not exist on type 'ModeloChamadosComponent'.[0m [1m[35m[plugin angular-compiler][0m

    src/app/wiki/pages/modelo-chamados/modelo-chamados.component.html:577:36:
[37m      577 │         [class.mp-secao--completa]="[32msecaoCompleta[37m('analise')">
          ╵                                     [32m~~~~~~~~~~~~~[0m

  Error occurs in the template of component ModeloChamadosComponent.

    src/app/wiki/pages/modelo-chamados/modelo-chamados.component.ts:9:15:
[37m      9 │   templateUrl: [32m'./modelo-chamados.component.html'[37m,
        ╵                [32m~~~~~~~~~~~~~~~~~~~~~~~~~~~~~~~~~~[0m


[31mX [41;31m[[41;97mERROR[41;31m][0m [1mNG9: Property 'toggleSecao' does not exist on type 'ModeloChamadosComponent'.[0m [1m[35m[plugin angular-compiler][0m

    src/app/wiki/pages/modelo-chamados/modelo-chamados.component.html:578:50:
[37m      578 │ ...header class="mp-secao__header" (click)="[32mtoggleSecao[37m('analise')">
          ╵                                             [32m~~~~~~~~~~~[0m

  Error occurs in the template of component ModeloChamadosComponent.

    src/app/wiki/pages/modelo-chamados/modelo-chamados.component.ts:9:15:
[37m      9 │   templateUrl: [32m'./modelo-chamados.component.html'[37m,
        ╵                [32m~~~~~~~~~~~~~~~~~~~~~~~~~~~~~~~~~~[0m


[31mX [41;31m[[41;97mERROR[41;31m][0m [1mNG9: Property 'secaoAberta' does not exist on type 'ModeloChamadosComponent'.[0m [1m[35m[plugin angular-compiler][0m

    src/app/wiki/pages/modelo-chamados/modelo-chamados.component.html:583:50:
[37m      583 │ ...p-secao__seta" [ngClass]="[32msecaoAberta[37m('analise') ? 'bi-chevron...
          ╵                              [32m~~~~~~~~~~~[0m

  Error occurs in the template of component ModeloChamadosComponent.

    src/app/wiki/pages/modelo-chamados/modelo-chamados.component.ts:9:15:
[37m      9 │   templateUrl: [32m'./modelo-chamados.component.html'[37m,
        ╵                [32m~~~~~~~~~~~~~~~~~~~~~~~~~~~~~~~~~~[0m


[31mX [41;31m[[41;97mERROR[41;31m][0m [1mNG9: Property 'secaoAberta' does not exist on type 'ModeloChamadosComponent'.[0m [1m[35m[plugin angular-compiler][0m

    src/app/wiki/pages/modelo-chamados/modelo-chamados.component.html:585:43:
[37m      585 │         <div class="mp-secao__body" *ngIf="[32msecaoAberta[37m('analise')">
          ╵                                            [32m~~~~~~~~~~~[0m

  Error occurs in the template of component ModeloChamadosComponent.

    src/app/wiki/pages/modelo-chamados/modelo-chamados.component.ts:9:15:
[37m      9 │   templateUrl: [32m'./modelo-chamados.component.html'[37m,
        ╵                [32m~~~~~~~~~~~~~~~~~~~~~~~~~~~~~~~~~~[0m


[31mX [41;31m[[41;97mERROR[41;31m][0m [1mNG9: Property 'analiseTecnica' does not exist on type 'ModeloChamadosComponent'.[0m [1m[35m[plugin angular-compiler][0m

    src/app/wiki/pages/modelo-chamados/modelo-chamados.component.html:596:74:
[37m      596 │ ..." rows="6" [(ngModel)]="[32manaliseTecnica[37m" placeholder="Descreva ...
          ╵                            [32m~~~~~~~~~~~~~~[0m

  Error occurs in the template of component ModeloChamadosComponent.

    src/app/wiki/pages/modelo-chamados/modelo-chamados.component.ts:9:15:
[37m      9 │   templateUrl: [32m'./modelo-chamados.component.html'[37m,
        ╵                [32m~~~~~~~~~~~~~~~~~~~~~~~~~~~~~~~~~~[0m


[31mX [41;31m[[41;97mERROR[41;31m][0m [1mNG9: Property 'analiseTecnica' does not exist on type 'ModeloChamadosComponent'.[0m [1m[35m[plugin angular-compiler][0m

    src/app/wiki/pages/modelo-chamados/modelo-chamados.component.html:596:74:
[37m      596 │ ..." rows="6" [(ngModel)]="[32manaliseTecnica[37m" placeholder="Descreva ...
          ╵                            [32m~~~~~~~~~~~~~~[0m

  Error occurs in the template of component ModeloChamadosComponent.

    src/app/wiki/pages/modelo-chamados/modelo-chamados.component.ts:9:15:
[37m      9 │   templateUrl: [32m'./modelo-chamados.component.html'[37m,
        ╵                [32m~~~~~~~~~~~~~~~~~~~~~~~~~~~~~~~~~~[0m


[31mX [41;31m[[41;97mERROR[41;31m][0m [1mNG9: Property 'tentouEnviar' does not exist on type 'ModeloChamadosComponent'.[0m [1m[35m[plugin angular-compiler][0m

    src/app/wiki/pages/modelo-chamados/modelo-chamados.component.html:597:43:
[37m      597 │ ...ss="mp-validacao" *ngIf="[32mtentouEnviar[37m && !criterioConcluido('a...
          ╵                             [32m~~~~~~~~~~~~[0m

  Error occurs in the template of component ModeloChamadosComponent.

    src/app/wiki/pages/modelo-chamados/modelo-chamados.component.ts:9:15:
[37m      9 │   templateUrl: [32m'./modelo-chamados.component.html'[37m,
        ╵                [32m~~~~~~~~~~~~~~~~~~~~~~~~~~~~~~~~~~[0m


[31mX [41;31m[[41;97mERROR[41;31m][0m [1mNG9: Property 'criterioConcluido' does not exist on type 'ModeloChamadosComponent'.[0m [1m[35m[plugin angular-compiler][0m

    src/app/wiki/pages/modelo-chamados/modelo-chamados.component.html:597:60:
[37m      597 │ ...validacao" *ngIf="tentouEnviar && ![32mcriterioConcluido[37m('analise')">
          ╵                                       [32m~~~~~~~~~~~~~~~~~[0m

  Error occurs in the template of component ModeloChamadosComponent.

    src/app/wiki/pages/modelo-chamados/modelo-chamados.component.ts:9:15:
[37m      9 │   templateUrl: [32m'./modelo-chamados.component.html'[37m,
        ╵                [32m~~~~~~~~~~~~~~~~~~~~~~~~~~~~~~~~~~[0m


[31mX [41;31m[[41;97mERROR[41;31m][0m [1mNG9: Property 'secaoCompleta' does not exist on type 'ModeloChamadosComponent'.[0m [1m[35m[plugin angular-compiler][0m

    src/app/wiki/pages/modelo-chamados/modelo-chamados.component.html:604:99:
[37m      604 │ ...ecao="banco" [class.mp-secao--completa]="[32msecaoCompleta[37m('banco')">
          ╵                                             [32m~~~~~~~~~~~~~[0m

  Error occurs in the template of component ModeloChamadosComponent.

    src/app/wiki/pages/modelo-chamados/modelo-chamados.component.ts:9:15:
[37m      9 │   templateUrl: [32m'./modelo-chamados.component.html'[37m,
        ╵                [32m~~~~~~~~~~~~~~~~~~~~~~~~~~~~~~~~~~[0m


[31mX [41;31m[[41;97mERROR[41;31m][0m [1mNG9: Property 'toggleSecao' does not exist on type 'ModeloChamadosComponent'.[0m [1m[35m[plugin angular-compiler][0m

    src/app/wiki/pages/modelo-chamados/modelo-chamados.component.html:605:50:
[37m      605 │ ... <header class="mp-secao__header" (click)="[32mtoggleSecao[37m('banco')">
          ╵                                               [32m~~~~~~~~~~~[0m

  Error occurs in the template of component ModeloChamadosComponent.

    src/app/wiki/pages/modelo-chamados/modelo-chamados.component.ts:9:15:
[37m      9 │   templateUrl: [32m'./modelo-chamados.component.html'[37m,
        ╵                [32m~~~~~~~~~~~~~~~~~~~~~~~~~~~~~~~~~~[0m


[31mX [41;31m[[41;97mERROR[41;31m][0m [1mNG9: Property 'secaoAberta' does not exist on type 'ModeloChamadosComponent'.[0m [1m[35m[plugin angular-compiler][0m

    src/app/wiki/pages/modelo-chamados/modelo-chamados.component.html:610:50:
[37m      610 │ ...p-secao__seta" [ngClass]="[32msecaoAberta[37m('banco') ? 'bi-chevron-u...
          ╵                              [32m~~~~~~~~~~~[0m

  Error occurs in the template of component ModeloChamadosComponent.

    src/app/wiki/pages/modelo-chamados/modelo-chamados.component.ts:9:15:
[37m      9 │   templateUrl: [32m'./modelo-chamados.component.html'[37m,
        ╵                [32m~~~~~~~~~~~~~~~~~~~~~~~~~~~~~~~~~~[0m


[31mX [41;31m[[41;97mERROR[41;31m][0m [1mNG9: Property 'secaoAberta' does not exist on type 'ModeloChamadosComponent'.[0m [1m[35m[plugin angular-compiler][0m

    src/app/wiki/pages/modelo-chamados/modelo-chamados.component.html:612:43:
[37m      612 │         <div class="mp-secao__body" *ngIf="[32msecaoAberta[37m('banco')">
          ╵                                            [32m~~~~~~~~~~~[0m

  Error occurs in the template of component ModeloChamadosComponent.

    src/app/wiki/pages/modelo-chamados/modelo-chamados.component.ts:9:15:
[37m      9 │   templateUrl: [32m'./modelo-chamados.component.html'[37m,
        ╵                [32m~~~~~~~~~~~~~~~~~~~~~~~~~~~~~~~~~~[0m


[31mX [41;31m[[41;97mERROR[41;31m][0m [1mNG9: Property 'analiseBancoScripts' does not exist on type 'ModeloChamadosComponent'.[0m [1m[35m[plugin angular-compiler][0m

    src/app/wiki/pages/modelo-chamados/modelo-chamados.component.html:617:76:
[37m      617 │ ...rows="4" [(ngModel)]="[32manaliseBancoScripts[37m" placeholder="Cole o...
          ╵                          [32m~~~~~~~~~~~~~~~~~~~[0m

  Error occurs in the template of component ModeloChamadosComponent.

    src/app/wiki/pages/modelo-chamados/modelo-chamados.component.ts:9:15:
[37m      9 │   templateUrl: [32m'./modelo-chamados.component.html'[37m,
        ╵                [32m~~~~~~~~~~~~~~~~~~~~~~~~~~~~~~~~~~[0m


[31mX [41;31m[[41;97mERROR[41;31m][0m [1mNG9: Property 'analiseBancoScripts' does not exist on type 'ModeloChamadosComponent'.[0m [1m[35m[plugin angular-compiler][0m

    src/app/wiki/pages/modelo-chamados/modelo-chamados.component.html:617:76:
[37m      617 │ ...rows="4" [(ngModel)]="[32manaliseBancoScripts[37m" placeholder="Cole o...
          ╵                          [32m~~~~~~~~~~~~~~~~~~~[0m

  Error occurs in the template of component ModeloChamadosComponent.

    src/app/wiki/pages/modelo-chamados/modelo-chamados.component.ts:9:15:
[37m      9 │   templateUrl: [32m'./modelo-chamados.component.html'[37m,
        ╵                [32m~~~~~~~~~~~~~~~~~~~~~~~~~~~~~~~~~~[0m


[31mX [41;31m[[41;97mERROR[41;31m][0m [1mNG9: Property 'analiseBancoResultados' does not exist on type 'ModeloChamadosComponent'.[0m [1m[35m[plugin angular-compiler][0m

    src/app/wiki/pages/modelo-chamados/modelo-chamados.component.html:621:76:
[37m      621 │ ...ws="3" [(ngModel)]="[32manaliseBancoResultados[37m" placeholder="Ex.: ...
          ╵                        [32m~~~~~~~~~~~~~~~~~~~~~~[0m

  Error occurs in the template of component ModeloChamadosComponent.

    src/app/wiki/pages/modelo-chamados/modelo-chamados.component.ts:9:15:
[37m      9 │   templateUrl: [32m'./modelo-chamados.component.html'[37m,
        ╵                [32m~~~~~~~~~~~~~~~~~~~~~~~~~~~~~~~~~~[0m


[31mX [41;31m[[41;97mERROR[41;31m][0m [1mNG9: Property 'analiseBancoResultados' does not exist on type 'ModeloChamadosComponent'.[0m [1m[35m[plugin angular-compiler][0m

    src/app/wiki/pages/modelo-chamados/modelo-chamados.component.html:621:76:
[37m      621 │ ...ws="3" [(ngModel)]="[32manaliseBancoResultados[37m" placeholder="Ex.: ...
          ╵                        [32m~~~~~~~~~~~~~~~~~~~~~~[0m

  Error occurs in the template of component ModeloChamadosComponent.

    src/app/wiki/pages/modelo-chamados/modelo-chamados.component.ts:9:15:
[37m      9 │   templateUrl: [32m'./modelo-chamados.component.html'[37m,
        ╵                [32m~~~~~~~~~~~~~~~~~~~~~~~~~~~~~~~~~~[0m


[31mX [41;31m[[41;97mERROR[41;31m][0m [1mNG9: Property 'analiseBancoObservacoes' does not exist on type 'ModeloChamadosComponent'.[0m [1m[35m[plugin angular-compiler][0m

    src/app/wiki/pages/modelo-chamados/modelo-chamados.component.html:625:76:
[37m      625 │ ...ws="3" [(ngModel)]="[32manaliseBancoObservacoes[37m" placeholder="Quan...
          ╵                        [32m~~~~~~~~~~~~~~~~~~~~~~~[0m

  Error occurs in the template of component ModeloChamadosComponent.

    src/app/wiki/pages/modelo-chamados/modelo-chamados.component.ts:9:15:
[37m      9 │   templateUrl: [32m'./modelo-chamados.component.html'[37m,
        ╵                [32m~~~~~~~~~~~~~~~~~~~~~~~~~~~~~~~~~~[0m


[31mX [41;31m[[41;97mERROR[41;31m][0m [1mNG9: Property 'analiseBancoObservacoes' does not exist on type 'ModeloChamadosComponent'.[0m [1m[35m[plugin angular-compiler][0m

    src/app/wiki/pages/modelo-chamados/modelo-chamados.component.html:625:76:
[37m      625 │ ...ws="3" [(ngModel)]="[32manaliseBancoObservacoes[37m" placeholder="Quan...
          ╵                        [32m~~~~~~~~~~~~~~~~~~~~~~~[0m

  Error occurs in the template of component ModeloChamadosComponent.

    src/app/wiki/pages/modelo-chamados/modelo-chamados.component.ts:9:15:
[37m      9 │   templateUrl: [32m'./modelo-chamados.component.html'[37m,
        ╵                [32m~~~~~~~~~~~~~~~~~~~~~~~~~~~~~~~~~~[0m


[31mX [41;31m[[41;97mERROR[41;31m][0m [1mNG9: Property 'secaoCompleta' does not exist on type 'ModeloChamadosComponent'.[0m [1m[35m[plugin angular-compiler][0m

    src/app/wiki/pages/modelo-chamados/modelo-chamados.component.html:631:97:
[37m      631 │ ...-secao="logs" [class.mp-secao--completa]="[32msecaoCompleta[37m('logs')">
          ╵                                              [32m~~~~~~~~~~~~~[0m

  Error occurs in the template of component ModeloChamadosComponent.

    src/app/wiki/pages/modelo-chamados/modelo-chamados.component.ts:9:15:
[37m      9 │   templateUrl: [32m'./modelo-chamados.component.html'[37m,
        ╵                [32m~~~~~~~~~~~~~~~~~~~~~~~~~~~~~~~~~~[0m


[31mX [41;31m[[41;97mERROR[41;31m][0m [1mNG9: Property 'toggleSecao' does not exist on type 'ModeloChamadosComponent'.[0m [1m[35m[plugin angular-compiler][0m

    src/app/wiki/pages/modelo-chamados/modelo-chamados.component.html:632:50:
[37m      632 │ ...  <header class="mp-secao__header" (click)="[32mtoggleSecao[37m('logs')">
          ╵                                                [32m~~~~~~~~~~~[0m

  Error occurs in the template of component ModeloChamadosComponent.

    src/app/wiki/pages/modelo-chamados/modelo-chamados.component.ts:9:15:
[37m      9 │   templateUrl: [32m'./modelo-chamados.component.html'[37m,
        ╵                [32m~~~~~~~~~~~~~~~~~~~~~~~~~~~~~~~~~~[0m


[31mX [41;31m[[41;97mERROR[41;31m][0m [1mNG9: Property 'secaoAberta' does not exist on type 'ModeloChamadosComponent'.[0m [1m[35m[plugin angular-compiler][0m

    src/app/wiki/pages/modelo-chamados/modelo-chamados.component.html:637:50:
[37m      637 │ ...p-secao__seta" [ngClass]="[32msecaoAberta[37m('logs') ? 'bi-chevron-up...
          ╵                              [32m~~~~~~~~~~~[0m

  Error occurs in the template of component ModeloChamadosComponent.

    src/app/wiki/pages/modelo-chamados/modelo-chamados.component.ts:9:15:
[37m      9 │   templateUrl: [32m'./modelo-chamados.component.html'[37m,
        ╵                [32m~~~~~~~~~~~~~~~~~~~~~~~~~~~~~~~~~~[0m


[31mX [41;31m[[41;97mERROR[41;31m][0m [1mNG9: Property 'secaoAberta' does not exist on type 'ModeloChamadosComponent'.[0m [1m[35m[plugin angular-compiler][0m

    src/app/wiki/pages/modelo-chamados/modelo-chamados.component.html:639:43:
[37m      639 │         <div class="mp-secao__body" *ngIf="[32msecaoAberta[37m('logs')">
          ╵                                            [32m~~~~~~~~~~~[0m

  Error occurs in the template of component ModeloChamadosComponent.

    src/app/wiki/pages/modelo-chamados/modelo-chamados.component.ts:9:15:
[37m      9 │   templateUrl: [32m'./modelo-chamados.component.html'[37m,
        ╵                [32m~~~~~~~~~~~~~~~~~~~~~~~~~~~~~~~~~~[0m


[31mX [41;31m[[41;97mERROR[41;31m][0m [1mNG9: Property 'logs' does not exist on type 'ModeloChamadosComponent'.[0m [1m[35m[plugin angular-compiler][0m

    src/app/wiki/pages/modelo-chamados/modelo-chamados.component.html:643:51:
[37m      643 │ ...     <div class="mp-log" *ngFor="let log of [32mlogs[37m; let i = index">
          ╵                                                [32m~~~~[0m

  Error occurs in the template of component ModeloChamadosComponent.

    src/app/wiki/pages/modelo-chamados/modelo-chamados.component.ts:9:15:
[37m      9 │   templateUrl: [32m'./modelo-chamados.component.html'[37m,
        ╵                [32m~~~~~~~~~~~~~~~~~~~~~~~~~~~~~~~~~~[0m


[31mX [41;31m[[41;97mERROR[41;31m][0m [1mNG9: Property 'removerLog' does not exist on type 'ModeloChamadosComponent'.[0m [1m[35m[plugin angular-compiler][0m

    src/app/wiki/pages/modelo-chamados/modelo-chamados.component.html:647:85:
[37m      647 │ ...-perigo-pequeno" (click)="[32mremoverLog[37m(i)"><i class="bi bi-trash...
          ╵                              [32m~~~~~~~~~~[0m

  Error occurs in the template of component ModeloChamadosComponent.

    src/app/wiki/pages/modelo-chamados/modelo-chamados.component.ts:9:15:
[37m      9 │   templateUrl: [32m'./modelo-chamados.component.html'[37m,
        ╵                [32m~~~~~~~~~~~~~~~~~~~~~~~~~~~~~~~~~~[0m


[31mX [41;31m[[41;97mERROR[41;31m][0m [1mNG9: Property 'adicionarLog' does not exist on type 'ModeloChamadosComponent'.[0m [1m[35m[plugin angular-compiler][0m

    src/app/wiki/pages/modelo-chamados/modelo-chamados.component.html:670:74:
[37m      670 │ ...btn--adicionar" (click)="[32madicionarLog[37m()"><i class="bi bi-plus-...
          ╵                             [32m~~~~~~~~~~~~[0m

  Error occurs in the template of component ModeloChamadosComponent.

    src/app/wiki/pages/modelo-chamados/modelo-chamados.component.ts:9:15:
[37m      9 │   templateUrl: [32m'./modelo-chamados.component.html'[37m,
        ╵                [32m~~~~~~~~~~~~~~~~~~~~~~~~~~~~~~~~~~[0m


[31mX [41;31m[[41;97mERROR[41;31m][0m [1mNG9: Property 'secaoCompleta' does not exist on type 'ModeloChamadosComponent'.[0m [1m[35m[plugin angular-compiler][0m

    src/app/wiki/pages/modelo-chamados/modelo-chamados.component.html:675:99:
[37m      675 │ ...ecao="infra" [class.mp-secao--completa]="[32msecaoCompleta[37m('infra')">
          ╵                                             [32m~~~~~~~~~~~~~[0m

  Error occurs in the template of component ModeloChamadosComponent.

    src/app/wiki/pages/modelo-chamados/modelo-chamados.component.ts:9:15:
[37m      9 │   templateUrl: [32m'./modelo-chamados.component.html'[37m,
        ╵                [32m~~~~~~~~~~~~~~~~~~~~~~~~~~~~~~~~~~[0m


[31mX [41;31m[[41;97mERROR[41;31m][0m [1mNG9: Property 'toggleSecao' does not exist on type 'ModeloChamadosComponent'.[0m [1m[35m[plugin angular-compiler][0m

    src/app/wiki/pages/modelo-chamados/modelo-chamados.component.html:676:50:
[37m      676 │ ... <header class="mp-secao__header" (click)="[32mtoggleSecao[37m('infra')">
          ╵                                               [32m~~~~~~~~~~~[0m

  Error occurs in the template of component ModeloChamadosComponent.

    src/app/wiki/pages/modelo-chamados/modelo-chamados.component.ts:9:15:
[37m      9 │   templateUrl: [32m'./modelo-chamados.component.html'[37m,
        ╵                [32m~~~~~~~~~~~~~~~~~~~~~~~~~~~~~~~~~~[0m


[31mX [41;31m[[41;97mERROR[41;31m][0m [1mNG9: Property 'secaoAberta' does not exist on type 'ModeloChamadosComponent'.[0m [1m[35m[plugin angular-compiler][0m

    src/app/wiki/pages/modelo-chamados/modelo-chamados.component.html:681:50:
[37m      681 │ ...p-secao__seta" [ngClass]="[32msecaoAberta[37m('infra') ? 'bi-chevron-u...
          ╵                              [32m~~~~~~~~~~~[0m

  Error occurs in the template of component ModeloChamadosComponent.

    src/app/wiki/pages/modelo-chamados/modelo-chamados.component.ts:9:15:
[37m      9 │   templateUrl: [32m'./modelo-chamados.component.html'[37m,
        ╵                [32m~~~~~~~~~~~~~~~~~~~~~~~~~~~~~~~~~~[0m


[31mX [41;31m[[41;97mERROR[41;31m][0m [1mNG9: Property 'secaoAberta' does not exist on type 'ModeloChamadosComponent'.[0m [1m[35m[plugin angular-compiler][0m

    src/app/wiki/pages/modelo-chamados/modelo-chamados.component.html:683:43:
[37m      683 │         <div class="mp-secao__body" *ngIf="[32msecaoAberta[37m('infra')">
          ╵                                            [32m~~~~~~~~~~~[0m

  Error occurs in the template of component ModeloChamadosComponent.

    src/app/wiki/pages/modelo-chamados/modelo-chamados.component.ts:9:15:
[37m      9 │   templateUrl: [32m'./modelo-chamados.component.html'[37m,
        ╵                [32m~~~~~~~~~~~~~~~~~~~~~~~~~~~~~~~~~~[0m


[31mX [41;31m[[41;97mERROR[41;31m][0m [1mNG9: Property 'infra' does not exist on type 'ModeloChamadosComponent'.[0m [1m[35m[plugin angular-compiler][0m

    src/app/wiki/pages/modelo-chamados/modelo-chamados.component.html:687:74:
[37m      687 │ ...hip" [class.mp-chip--ativo]="[32minfra[37m['servidor']" (click)="toggl...
          ╵                                 [32m~~~~~[0m

  Error occurs in the template of component ModeloChamadosComponent.

    src/app/wiki/pages/modelo-chamados/modelo-chamados.component.ts:9:15:
[37m      9 │   templateUrl: [32m'./modelo-chamados.component.html'[37m,
        ╵                [32m~~~~~~~~~~~~~~~~~~~~~~~~~~~~~~~~~~[0m


[31mX [41;31m[[41;97mERROR[41;31m][0m [1mNG9: Property 'toggle' does not exist on type 'ModeloChamadosComponent'.[0m [1m[35m[plugin angular-compiler][0m

    src/app/wiki/pages/modelo-chamados/modelo-chamados.component.html:687:102:
[37m      687 │ ...infra['servidor']" (click)="[32mtoggle[37m(infra, 'servidor')">Servido...
          ╵                                [32m~~~~~~[0m

  Error occurs in the template of component ModeloChamadosComponent.

    src/app/wiki/pages/modelo-chamados/modelo-chamados.component.ts:9:15:
[37m      9 │   templateUrl: [32m'./modelo-chamados.component.html'[37m,
        ╵                [32m~~~~~~~~~~~~~~~~~~~~~~~~~~~~~~~~~~[0m


[31mX [41;31m[[41;97mERROR[41;31m][0m [1mNG9: Property 'infra' does not exist on type 'ModeloChamadosComponent'.[0m [1m[35m[plugin angular-compiler][0m

    src/app/wiki/pages/modelo-chamados/modelo-chamados.component.html:687:109:
[37m      687 │ ...'servidor']" (click)="toggle([32minfra[37m, 'servidor')">Servidor</but...
          ╵                                 [32m~~~~~[0m

  Error occurs in the template of component ModeloChamadosComponent.

    src/app/wiki/pages/modelo-chamados/modelo-chamados.component.ts:9:15:
[37m      9 │   templateUrl: [32m'./modelo-chamados.component.html'[37m,
        ╵                [32m~~~~~~~~~~~~~~~~~~~~~~~~~~~~~~~~~~[0m


[31mX [41;31m[[41;97mERROR[41;31m][0m [1mNG9: Property 'infra' does not exist on type 'ModeloChamadosComponent'.[0m [1m[35m[plugin angular-compiler][0m

    src/app/wiki/pages/modelo-chamados/modelo-chamados.component.html:688:74:
[37m      688 │ ...hip" [class.mp-chip--ativo]="[32minfra[37m['cpu']" (click)="toggle(inf...
          ╵                                 [32m~~~~~[0m

  Error occurs in the template of component ModeloChamadosComponent.

    src/app/wiki/pages/modelo-chamados/modelo-chamados.component.ts:9:15:
[37m      9 │   templateUrl: [32m'./modelo-chamados.component.html'[37m,
        ╵                [32m~~~~~~~~~~~~~~~~~~~~~~~~~~~~~~~~~~[0m


[31mX [41;31m[[41;97mERROR[41;31m][0m [1mNG9: Property 'toggle' does not exist on type 'ModeloChamadosComponent'.[0m [1m[35m[plugin angular-compiler][0m

    src/app/wiki/pages/modelo-chamados/modelo-chamados.component.html:688:97:
[37m      688 │ ...ativo]="infra['cpu']" (click)="[32mtoggle[37m(infra, 'cpu')">CPU</button>
          ╵                                   [32m~~~~~~[0m

  Error occurs in the template of component ModeloChamadosComponent.

    src/app/wiki/pages/modelo-chamados/modelo-chamados.component.ts:9:15:
[37m      9 │   templateUrl: [32m'./modelo-chamados.component.html'[37m,
        ╵                [32m~~~~~~~~~~~~~~~~~~~~~~~~~~~~~~~~~~[0m


[31mX [41;31m[[41;97mERROR[41;31m][0m [1mNG9: Property 'infra' does not exist on type 'ModeloChamadosComponent'.[0m [1m[35m[plugin angular-compiler][0m

    src/app/wiki/pages/modelo-chamados/modelo-chamados.component.html:688:104:
[37m      688 │ ...ativo]="infra['cpu']" (click)="toggle([32minfra[37m, 'cpu')">CPU</button>
          ╵                                          [32m~~~~~[0m

  Error occurs in the template of component ModeloChamadosComponent.

    src/app/wiki/pages/modelo-chamados/modelo-chamados.component.ts:9:15:
[37m      9 │   templateUrl: [32m'./modelo-chamados.component.html'[37m,
        ╵                [32m~~~~~~~~~~~~~~~~~~~~~~~~~~~~~~~~~~[0m


[31mX [41;31m[[41;97mERROR[41;31m][0m [1mNG9: Property 'infra' does not exist on type 'ModeloChamadosComponent'.[0m [1m[35m[plugin angular-compiler][0m

    src/app/wiki/pages/modelo-chamados/modelo-chamados.component.html:689:74:
[37m      689 │ ...hip" [class.mp-chip--ativo]="[32minfra[37m['ram']" (click)="toggle(inf...
          ╵                                 [32m~~~~~[0m

  Error occurs in the template of component ModeloChamadosComponent.

    src/app/wiki/pages/modelo-chamados/modelo-chamados.component.ts:9:15:
[37m      9 │   templateUrl: [32m'./modelo-chamados.component.html'[37m,
        ╵                [32m~~~~~~~~~~~~~~~~~~~~~~~~~~~~~~~~~~[0m


[31mX [41;31m[[41;97mERROR[41;31m][0m [1mNG9: Property 'toggle' does not exist on type 'ModeloChamadosComponent'.[0m [1m[35m[plugin angular-compiler][0m

    src/app/wiki/pages/modelo-chamados/modelo-chamados.component.html:689:97:
[37m      689 │ ...ativo]="infra['ram']" (click)="[32mtoggle[37m(infra, 'ram')">RAM</button>
          ╵                                   [32m~~~~~~[0m

  Error occurs in the template of component ModeloChamadosComponent.

    src/app/wiki/pages/modelo-chamados/modelo-chamados.component.ts:9:15:
[37m      9 │   templateUrl: [32m'./modelo-chamados.component.html'[37m,
        ╵                [32m~~~~~~~~~~~~~~~~~~~~~~~~~~~~~~~~~~[0m


[31mX [41;31m[[41;97mERROR[41;31m][0m [1mNG9: Property 'infra' does not exist on type 'ModeloChamadosComponent'.[0m [1m[35m[plugin angular-compiler][0m

    src/app/wiki/pages/modelo-chamados/modelo-chamados.component.html:689:104:
[37m      689 │ ...ativo]="infra['ram']" (click)="toggle([32minfra[37m, 'ram')">RAM</button>
          ╵                                          [32m~~~~~[0m

  Error occurs in the template of component ModeloChamadosComponent.

    src/app/wiki/pages/modelo-chamados/modelo-chamados.component.ts:9:15:
[37m      9 │   templateUrl: [32m'./modelo-chamados.component.html'[37m,
        ╵                [32m~~~~~~~~~~~~~~~~~~~~~~~~~~~~~~~~~~[0m


[31mX [41;31m[[41;97mERROR[41;31m][0m [1mNG9: Property 'infra' does not exist on type 'ModeloChamadosComponent'.[0m [1m[35m[plugin angular-compiler][0m

    src/app/wiki/pages/modelo-chamados/modelo-chamados.component.html:690:74:
[37m      690 │ ...hip" [class.mp-chip--ativo]="[32minfra[37m['disco']" (click)="toggle(i...
          ╵                                 [32m~~~~~[0m

  Error occurs in the template of component ModeloChamadosComponent.

    src/app/wiki/pages/modelo-chamados/modelo-chamados.component.ts:9:15:
[37m      9 │   templateUrl: [32m'./modelo-chamados.component.html'[37m,
        ╵                [32m~~~~~~~~~~~~~~~~~~~~~~~~~~~~~~~~~~[0m


[31mX [41;31m[[41;97mERROR[41;31m][0m [1mNG9: Property 'toggle' does not exist on type 'ModeloChamadosComponent'.[0m [1m[35m[plugin angular-compiler][0m

    src/app/wiki/pages/modelo-chamados/modelo-chamados.component.html:690:99:
[37m      690 │ ...]="infra['disco']" (click)="[32mtoggle[37m(infra, 'disco')">Disco</but...
          ╵                                [32m~~~~~~[0m

  Error occurs in the template of component ModeloChamadosComponent.

    src/app/wiki/pages/modelo-chamados/modelo-chamados.component.ts:9:15:
[37m      9 │   templateUrl: [32m'./modelo-chamados.component.html'[37m,
        ╵                [32m~~~~~~~~~~~~~~~~~~~~~~~~~~~~~~~~~~[0m


[31mX [41;31m[[41;97mERROR[41;31m][0m [1mNG9: Property 'infra' does not exist on type 'ModeloChamadosComponent'.[0m [1m[35m[plugin angular-compiler][0m

    src/app/wiki/pages/modelo-chamados/modelo-chamados.component.html:690:106:
[37m      690 │ ...="infra['disco']" (click)="toggle([32minfra[37m, 'disco')">Disco</button>
          ╵                                      [32m~~~~~[0m

  Error occurs in the template of component ModeloChamadosComponent.

    src/app/wiki/pages/modelo-chamados/modelo-chamados.component.ts:9:15:
[37m      9 │   templateUrl: [32m'./modelo-chamados.component.html'[37m,
        ╵                [32m~~~~~~~~~~~~~~~~~~~~~~~~~~~~~~~~~~[0m


[31mX [41;31m[[41;97mERROR[41;31m][0m [1mNG9: Property 'infra' does not exist on type 'ModeloChamadosComponent'.[0m [1m[35m[plugin angular-compiler][0m

    src/app/wiki/pages/modelo-chamados/modelo-chamados.component.html:691:74:
[37m      691 │ ...hip" [class.mp-chip--ativo]="[32minfra[37m['rede']" (click)="toggle(in...
          ╵                                 [32m~~~~~[0m

  Error occurs in the template of component ModeloChamadosComponent.

    src/app/wiki/pages/modelo-chamados/modelo-chamados.component.ts:9:15:
[37m      9 │   templateUrl: [32m'./modelo-chamados.component.html'[37m,
        ╵                [32m~~~~~~~~~~~~~~~~~~~~~~~~~~~~~~~~~~[0m


[31mX [41;31m[[41;97mERROR[41;31m][0m [1mNG9: Property 'toggle' does not exist on type 'ModeloChamadosComponent'.[0m [1m[35m[plugin angular-compiler][0m

    src/app/wiki/pages/modelo-chamados/modelo-chamados.component.html:691:98:
[37m      691 │ ...vo]="infra['rede']" (click)="[32mtoggle[37m(infra, 'rede')">Rede</button>
          ╵                                 [32m~~~~~~[0m

  Error occurs in the template of component ModeloChamadosComponent.

    src/app/wiki/pages/modelo-chamados/modelo-chamados.component.ts:9:15:
[37m      9 │   templateUrl: [32m'./modelo-chamados.component.html'[37m,
        ╵                [32m~~~~~~~~~~~~~~~~~~~~~~~~~~~~~~~~~~[0m


[31mX [41;31m[[41;97mERROR[41;31m][0m [1mNG9: Property 'infra' does not exist on type 'ModeloChamadosComponent'.[0m [1m[35m[plugin angular-compiler][0m

    src/app/wiki/pages/modelo-chamados/modelo-chamados.component.html:691:105:
[37m      691 │ ...vo]="infra['rede']" (click)="toggle([32minfra[37m, 'rede')">Rede</button>
          ╵                                        [32m~~~~~[0m

  Error occurs in the template of component ModeloChamadosComponent.

    src/app/wiki/pages/modelo-chamados/modelo-chamados.component.ts:9:15:
[37m      9 │   templateUrl: [32m'./modelo-chamados.component.html'[37m,
        ╵                [32m~~~~~~~~~~~~~~~~~~~~~~~~~~~~~~~~~~[0m


[31mX [41;31m[[41;97mERROR[41;31m][0m [1mNG9: Property 'infra' does not exist on type 'ModeloChamadosComponent'.[0m [1m[35m[plugin angular-compiler][0m

    src/app/wiki/pages/modelo-chamados/modelo-chamados.component.html:692:74:
[37m      692 │ ...hip" [class.mp-chip--ativo]="[32minfra[37m['vpn']" (click)="toggle(inf...
          ╵                                 [32m~~~~~[0m

  Error occurs in the template of component ModeloChamadosComponent.

    src/app/wiki/pages/modelo-chamados/modelo-chamados.component.ts:9:15:
[37m      9 │   templateUrl: [32m'./modelo-chamados.component.html'[37m,
        ╵                [32m~~~~~~~~~~~~~~~~~~~~~~~~~~~~~~~~~~[0m


[31mX [41;31m[[41;97mERROR[41;31m][0m [1mNG9: Property 'toggle' does not exist on type 'ModeloChamadosComponent'.[0m [1m[35m[plugin angular-compiler][0m

    src/app/wiki/pages/modelo-chamados/modelo-chamados.component.html:692:97:
[37m      692 │ ...ativo]="infra['vpn']" (click)="[32mtoggle[37m(infra, 'vpn')">VPN</button>
          ╵                                   [32m~~~~~~[0m

  Error occurs in the template of component ModeloChamadosComponent.

    src/app/wiki/pages/modelo-chamados/modelo-chamados.component.ts:9:15:
[37m      9 │   templateUrl: [32m'./modelo-chamados.component.html'[37m,
        ╵                [32m~~~~~~~~~~~~~~~~~~~~~~~~~~~~~~~~~~[0m


[31mX [41;31m[[41;97mERROR[41;31m][0m [1mNG9: Property 'infra' does not exist on type 'ModeloChamadosComponent'.[0m [1m[35m[plugin angular-compiler][0m

    src/app/wiki/pages/modelo-chamados/modelo-chamados.component.html:692:104:
[37m      692 │ ...ativo]="infra['vpn']" (click)="toggle([32minfra[37m, 'vpn')">VPN</button>
          ╵                                          [32m~~~~~[0m

  Error occurs in the template of component ModeloChamadosComponent.

    src/app/wiki/pages/modelo-chamados/modelo-chamados.component.ts:9:15:
[37m      9 │   templateUrl: [32m'./modelo-chamados.component.html'[37m,
        ╵                [32m~~~~~~~~~~~~~~~~~~~~~~~~~~~~~~~~~~[0m


[31mX [41;31m[[41;97mERROR[41;31m][0m [1mNG9: Property 'infra' does not exist on type 'ModeloChamadosComponent'.[0m [1m[35m[plugin angular-compiler][0m

    src/app/wiki/pages/modelo-chamados/modelo-chamados.component.html:693:74:
[37m      693 │ ...hip" [class.mp-chip--ativo]="[32minfra[37m['firewall']" (click)="toggl...
          ╵                                 [32m~~~~~[0m

  Error occurs in the template of component ModeloChamadosComponent.

    src/app/wiki/pages/modelo-chamados/modelo-chamados.component.ts:9:15:
[37m      9 │   templateUrl: [32m'./modelo-chamados.component.html'[37m,
        ╵                [32m~~~~~~~~~~~~~~~~~~~~~~~~~~~~~~~~~~[0m


[31mX [41;31m[[41;97mERROR[41;31m][0m [1mNG9: Property 'toggle' does not exist on type 'ModeloChamadosComponent'.[0m [1m[35m[plugin angular-compiler][0m

    src/app/wiki/pages/modelo-chamados/modelo-chamados.component.html:693:102:
[37m      693 │ ...infra['firewall']" (click)="[32mtoggle[37m(infra, 'firewall')">Firewal...
          ╵                                [32m~~~~~~[0m

  Error occurs in the template of component ModeloChamadosComponent.

    src/app/wiki/pages/modelo-chamados/modelo-chamados.component.ts:9:15:
[37m      9 │   templateUrl: [32m'./modelo-chamados.component.html'[37m,
        ╵                [32m~~~~~~~~~~~~~~~~~~~~~~~~~~~~~~~~~~[0m


[31mX [41;31m[[41;97mERROR[41;31m][0m [1mNG9: Property 'infra' does not exist on type 'ModeloChamadosComponent'.[0m [1m[35m[plugin angular-compiler][0m

    src/app/wiki/pages/modelo-chamados/modelo-chamados.component.html:693:109:
[37m      693 │ ...'firewall']" (click)="toggle([32minfra[37m, 'firewall')">Firewall</but...
          ╵                                 [32m~~~~~[0m

  Error occurs in the template of component ModeloChamadosComponent.

    src/app/wiki/pages/modelo-chamados/modelo-chamados.component.ts:9:15:
[37m      9 │   templateUrl: [32m'./modelo-chamados.component.html'[37m,
        ╵                [32m~~~~~~~~~~~~~~~~~~~~~~~~~~~~~~~~~~[0m


[31mX [41;31m[[41;97mERROR[41;31m][0m [1mNG9: Property 'infra' does not exist on type 'ModeloChamadosComponent'.[0m [1m[35m[plugin angular-compiler][0m

    src/app/wiki/pages/modelo-chamados/modelo-chamados.component.html:694:74:
[37m      694 │ ...hip" [class.mp-chip--ativo]="[32minfra[37m['iis']" (click)="toggle(inf...
          ╵                                 [32m~~~~~[0m

  Error occurs in the template of component ModeloChamadosComponent.

    src/app/wiki/pages/modelo-chamados/modelo-chamados.component.ts:9:15:
[37m      9 │   templateUrl: [32m'./modelo-chamados.component.html'[37m,
        ╵                [32m~~~~~~~~~~~~~~~~~~~~~~~~~~~~~~~~~~[0m


[31mX [41;31m[[41;97mERROR[41;31m][0m [1mNG9: Property 'toggle' does not exist on type 'ModeloChamadosComponent'.[0m [1m[35m[plugin angular-compiler][0m

    src/app/wiki/pages/modelo-chamados/modelo-chamados.component.html:694:97:
[37m      694 │ ...ativo]="infra['iis']" (click)="[32mtoggle[37m(infra, 'iis')">IIS</button>
          ╵                                   [32m~~~~~~[0m

  Error occurs in the template of component ModeloChamadosComponent.

    src/app/wiki/pages/modelo-chamados/modelo-chamados.component.ts:9:15:
[37m      9 │   templateUrl: [32m'./modelo-chamados.component.html'[37m,
        ╵                [32m~~~~~~~~~~~~~~~~~~~~~~~~~~~~~~~~~~[0m


[31mX [41;31m[[41;97mERROR[41;31m][0m [1mNG9: Property 'infra' does not exist on type 'ModeloChamadosComponent'.[0m [1m[35m[plugin angular-compiler][0m

    src/app/wiki/pages/modelo-chamados/modelo-chamados.component.html:694:104:
[37m      694 │ ...ativo]="infra['iis']" (click)="toggle([32minfra[37m, 'iis')">IIS</button>
          ╵                                          [32m~~~~~[0m

  Error occurs in the template of component ModeloChamadosComponent.

    src/app/wiki/pages/modelo-chamados/modelo-chamados.component.ts:9:15:
[37m      9 │   templateUrl: [32m'./modelo-chamados.component.html'[37m,
        ╵                [32m~~~~~~~~~~~~~~~~~~~~~~~~~~~~~~~~~~[0m


[31mX [41;31m[[41;97mERROR[41;31m][0m [1mNG9: Property 'infra' does not exist on type 'ModeloChamadosComponent'.[0m [1m[35m[plugin angular-compiler][0m

    src/app/wiki/pages/modelo-chamados/modelo-chamados.component.html:695:74:
[37m      695 │ ...hip" [class.mp-chip--ativo]="[32minfra[37m['sql']" (click)="toggle(inf...
          ╵                                 [32m~~~~~[0m

  Error occurs in the template of component ModeloChamadosComponent.

    src/app/wiki/pages/modelo-chamados/modelo-chamados.component.ts:9:15:
[37m      9 │   templateUrl: [32m'./modelo-chamados.component.html'[37m,
        ╵                [32m~~~~~~~~~~~~~~~~~~~~~~~~~~~~~~~~~~[0m


[31mX [41;31m[[41;97mERROR[41;31m][0m [1mNG9: Property 'toggle' does not exist on type 'ModeloChamadosComponent'.[0m [1m[35m[plugin angular-compiler][0m

    src/app/wiki/pages/modelo-chamados/modelo-chamados.component.html:695:97:
[37m      695 │ ...ativo]="infra['sql']" (click)="[32mtoggle[37m(infra, 'sql')">SQL</button>
          ╵                                   [32m~~~~~~[0m

  Error occurs in the template of component ModeloChamadosComponent.

    src/app/wiki/pages/modelo-chamados/modelo-chamados.component.ts:9:15:
[37m      9 │   templateUrl: [32m'./modelo-chamados.component.html'[37m,
        ╵                [32m~~~~~~~~~~~~~~~~~~~~~~~~~~~~~~~~~~[0m


[31mX [41;31m[[41;97mERROR[41;31m][0m [1mNG9: Property 'infra' does not exist on type 'ModeloChamadosComponent'.[0m [1m[35m[plugin angular-compiler][0m

    src/app/wiki/pages/modelo-chamados/modelo-chamados.component.html:695:104:
[37m      695 │ ...ativo]="infra['sql']" (click)="toggle([32minfra[37m, 'sql')">SQL</button>
          ╵                                          [32m~~~~~[0m

  Error occurs in the template of component ModeloChamadosComponent.

    src/app/wiki/pages/modelo-chamados/modelo-chamados.component.ts:9:15:
[37m      9 │   templateUrl: [32m'./modelo-chamados.component.html'[37m,
        ╵                [32m~~~~~~~~~~~~~~~~~~~~~~~~~~~~~~~~~~[0m


[31mX [41;31m[[41;97mERROR[41;31m][0m [1mNG9: Property 'infra' does not exist on type 'ModeloChamadosComponent'.[0m [1m[35m[plugin angular-compiler][0m

    src/app/wiki/pages/modelo-chamados/modelo-chamados.component.html:696:74:
[37m      696 │ ...hip" [class.mp-chip--ativo]="[32minfra[37m['servicos']" (click)="toggl...
          ╵                                 [32m~~~~~[0m

  Error occurs in the template of component ModeloChamadosComponent.

    src/app/wiki/pages/modelo-chamados/modelo-chamados.component.ts:9:15:
[37m      9 │   templateUrl: [32m'./modelo-chamados.component.html'[37m,
        ╵                [32m~~~~~~~~~~~~~~~~~~~~~~~~~~~~~~~~~~[0m


[31mX [41;31m[[41;97mERROR[41;31m][0m [1mNG9: Property 'toggle' does not exist on type 'ModeloChamadosComponent'.[0m [1m[35m[plugin angular-compiler][0m

    src/app/wiki/pages/modelo-chamados/modelo-chamados.component.html:696:102:
[37m      696 │ ...infra['servicos']" (click)="[32mtoggle[37m(infra, 'servicos')">Serviç...
          ╵                                [32m~~~~~~[0m

  Error occurs in the template of component ModeloChamadosComponent.

    src/app/wiki/pages/modelo-chamados/modelo-chamados.component.ts:9:15:
[37m      9 │   templateUrl: [32m'./modelo-chamados.component.html'[37m,
        ╵                [32m~~~~~~~~~~~~~~~~~~~~~~~~~~~~~~~~~~[0m


[31mX [41;31m[[41;97mERROR[41;31m][0m [1mNG9: Property 'infra' does not exist on type 'ModeloChamadosComponent'.[0m [1m[35m[plugin angular-compiler][0m

    src/app/wiki/pages/modelo-chamados/modelo-chamados.component.html:696:109:
[37m      696 │ ...'servicos']" (click)="toggle([32minfra[37m, 'servicos')">Serviços</bu...
          ╵                                 [32m~~~~~[0m

  Error occurs in the template of component ModeloChamadosComponent.

    src/app/wiki/pages/modelo-chamados/modelo-chamados.component.ts:9:15:
[37m      9 │   templateUrl: [32m'./modelo-chamados.component.html'[37m,
        ╵                [32m~~~~~~~~~~~~~~~~~~~~~~~~~~~~~~~~~~[0m


[31mX [41;31m[[41;97mERROR[41;31m][0m [1mNG9: Property 'infra' does not exist on type 'ModeloChamadosComponent'.[0m [1m[35m[plugin angular-compiler][0m

    src/app/wiki/pages/modelo-chamados/modelo-chamados.component.html:697:74:
[37m      697 │ ...hip" [class.mp-chip--ativo]="[32minfra[37m['api']" (click)="toggle(inf...
          ╵                                 [32m~~~~~[0m

  Error occurs in the template of component ModeloChamadosComponent.

    src/app/wiki/pages/modelo-chamados/modelo-chamados.component.ts:9:15:
[37m      9 │   templateUrl: [32m'./modelo-chamados.component.html'[37m,
        ╵                [32m~~~~~~~~~~~~~~~~~~~~~~~~~~~~~~~~~~[0m


[31mX [41;31m[[41;97mERROR[41;31m][0m [1mNG9: Property 'toggle' does not exist on type 'ModeloChamadosComponent'.[0m [1m[35m[plugin angular-compiler][0m

    src/app/wiki/pages/modelo-chamados/modelo-chamados.component.html:697:97:
[37m      697 │ ...ativo]="infra['api']" (click)="[32mtoggle[37m(infra, 'api')">API</button>
          ╵                                   [32m~~~~~~[0m

  Error occurs in the template of component ModeloChamadosComponent.

    src/app/wiki/pages/modelo-chamados/modelo-chamados.component.ts:9:15:
[37m      9 │   templateUrl: [32m'./modelo-chamados.component.html'[37m,
        ╵                [32m~~~~~~~~~~~~~~~~~~~~~~~~~~~~~~~~~~[0m


[31mX [41;31m[[41;97mERROR[41;31m][0m [1mNG9: Property 'infra' does not exist on type 'ModeloChamadosComponent'.[0m [1m[35m[plugin angular-compiler][0m

    src/app/wiki/pages/modelo-chamados/modelo-chamados.component.html:697:104:
[37m      697 │ ...ativo]="infra['api']" (click)="toggle([32minfra[37m, 'api')">API</button>
          ╵                                          [32m~~~~~[0m

  Error occurs in the template of component ModeloChamadosComponent.

    src/app/wiki/pages/modelo-chamados/modelo-chamados.component.ts:9:15:
[37m      9 │   templateUrl: [32m'./modelo-chamados.component.html'[37m,
        ╵                [32m~~~~~~~~~~~~~~~~~~~~~~~~~~~~~~~~~~[0m


[31mX [41;31m[[41;97mERROR[41;31m][0m [1mNG9: Property 'infra' does not exist on type 'ModeloChamadosComponent'.[0m [1m[35m[plugin angular-compiler][0m

    src/app/wiki/pages/modelo-chamados/modelo-chamados.component.html:698:74:
[37m      698 │ ...hip" [class.mp-chip--ativo]="[32minfra[37m['certificados']" (click)="t...
          ╵                                 [32m~~~~~[0m

  Error occurs in the template of component ModeloChamadosComponent.

    src/app/wiki/pages/modelo-chamados/modelo-chamados.component.ts:9:15:
[37m      9 │   templateUrl: [32m'./modelo-chamados.component.html'[37m,
        ╵                [32m~~~~~~~~~~~~~~~~~~~~~~~~~~~~~~~~~~[0m


[31mX [41;31m[[41;97mERROR[41;31m][0m [1mNG9: Property 'toggle' does not exist on type 'ModeloChamadosComponent'.[0m [1m[35m[plugin angular-compiler][0m

    src/app/wiki/pages/modelo-chamados/modelo-chamados.component.html:698:106:
[37m      698 │ ...a['certificados']" (click)="[32mtoggle[37m(infra, 'certificados')">Cer...
          ╵                                [32m~~~~~~[0m

  Error occurs in the template of component ModeloChamadosComponent.

    src/app/wiki/pages/modelo-chamados/modelo-chamados.component.ts:9:15:
[37m      9 │   templateUrl: [32m'./modelo-chamados.component.html'[37m,
        ╵                [32m~~~~~~~~~~~~~~~~~~~~~~~~~~~~~~~~~~[0m


[31mX [41;31m[[41;97mERROR[41;31m][0m [1mNG9: Property 'infra' does not exist on type 'ModeloChamadosComponent'.[0m [1m[35m[plugin angular-compiler][0m

    src/app/wiki/pages/modelo-chamados/modelo-chamados.component.html:698:113:
[37m      698 │ ...tificados']" (click)="toggle([32minfra[37m, 'certificados')">Certifica...
          ╵                                 [32m~~~~~[0m

  Error occurs in the template of component ModeloChamadosComponent.

    src/app/wiki/pages/modelo-chamados/modelo-chamados.component.ts:9:15:
[37m      9 │   templateUrl: [32m'./modelo-chamados.component.html'[37m,
        ╵                [32m~~~~~~~~~~~~~~~~~~~~~~~~~~~~~~~~~~[0m


[31mX [41;31m[[41;97mERROR[41;31m][0m [1mNG9: Property 'secaoPendente' does not exist on type 'ModeloChamadosComponent'.[0m [1m[35m[plugin angular-compiler][0m

    src/app/wiki/pages/modelo-chamados/modelo-chamados.component.html:705:36:
[37m      705 │         [class.mp-secao--pendente]="[32msecaoPendente[37m('conclusao')"
          ╵                                     [32m~~~~~~~~~~~~~[0m

  Error occurs in the template of component ModeloChamadosComponent.

    src/app/wiki/pages/modelo-chamados/modelo-chamados.component.ts:9:15:
[37m      9 │   templateUrl: [32m'./modelo-chamados.component.html'[37m,
        ╵                [32m~~~~~~~~~~~~~~~~~~~~~~~~~~~~~~~~~~[0m


[31mX [41;31m[[41;97mERROR[41;31m][0m [1mNG9: Property 'secaoCompleta' does not exist on type 'ModeloChamadosComponent'.[0m [1m[35m[plugin angular-compiler][0m

    src/app/wiki/pages/modelo-chamados/modelo-chamados.component.html:706:36:
[37m      706 │         [class.mp-secao--completa]="[32msecaoCompleta[37m('conclusao')">
          ╵                                     [32m~~~~~~~~~~~~~[0m

  Error occurs in the template of component ModeloChamadosComponent.

    src/app/wiki/pages/modelo-chamados/modelo-chamados.component.ts:9:15:
[37m      9 │   templateUrl: [32m'./modelo-chamados.component.html'[37m,
        ╵                [32m~~~~~~~~~~~~~~~~~~~~~~~~~~~~~~~~~~[0m


[31mX [41;31m[[41;97mERROR[41;31m][0m [1mNG9: Property 'toggleSecao' does not exist on type 'ModeloChamadosComponent'.[0m [1m[35m[plugin angular-compiler][0m

    src/app/wiki/pages/modelo-chamados/modelo-chamados.component.html:707:50:
[37m      707 │ ...ader class="mp-secao__header" (click)="[32mtoggleSecao[37m('conclusao')">
          ╵                                           [32m~~~~~~~~~~~[0m

  Error occurs in the template of component ModeloChamadosComponent.

    src/app/wiki/pages/modelo-chamados/modelo-chamados.component.ts:9:15:
[37m      9 │   templateUrl: [32m'./modelo-chamados.component.html'[37m,
        ╵                [32m~~~~~~~~~~~~~~~~~~~~~~~~~~~~~~~~~~[0m


[31mX [41;31m[[41;97mERROR[41;31m][0m [1mNG9: Property 'secaoAberta' does not exist on type 'ModeloChamadosComponent'.[0m [1m[35m[plugin angular-compiler][0m

    src/app/wiki/pages/modelo-chamados/modelo-chamados.component.html:712:50:
[37m      712 │ ...p-secao__seta" [ngClass]="[32msecaoAberta[37m('conclusao') ? 'bi-chevr...
          ╵                              [32m~~~~~~~~~~~[0m

  Error occurs in the template of component ModeloChamadosComponent.

    src/app/wiki/pages/modelo-chamados/modelo-chamados.component.ts:9:15:
[37m      9 │   templateUrl: [32m'./modelo-chamados.component.html'[37m,
        ╵                [32m~~~~~~~~~~~~~~~~~~~~~~~~~~~~~~~~~~[0m


[31mX [41;31m[[41;97mERROR[41;31m][0m [1mNG9: Property 'secaoAberta' does not exist on type 'ModeloChamadosComponent'.[0m [1m[35m[plugin angular-compiler][0m

    src/app/wiki/pages/modelo-chamados/modelo-chamados.component.html:714:43:
[37m      714 │ ...    <div class="mp-secao__body" *ngIf="[32msecaoAberta[37m('conclusao')">
          ╵                                           [32m~~~~~~~~~~~[0m

  Error occurs in the template of component ModeloChamadosComponent.

    src/app/wiki/pages/modelo-chamados/modelo-chamados.component.ts:9:15:
[37m      9 │   templateUrl: [32m'./modelo-chamados.component.html'[37m,
        ╵                [32m~~~~~~~~~~~~~~~~~~~~~~~~~~~~~~~~~~[0m


[31mX [41;31m[[41;97mERROR[41;31m][0m [1mNG9: Property 'conclusao' does not exist on type 'ModeloChamadosComponent'.[0m [1m[35m[plugin angular-compiler][0m

    src/app/wiki/pages/modelo-chamados/modelo-chamados.component.html:726:74:
[37m      726 │ ...rea" rows="5" [(ngModel)]="[32mconclusao[37m" placeholder="Explique o ...
          ╵                               [32m~~~~~~~~~[0m

  Error occurs in the template of component ModeloChamadosComponent.

    src/app/wiki/pages/modelo-chamados/modelo-chamados.component.ts:9:15:
[37m      9 │   templateUrl: [32m'./modelo-chamados.component.html'[37m,
        ╵                [32m~~~~~~~~~~~~~~~~~~~~~~~~~~~~~~~~~~[0m


[31mX [41;31m[[41;97mERROR[41;31m][0m [1mNG9: Property 'conclusao' does not exist on type 'ModeloChamadosComponent'.[0m [1m[35m[plugin angular-compiler][0m

    src/app/wiki/pages/modelo-chamados/modelo-chamados.component.html:726:74:
[37m      726 │ ...rea" rows="5" [(ngModel)]="[32mconclusao[37m" placeholder="Explique o ...
          ╵                               [32m~~~~~~~~~[0m

  Error occurs in the template of component ModeloChamadosComponent.

    src/app/wiki/pages/modelo-chamados/modelo-chamados.component.ts:9:15:
[37m      9 │   templateUrl: [32m'./modelo-chamados.component.html'[37m,
        ╵                [32m~~~~~~~~~~~~~~~~~~~~~~~~~~~~~~~~~~[0m


[31mX [41;31m[[41;97mERROR[41;31m][0m [1mNG9: Property 'tentouEnviar' does not exist on type 'ModeloChamadosComponent'.[0m [1m[35m[plugin angular-compiler][0m

    src/app/wiki/pages/modelo-chamados/modelo-chamados.component.html:727:43:
[37m      727 │ ...ss="mp-validacao" *ngIf="[32mtentouEnviar[37m && !criterioConcluido('c...
          ╵                             [32m~~~~~~~~~~~~[0m

  Error occurs in the template of component ModeloChamadosComponent.

    src/app/wiki/pages/modelo-chamados/modelo-chamados.component.ts:9:15:
[37m      9 │   templateUrl: [32m'./modelo-chamados.component.html'[37m,
        ╵                [32m~~~~~~~~~~~~~~~~~~~~~~~~~~~~~~~~~~[0m


[31mX [41;31m[[41;97mERROR[41;31m][0m [1mNG9: Property 'criterioConcluido' does not exist on type 'ModeloChamadosComponent'.[0m [1m[35m[plugin angular-compiler][0m

    src/app/wiki/pages/modelo-chamados/modelo-chamados.component.html:727:60:
[37m      727 │ ...lidacao" *ngIf="tentouEnviar && ![32mcriterioConcluido[37m('conclusao')">
          ╵                                     [32m~~~~~~~~~~~~~~~~~[0m

  Error occurs in the template of component ModeloChamadosComponent.

    src/app/wiki/pages/modelo-chamados/modelo-chamados.component.ts:9:15:
[37m      9 │   templateUrl: [32m'./modelo-chamados.component.html'[37m,
        ╵                [32m~~~~~~~~~~~~~~~~~~~~~~~~~~~~~~~~~~[0m


[31mX [41;31m[[41;97mERROR[41;31m][0m [1mNG9: Property 'toggleSecao' does not exist on type 'ModeloChamadosComponent'.[0m [1m[35m[plugin angular-compiler][0m

    src/app/wiki/pages/modelo-chamados/modelo-chamados.component.html:735:50:
[37m      735 │ ...lass="mp-secao__header" (click)="[32mtoggleSecao[37m('checklist-final')">
          ╵                                     [32m~~~~~~~~~~~[0m

  Error occurs in the template of component ModeloChamadosComponent.

    src/app/wiki/pages/modelo-chamados/modelo-chamados.component.ts:9:15:
[37m      9 │   templateUrl: [32m'./modelo-chamados.component.html'[37m,
        ╵                [32m~~~~~~~~~~~~~~~~~~~~~~~~~~~~~~~~~~[0m


[31mX [41;31m[[41;97mERROR[41;31m][0m [1mNG9: Property 'secaoAberta' does not exist on type 'ModeloChamadosComponent'.[0m [1m[35m[plugin angular-compiler][0m

    src/app/wiki/pages/modelo-chamados/modelo-chamados.component.html:739:50:
[37m      739 │ ...p-secao__seta" [ngClass]="[32msecaoAberta[37m('checklist-final') ? 'bi...
          ╵                              [32m~~~~~~~~~~~[0m

  Error occurs in the template of component ModeloChamadosComponent.

    src/app/wiki/pages/modelo-chamados/modelo-chamados.component.ts:9:15:
[37m      9 │   templateUrl: [32m'./modelo-chamados.component.html'[37m,
        ╵                [32m~~~~~~~~~~~~~~~~~~~~~~~~~~~~~~~~~~[0m


[31mX [41;31m[[41;97mERROR[41;31m][0m [1mNG9: Property 'secaoAberta' does not exist on type 'ModeloChamadosComponent'.[0m [1m[35m[plugin angular-compiler][0m

    src/app/wiki/pages/modelo-chamados/modelo-chamados.component.html:741:43:
[37m      741 │ ...iv class="mp-secao__body" *ngIf="[32msecaoAberta[37m('checklist-final')">
          ╵                                     [32m~~~~~~~~~~~[0m

  Error occurs in the template of component ModeloChamadosComponent.

    src/app/wiki/pages/modelo-chamados/modelo-chamados.component.ts:9:15:
[37m      9 │   templateUrl: [32m'./modelo-chamados.component.html'[37m,
        ╵                [32m~~~~~~~~~~~~~~~~~~~~~~~~~~~~~~~~~~[0m


[31mX [41;31m[[41;97mERROR[41;31m][0m [1mNG9: Property 'secaoCompleta' does not exist on type 'ModeloChamadosComponent'.[0m [1m[35m[plugin angular-compiler][0m

    src/app/wiki/pages/modelo-chamados/modelo-chamados.component.html:745:76:
[37m      745 │ ... [class.mp-checklist__item--ok]="[32msecaoCompleta[37m('identificacao')">
          ╵                                     [32m~~~~~~~~~~~~~[0m

  Error occurs in the template of component ModeloChamadosComponent.

    src/app/wiki/pages/modelo-chamados/modelo-chamados.component.ts:9:15:
[37m      9 │   templateUrl: [32m'./modelo-chamados.component.html'[37m,
        ╵                [32m~~~~~~~~~~~~~~~~~~~~~~~~~~~~~~~~~~[0m


[31mX [41;31m[[41;97mERROR[41;31m][0m [1mNG9: Property 'secaoCompleta' does not exist on type 'ModeloChamadosComponent'.[0m [1m[35m[plugin angular-compiler][0m

    src/app/wiki/pages/modelo-chamados/modelo-chamados.component.html:746:39:
[37m      746 │ ...<i class="bi" [ngClass]="[32msecaoCompleta[37m('identificacao') ? 'bi-...
          ╵                             [32m~~~~~~~~~~~~~[0m

  Error occurs in the template of component ModeloChamadosComponent.

    src/app/wiki/pages/modelo-chamados/modelo-chamados.component.ts:9:15:
[37m      9 │   templateUrl: [32m'./modelo-chamados.component.html'[37m,
        ╵                [32m~~~~~~~~~~~~~~~~~~~~~~~~~~~~~~~~~~[0m


[31mX [41;31m[[41;97mERROR[41;31m][0m [1mNG9: Property 'criterioConcluido' does not exist on type 'ModeloChamadosComponent'.[0m [1m[35m[plugin angular-compiler][0m

    src/app/wiki/pages/modelo-chamados/modelo-chamados.component.html:749:76:
[37m      749 │ ...em" [class.mp-checklist__item--ok]="[32mcriterioConcluido[37m('resumo')">
          ╵                                        [32m~~~~~~~~~~~~~~~~~[0m

  Error occurs in the template of component ModeloChamadosComponent.

    src/app/wiki/pages/modelo-chamados/modelo-chamados.component.ts:9:15:
[37m      9 │   templateUrl: [32m'./modelo-chamados.component.html'[37m,
        ╵                [32m~~~~~~~~~~~~~~~~~~~~~~~~~~~~~~~~~~[0m


[31mX [41;31m[[41;97mERROR[41;31m][0m [1mNG9: Property 'criterioConcluido' does not exist on type 'ModeloChamadosComponent'.[0m [1m[35m[plugin angular-compiler][0m

    src/app/wiki/pages/modelo-chamados/modelo-chamados.component.html:750:39:
[37m      750 │ ... class="bi" [ngClass]="[32mcriterioConcluido[37m('resumo') ? 'bi-check...
          ╵                           [32m~~~~~~~~~~~~~~~~~[0m

  Error occurs in the template of component ModeloChamadosComponent.

    src/app/wiki/pages/modelo-chamados/modelo-chamados.component.ts:9:15:
[37m      9 │   templateUrl: [32m'./modelo-chamados.component.html'[37m,
        ╵                [32m~~~~~~~~~~~~~~~~~~~~~~~~~~~~~~~~~~[0m


[31mX [41;31m[[41;97mERROR[41;31m][0m [1mNG9: Property 'criterioConcluido' does not exist on type 'ModeloChamadosComponent'.[0m [1m[35m[plugin angular-compiler][0m

    src/app/wiki/pages/modelo-chamados/modelo-chamados.component.html:753:76:
[37m      753 │ ...m" [class.mp-checklist__item--ok]="[32mcriterioConcluido[37m('cenario')">
          ╵                                       [32m~~~~~~~~~~~~~~~~~[0m

  Error occurs in the template of component ModeloChamadosComponent.

    src/app/wiki/pages/modelo-chamados/modelo-chamados.component.ts:9:15:
[37m      9 │   templateUrl: [32m'./modelo-chamados.component.html'[37m,
        ╵                [32m~~~~~~~~~~~~~~~~~~~~~~~~~~~~~~~~~~[0m


[31mX [41;31m[[41;97mERROR[41;31m][0m [1mNG9: Property 'criterioConcluido' does not exist on type 'ModeloChamadosComponent'.[0m [1m[35m[plugin angular-compiler][0m

    src/app/wiki/pages/modelo-chamados/modelo-chamados.component.html:754:39:
[37m      754 │ ... class="bi" [ngClass]="[32mcriterioConcluido[37m('cenario') ? 'bi-chec...
          ╵                           [32m~~~~~~~~~~~~~~~~~[0m

  Error occurs in the template of component ModeloChamadosComponent.

    src/app/wiki/pages/modelo-chamados/modelo-chamados.component.ts:9:15:
[37m      9 │   templateUrl: [32m'./modelo-chamados.component.html'[37m,
        ╵                [32m~~~~~~~~~~~~~~~~~~~~~~~~~~~~~~~~~~[0m


[31mX [41;31m[[41;97mERROR[41;31m][0m [1mNG9: Property 'criterioConcluido' does not exist on type 'ModeloChamadosComponent'.[0m [1m[35m[plugin angular-compiler][0m

    src/app/wiki/pages/modelo-chamados/modelo-chamados.component.html:757:76:
[37m      757 │ ...tem" [class.mp-checklist__item--ok]="[32mcriterioConcluido[37m('regra')">
          ╵                                         [32m~~~~~~~~~~~~~~~~~[0m

  Error occurs in the template of component ModeloChamadosComponent.

    src/app/wiki/pages/modelo-chamados/modelo-chamados.component.ts:9:15:
[37m      9 │   templateUrl: [32m'./modelo-chamados.component.html'[37m,
        ╵                [32m~~~~~~~~~~~~~~~~~~~~~~~~~~~~~~~~~~[0m


[31mX [41;31m[[41;97mERROR[41;31m][0m [1mNG9: Property 'criterioConcluido' does not exist on type 'ModeloChamadosComponent'.[0m [1m[35m[plugin angular-compiler][0m

    src/app/wiki/pages/modelo-chamados/modelo-chamados.component.html:758:39:
[37m      758 │ ... class="bi" [ngClass]="[32mcriterioConcluido[37m('regra') ? 'bi-check-...
          ╵                           [32m~~~~~~~~~~~~~~~~~[0m

  Error occurs in the template of component ModeloChamadosComponent.

    src/app/wiki/pages/modelo-chamados/modelo-chamados.component.ts:9:15:
[37m      9 │   templateUrl: [32m'./modelo-chamados.component.html'[37m,
        ╵                [32m~~~~~~~~~~~~~~~~~~~~~~~~~~~~~~~~~~[0m


[31mX [41;31m[[41;97mERROR[41;31m][0m [1mNG9: Property 'criterioConcluido' does not exist on type 'ModeloChamadosComponent'.[0m [1m[35m[plugin angular-compiler][0m

    src/app/wiki/pages/modelo-chamados/modelo-chamados.component.html:761:76:
[37m      761 │ ...tem" [class.mp-checklist__item--ok]="[32mcriterioConcluido[37m('fluxo')">
          ╵                                         [32m~~~~~~~~~~~~~~~~~[0m

  Error occurs in the template of component ModeloChamadosComponent.

    src/app/wiki/pages/modelo-chamados/modelo-chamados.component.ts:9:15:
[37m      9 │   templateUrl: [32m'./modelo-chamados.component.html'[37m,
        ╵                [32m~~~~~~~~~~~~~~~~~~~~~~~~~~~~~~~~~~[0m


[31mX [41;31m[[41;97mERROR[41;31m][0m [1mNG9: Property 'criterioConcluido' does not exist on type 'ModeloChamadosComponent'.[0m [1m[35m[plugin angular-compiler][0m

    src/app/wiki/pages/modelo-chamados/modelo-chamados.component.html:762:39:
[37m      762 │ ... class="bi" [ngClass]="[32mcriterioConcluido[37m('fluxo') ? 'bi-check-...
          ╵                           [32m~~~~~~~~~~~~~~~~~[0m

  Error occurs in the template of component ModeloChamadosComponent.

    src/app/wiki/pages/modelo-chamados/modelo-chamados.component.ts:9:15:
[37m      9 │   templateUrl: [32m'./modelo-chamados.component.html'[37m,
        ╵                [32m~~~~~~~~~~~~~~~~~~~~~~~~~~~~~~~~~~[0m


[31mX [41;31m[[41;97mERROR[41;31m][0m [1mNG9: Property 'criterioConcluido' does not exist on type 'ModeloChamadosComponent'.[0m [1m[35m[plugin angular-compiler][0m

    src/app/wiki/pages/modelo-chamados/modelo-chamados.component.html:765:76:
[37m      765 │ ..." [class.mp-checklist__item--ok]="[32mcriterioConcluido[37m('esperado')">
          ╵                                      [32m~~~~~~~~~~~~~~~~~[0m

  Error occurs in the template of component ModeloChamadosComponent.

    src/app/wiki/pages/modelo-chamados/modelo-chamados.component.ts:9:15:
[37m      9 │   templateUrl: [32m'./modelo-chamados.component.html'[37m,
        ╵                [32m~~~~~~~~~~~~~~~~~~~~~~~~~~~~~~~~~~[0m


[31mX [41;31m[[41;97mERROR[41;31m][0m [1mNG9: Property 'criterioConcluido' does not exist on type 'ModeloChamadosComponent'.[0m [1m[35m[plugin angular-compiler][0m

    src/app/wiki/pages/modelo-chamados/modelo-chamados.component.html:766:39:
[37m      766 │ ... class="bi" [ngClass]="[32mcriterioConcluido[37m('esperado') ? 'bi-che...
          ╵                           [32m~~~~~~~~~~~~~~~~~[0m

  Error occurs in the template of component ModeloChamadosComponent.

    src/app/wiki/pages/modelo-chamados/modelo-chamados.component.ts:9:15:
[37m      9 │   templateUrl: [32m'./modelo-chamados.component.html'[37m,
        ╵                [32m~~~~~~~~~~~~~~~~~~~~~~~~~~~~~~~~~~[0m


[31mX [41;31m[[41;97mERROR[41;31m][0m [1mNG9: Property 'criterioConcluido' does not exist on type 'ModeloChamadosComponent'.[0m [1m[35m[plugin angular-compiler][0m

    src/app/wiki/pages/modelo-chamados/modelo-chamados.component.html:769:76:
[37m      769 │ ...em" [class.mp-checklist__item--ok]="[32mcriterioConcluido[37m('obtido')">
          ╵                                        [32m~~~~~~~~~~~~~~~~~[0m

  Error occurs in the template of component ModeloChamadosComponent.

    src/app/wiki/pages/modelo-chamados/modelo-chamados.component.ts:9:15:
[37m      9 │   templateUrl: [32m'./modelo-chamados.component.html'[37m,
        ╵                [32m~~~~~~~~~~~~~~~~~~~~~~~~~~~~~~~~~~[0m


[31mX [41;31m[[41;97mERROR[41;31m][0m [1mNG9: Property 'criterioConcluido' does not exist on type 'ModeloChamadosComponent'.[0m [1m[35m[plugin angular-compiler][0m

    src/app/wiki/pages/modelo-chamados/modelo-chamados.component.html:770:39:
[37m      770 │ ... class="bi" [ngClass]="[32mcriterioConcluido[37m('obtido') ? 'bi-check...
          ╵                           [32m~~~~~~~~~~~~~~~~~[0m

  Error occurs in the template of component ModeloChamadosComponent.

    src/app/wiki/pages/modelo-chamados/modelo-chamados.component.ts:9:15:
[37m      9 │   templateUrl: [32m'./modelo-chamados.component.html'[37m,
        ╵                [32m~~~~~~~~~~~~~~~~~~~~~~~~~~~~~~~~~~[0m


[31mX [41;31m[[41;97mERROR[41;31m][0m [1mNG9: Property 'criterioConcluido' does not exist on type 'ModeloChamadosComponent'.[0m [1m[35m[plugin angular-compiler][0m

    src/app/wiki/pages/modelo-chamados/modelo-chamados.component.html:773:76:
[37m      773 │ ...m" [class.mp-checklist__item--ok]="[32mcriterioConcluido[37m('impacto')">
          ╵                                       [32m~~~~~~~~~~~~~~~~~[0m

  Error occurs in the template of component ModeloChamadosComponent.

    src/app/wiki/pages/modelo-chamados/modelo-chamados.component.ts:9:15:
[37m      9 │   templateUrl: [32m'./modelo-chamados.component.html'[37m,
        ╵                [32m~~~~~~~~~~~~~~~~~~~~~~~~~~~~~~~~~~[0m


[31mX [41;31m[[41;97mERROR[41;31m][0m [1mNG9: Property 'criterioConcluido' does not exist on type 'ModeloChamadosComponent'.[0m [1m[35m[plugin angular-compiler][0m

    src/app/wiki/pages/modelo-chamados/modelo-chamados.component.html:774:39:
[37m      774 │ ... class="bi" [ngClass]="[32mcriterioConcluido[37m('impacto') ? 'bi-chec...
          ╵                           [32m~~~~~~~~~~~~~~~~~[0m

  Error occurs in the template of component ModeloChamadosComponent.

    src/app/wiki/pages/modelo-chamados/modelo-chamados.component.ts:9:15:
[37m      9 │   templateUrl: [32m'./modelo-chamados.component.html'[37m,
        ╵                [32m~~~~~~~~~~~~~~~~~~~~~~~~~~~~~~~~~~[0m


[31mX [41;31m[[41;97mERROR[41;31m][0m [1mNG9: Property 'criterioConcluido' does not exist on type 'ModeloChamadosComponent'.[0m [1m[35m[plugin angular-compiler][0m

    src/app/wiki/pages/modelo-chamados/modelo-chamados.component.html:777:76:
[37m      777 │ ...[class.mp-checklist__item--ok]="[32mcriterioConcluido[37m('validacoes')">
          ╵                                    [32m~~~~~~~~~~~~~~~~~[0m

  Error occurs in the template of component ModeloChamadosComponent.

    src/app/wiki/pages/modelo-chamados/modelo-chamados.component.ts:9:15:
[37m      9 │   templateUrl: [32m'./modelo-chamados.component.html'[37m,
        ╵                [32m~~~~~~~~~~~~~~~~~~~~~~~~~~~~~~~~~~[0m


[31mX [41;31m[[41;97mERROR[41;31m][0m [1mNG9: Property 'criterioConcluido' does not exist on type 'ModeloChamadosComponent'.[0m [1m[35m[plugin angular-compiler][0m

    src/app/wiki/pages/modelo-chamados/modelo-chamados.component.html:778:39:
[37m      778 │ ... class="bi" [ngClass]="[32mcriterioConcluido[37m('validacoes') ? 'bi-c...
          ╵                           [32m~~~~~~~~~~~~~~~~~[0m

  Error occurs in the template of component ModeloChamadosComponent.

    src/app/wiki/pages/modelo-chamados/modelo-chamados.component.ts:9:15:
[37m      9 │   templateUrl: [32m'./modelo-chamados.component.html'[37m,
        ╵                [32m~~~~~~~~~~~~~~~~~~~~~~~~~~~~~~~~~~[0m


[31mX [41;31m[[41;97mERROR[41;31m][0m [1mNG9: Property 'criterioConcluido' does not exist on type 'ModeloChamadosComponent'.[0m [1m[35m[plugin angular-compiler][0m

    src/app/wiki/pages/modelo-chamados/modelo-chamados.component.html:781:76:
[37m      781 │ ...m" [class.mp-checklist__item--ok]="[32mcriterioConcluido[37m('analise')">
          ╵                                       [32m~~~~~~~~~~~~~~~~~[0m

  Error occurs in the template of component ModeloChamadosComponent.

    src/app/wiki/pages/modelo-chamados/modelo-chamados.component.ts:9:15:
[37m      9 │   templateUrl: [32m'./modelo-chamados.component.html'[37m,
        ╵                [32m~~~~~~~~~~~~~~~~~~~~~~~~~~~~~~~~~~[0m


[31mX [41;31m[[41;97mERROR[41;31m][0m [1mNG9: Property 'criterioConcluido' does not exist on type 'ModeloChamadosComponent'.[0m [1m[35m[plugin angular-compiler][0m

    src/app/wiki/pages/modelo-chamados/modelo-chamados.component.html:782:39:
[37m      782 │ ... class="bi" [ngClass]="[32mcriterioConcluido[37m('analise') ? 'bi-chec...
          ╵                           [32m~~~~~~~~~~~~~~~~~[0m

  Error occurs in the template of component ModeloChamadosComponent.

    src/app/wiki/pages/modelo-chamados/modelo-chamados.component.ts:9:15:
[37m      9 │   templateUrl: [32m'./modelo-chamados.component.html'[37m,
        ╵                [32m~~~~~~~~~~~~~~~~~~~~~~~~~~~~~~~~~~[0m


[31mX [41;31m[[41;97mERROR[41;31m][0m [1mNG9: Property 'criterioConcluido' does not exist on type 'ModeloChamadosComponent'.[0m [1m[35m[plugin angular-compiler][0m

    src/app/wiki/pages/modelo-chamados/modelo-chamados.component.html:785:76:
[37m      785 │ ...[class.mp-checklist__item--ok]="[32mcriterioConcluido[37m('evidencias')">
          ╵                                    [32m~~~~~~~~~~~~~~~~~[0m

  Error occurs in the template of component ModeloChamadosComponent.

    src/app/wiki/pages/modelo-chamados/modelo-chamados.component.ts:9:15:
[37m      9 │   templateUrl: [32m'./modelo-chamados.component.html'[37m,
        ╵                [32m~~~~~~~~~~~~~~~~~~~~~~~~~~~~~~~~~~[0m


[31mX [41;31m[[41;97mERROR[41;31m][0m [1mNG9: Property 'criterioConcluido' does not exist on type 'ModeloChamadosComponent'.[0m [1m[35m[plugin angular-compiler][0m

    src/app/wiki/pages/modelo-chamados/modelo-chamados.component.html:786:39:
[37m      786 │ ... class="bi" [ngClass]="[32mcriterioConcluido[37m('evidencias') ? 'bi-c...
          ╵                           [32m~~~~~~~~~~~~~~~~~[0m

  Error occurs in the template of component ModeloChamadosComponent.

    src/app/wiki/pages/modelo-chamados/modelo-chamados.component.ts:9:15:
[37m      9 │   templateUrl: [32m'./modelo-chamados.component.html'[37m,
        ╵                [32m~~~~~~~~~~~~~~~~~~~~~~~~~~~~~~~~~~[0m


[31mX [41;31m[[41;97mERROR[41;31m][0m [1mNG9: Property 'criterioConcluido' does not exist on type 'ModeloChamadosComponent'.[0m [1m[35m[plugin angular-compiler][0m

    src/app/wiki/pages/modelo-chamados/modelo-chamados.component.html:789:76:
[37m      789 │ ... [class.mp-checklist__item--ok]="[32mcriterioConcluido[37m('conclusao')">
          ╵                                     [32m~~~~~~~~~~~~~~~~~[0m

  Error occurs in the template of component ModeloChamadosComponent.

    src/app/wiki/pages/modelo-chamados/modelo-chamados.component.ts:9:15:
[37m      9 │   templateUrl: [32m'./modelo-chamados.component.html'[37m,
        ╵                [32m~~~~~~~~~~~~~~~~~~~~~~~~~~~~~~~~~~[0m


[31mX [41;31m[[41;97mERROR[41;31m][0m [1mNG9: Property 'criterioConcluido' does not exist on type 'ModeloChamadosComponent'.[0m [1m[35m[plugin angular-compiler][0m

    src/app/wiki/pages/modelo-chamados/modelo-chamados.component.html:790:39:
[37m      790 │ ... class="bi" [ngClass]="[32mcriterioConcluido[37m('conclusao') ? 'bi-ch...
          ╵                           [32m~~~~~~~~~~~~~~~~~[0m

  Error occurs in the template of component ModeloChamadosComponent.

    src/app/wiki/pages/modelo-chamados/modelo-chamados.component.ts:9:15:
[37m      9 │   templateUrl: [32m'./modelo-chamados.component.html'[37m,
        ╵                [32m~~~~~~~~~~~~~~~~~~~~~~~~~~~~~~~~~~[0m


[31mX [41;31m[[41;97mERROR[41;31m][0m [1mNG9: Property 'progressoPercent' does not exist on type 'ModeloChamadosComponent'.[0m [1m[35m[plugin angular-compiler][0m

    src/app/wiki/pages/modelo-chamados/modelo-chamados.component.html:799:27:
[37m      799 │ ...            <strong>{{ [32mprogressoPercent[37m }}% do chamado preench...
          ╵                           [32m~~~~~~~~~~~~~~~~[0m

  Error occurs in the template of component ModeloChamadosComponent.

    src/app/wiki/pages/modelo-chamados/modelo-chamados.component.ts:9:15:
[37m      9 │   templateUrl: [32m'./modelo-chamados.component.html'[37m,
        ╵                [32m~~~~~~~~~~~~~~~~~~~~~~~~~~~~~~~~~~[0m


[31mX [41;31m[[41;97mERROR[41;31m][0m [1mNG9: Property 'criteriosConcluidos' does not exist on type 'ModeloChamadosComponent'.[0m [1m[35m[plugin angular-compiler][0m

    src/app/wiki/pages/modelo-chamados/modelo-chamados.component.html:800:22:
[37m      800 │                 <p>{{ [32mcriteriosConcluidos[37m }}/11 seções obrigat�...
          ╵                       [32m~~~~~~~~~~~~~~~~~~~[0m

  Error occurs in the template of component ModeloChamadosComponent.

    src/app/wiki/pages/modelo-chamados/modelo-chamados.component.ts:9:15:
[37m      9 │   templateUrl: [32m'./modelo-chamados.component.html'[37m,
        ╵                [32m~~~~~~~~~~~~~~~~~~~~~~~~~~~~~~~~~~[0m


[31mX [41;31m[[41;97mERROR[41;31m][0m [1mNG9: Property 'validarEnvio' does not exist on type 'ModeloChamadosComponent'.[0m [1m[35m[plugin angular-compiler][0m

    src/app/wiki/pages/modelo-chamados/modelo-chamados.component.html:803:91:
[37m      803 │ ...mp-btn--grande" (click)="[32mvalidarEnvio[37m()"><i class="bi bi-send-...
          ╵                             [32m~~~~~~~~~~~~[0m

  Error occurs in the template of component ModeloChamadosComponent.

    src/app/wiki/pages/modelo-chamados/modelo-chamados.component.ts:9:15:
[37m      9 │   templateUrl: [32m'./modelo-chamados.component.html'[37m,
        ╵                [32m~~~~~~~~~~~~~~~~~~~~~~~~~~~~~~~~~~[0m


[31mX [41;31m[[41;97mERROR[41;31m][0m [1mNG9: Property 'modalSucesso' does not exist on type 'ModeloChamadosComponent'.[0m [1m[35m[plugin angular-compiler][0m

    src/app/wiki/pages/modelo-chamados/modelo-chamados.component.html:812:40:
[37m      812 │ ...p-modal-backdrop" *ngIf="[32mmodalSucesso[37m" (click)="fecharModalSuc...
          ╵                             [32m~~~~~~~~~~~~[0m

  Error occurs in the template of component ModeloChamadosComponent.

    src/app/wiki/pages/modelo-chamados/modelo-chamados.component.ts:9:15:
[37m      9 │   templateUrl: [32m'./modelo-chamados.component.html'[37m,
        ╵                [32m~~~~~~~~~~~~~~~~~~~~~~~~~~~~~~~~~~[0m


[31mX [41;31m[[41;97mERROR[41;31m][0m [1mNG9: Property 'fecharModalSucesso' does not exist on type 'ModeloChamadosComponent'.[0m [1m[35m[plugin angular-compiler][0m

    src/app/wiki/pages/modelo-chamados/modelo-chamados.component.html:812:63:
[37m      812 │ ...al-backdrop" *ngIf="modalSucesso" (click)="[32mfecharModalSucesso[37m()">
          ╵                                               [32m~~~~~~~~~~~~~~~~~~[0m

  Error occurs in the template of component ModeloChamadosComponent.

    src/app/wiki/pages/modelo-chamados/modelo-chamados.component.ts:9:15:
[37m      9 │   templateUrl: [32m'./modelo-chamados.component.html'[37m,
        ╵                [32m~~~~~~~~~~~~~~~~~~~~~~~~~~~~~~~~~~[0m


[31mX [41;31m[[41;97mERROR[41;31m][0m [1mNG9: Property 'fecharModalSucesso' does not exist on type 'ModeloChamadosComponent'.[0m [1m[35m[plugin angular-compiler][0m

    src/app/wiki/pages/modelo-chamados/modelo-chamados.component.html:818:68:
[37m      818 │ ...btn mp-btn--ghost" (click)="[32mfecharModalSucesso[37m()">Fechar</button>
          ╵                                [32m~~~~~~~~~~~~~~~~~~[0m

  Error occurs in the template of component ModeloChamadosComponent.

    src/app/wiki/pages/modelo-chamados/modelo-chamados.component.ts:9:15:
[37m      9 │   templateUrl: [32m'./modelo-chamados.component.html'[37m,
        ╵                [32m~~~~~~~~~~~~~~~~~~~~~~~~~~~~~~~~~~[0m


[31mX [41;31m[[41;97mERROR[41;31m][0m [1mNG9: Property 'novoChamado' does not exist on type 'ModeloChamadosComponent'.[0m [1m[35m[plugin angular-compiler][0m

    src/app/wiki/pages/modelo-chamados/modelo-chamados.component.html:819:72:
[37m      819 │ ...-btn--principal" (click)="[32mnovoChamado[37m()"><i class="bi bi-file-...
          ╵                              [32m~~~~~~~~~~~[0m

  Error occurs in the template of component ModeloChamadosComponent.

    src/app/wiki/pages/modelo-chamados/modelo-chamados.component.ts:9:15:
[37m      9 │   templateUrl: [32m'./modelo-chamados.component.html'[37m,
        ╵                [32m~~~~~~~~~~~~~~~~~~~~~~~~~~~~~~~~~~[0m

[39m[22m
[1m[31m[31mX [41;31m[[41;97mERROR[41;31m][0m [1mNG5002: Unexpected closing tag "section". It may happen when the tag has already been closed by another tag. For more info see https://www.w3.org/TR/html5/syntax.html#closing-elements-that-have-implied-end-tags[0m [1m[35m[plugin angular-compiler][0m

    src/app/wiki/pages/fraseologia/fraseologia.component.html:800:0:
[37m      800 │ [32m</section>[37m
          ╵ [32m~~~~~~~~~~[0m

  Error occurs in the template of component FraseologiaComponent.

    src/app/wiki/pages/fraseologia/fraseologia.component.ts:28:15:
[37m      28 │   templateUrl: [32m'./fraseologia.component.html'[37m,
         ╵                [32m~~~~~~~~~~~~~~~~~~~~~~~~~~~~~~[0m

[39m[22m
[1m[31m[31mX [41;31m[[41;97mERROR[41;31m][0m [1mTS2304: Cannot find name 'PlaybookWhatsappComponent'.[0m [1m[35m[plugin angular-compiler][0m

    src/app/wiki/wiki.routes.ts:40:42:
[37m      40 │ ...path: 'playbook-whatsapp', component: [32mPlaybookWhatsappComponent[37m },
         ╵                                          [32m~~~~~~~~~~~~~~~~~~~~~~~~~[0m

[39m[22m
[1m[33m[33m▲ [43;33m[[43;30mWARNING[43;33m][0m [1mNG8107: The left side of this optional chain operation does not include 'null' or 'undefined' in its type, therefore the '?.' operator can be replaced with the '.' operator.[0m [1m[35m[plugin angular-compiler][0m

    src/app/wiki/pages/fluxo-atendimento/fluxo-atendimento.component.html:25:54:
[37m      25 │ ...      [class.fo__fluxo--ativo]="fluxoSelecionado?.[32mid[37m === fluxo.id"
         ╵                                                      [32m~~[0m

  Error occurs in the template of component FluxoAtendimentoComponent.

    src/app/wiki/pages/fluxo-atendimento/fluxo-atendimento.component.ts:9:15:
[37m      9 │   templateUrl: [32m'./fluxo-atendimento.component.html'[37m,
        ╵                [32m~~~~~~~~~~~~~~~~~~~~~~~~~~~~~~~~~~~~[0m


[33m▲ [43;33m[[43;30mWARNING[43;33m][0m [1mNG8107: The left side of this optional chain operation does not include 'null' or 'undefined' in its type, therefore the '?.' operator can be replaced with the '.' operator.[0m [1m[35m[plugin angular-compiler][0m

    src/app/wiki/pages/fluxo-atendimento/fluxo-atendimento.component.html:38:54:
[37m      38 │ ...      [class.fo__fluxo--ativo]="fluxoSelecionado?.[32mid[37m === fluxo.id"
         ╵                                                      [32m~~[0m

  Error occurs in the template of component FluxoAtendimentoComponent.

    src/app/wiki/pages/fluxo-atendimento/fluxo-atendimento.component.ts:9:15:
[37m      9 │   templateUrl: [32m'./fluxo-atendimento.component.html'[37m,
        ╵                [32m~~~~~~~~~~~~~~~~~~~~~~~~~~~~~~~~~~~~[0m


[33m▲ [43;33m[[43;30mWARNING[43;33m][0m [1mNG8107: The left side of this optional chain operation does not include 'null' or 'undefined' in its type, therefore the '?.' operator can be replaced with the '.' operator.[0m [1m[35m[plugin angular-compiler][0m

    src/app/wiki/pages/fluxo-atendimento/fluxo-atendimento.component.html:51:54:
[37m      51 │ ...      [class.fo__fluxo--ativo]="fluxoSelecionado?.[32mid[37m === fluxo.id"
         ╵                                                      [32m~~[0m

  Error occurs in the template of component FluxoAtendimentoComponent.

    src/app/wiki/pages/fluxo-atendimento/fluxo-atendimento.component.ts:9:15:
[37m      9 │   templateUrl: [32m'./fluxo-atendimento.component.html'[37m,
        ╵                [32m~~~~~~~~~~~~~~~~~~~~~~~~~~~~~~~~~~~~[0m

[39m[22m
[1m[31m[31mX [41;31m[[41;97mERROR[41;31m][0m [1mNG9: Property 'getFluxosFavoritos' does not exist on type 'FluxoAtendimentoComponent'.[0m [1m[35m[plugin angular-compiler][0m

    src/app/wiki/pages/fluxo-atendimento/fluxo-atendimento.component.html:20:36:
[37m      20 │       <div class="fo__lista" *ngIf="[32mgetFluxosFavoritos[37m().length > 0">
         ╵                                     [32m~~~~~~~~~~~~~~~~~~[0m

  Error occurs in the template of component FluxoAtendimentoComponent.

    src/app/wiki/pages/fluxo-atendimento/fluxo-atendimento.component.ts:9:15:
[37m      9 │   templateUrl: [32m'./fluxo-atendimento.component.html'[37m,
        ╵                [32m~~~~~~~~~~~~~~~~~~~~~~~~~~~~~~~~~~~~[0m


[31mX [41;31m[[41;97mERROR[41;31m][0m [1mNG9: Property 'getFluxosFavoritos' does not exist on type 'FluxoAtendimentoComponent'.[0m [1m[35m[plugin angular-compiler][0m

    src/app/wiki/pages/fluxo-atendimento/fluxo-atendimento.component.html:23:31:
[37m      23 │           *ngFor="let fluxo of [32mgetFluxosFavoritos[37m()"
         ╵                                [32m~~~~~~~~~~~~~~~~~~[0m

  Error occurs in the template of component FluxoAtendimentoComponent.

    src/app/wiki/pages/fluxo-atendimento/fluxo-atendimento.component.ts:9:15:
[37m      9 │   templateUrl: [32m'./fluxo-atendimento.component.html'[37m,
        ╵                [32m~~~~~~~~~~~~~~~~~~~~~~~~~~~~~~~~~~~~[0m


[31mX [41;31m[[41;97mERROR[41;31m][0m [1mNG9: Property 'id' does not exist on type 'string'.[0m [1m[35m[plugin angular-compiler][0m

    src/app/wiki/pages/fluxo-atendimento/fluxo-atendimento.component.html:25:54:
[37m      25 │ ...      [class.fo__fluxo--ativo]="fluxoSelecionado?.[32mid[37m === fluxo.id"
         ╵                                                      [32m~~[0m

  Error occurs in the template of component FluxoAtendimentoComponent.

    src/app/wiki/pages/fluxo-atendimento/fluxo-atendimento.component.ts:9:15:
[37m      9 │   templateUrl: [32m'./fluxo-atendimento.component.html'[37m,
        ╵                [32m~~~~~~~~~~~~~~~~~~~~~~~~~~~~~~~~~~~~[0m


[31mX [41;31m[[41;97mERROR[41;31m][0m [1mNG9: Property 'getFluxoRecentes' does not exist on type 'FluxoAtendimentoComponent'.[0m [1m[35m[plugin angular-compiler][0m

    src/app/wiki/pages/fluxo-atendimento/fluxo-atendimento.component.html:33:36:
[37m      33 │       <div class="fo__lista" *ngIf="[32mgetFluxoRecentes[37m().length > 0">
         ╵                                     [32m~~~~~~~~~~~~~~~~[0m

  Error occurs in the template of component FluxoAtendimentoComponent.

    src/app/wiki/pages/fluxo-atendimento/fluxo-atendimento.component.ts:9:15:
[37m      9 │   templateUrl: [32m'./fluxo-atendimento.component.html'[37m,
        ╵                [32m~~~~~~~~~~~~~~~~~~~~~~~~~~~~~~~~~~~~[0m


[31mX [41;31m[[41;97mERROR[41;31m][0m [1mNG9: Property 'getFluxoRecentes' does not exist on type 'FluxoAtendimentoComponent'.[0m [1m[35m[plugin angular-compiler][0m

    src/app/wiki/pages/fluxo-atendimento/fluxo-atendimento.component.html:36:31:
[37m      36 │           *ngFor="let fluxo of [32mgetFluxoRecentes[37m()"
         ╵                                [32m~~~~~~~~~~~~~~~~[0m

  Error occurs in the template of component FluxoAtendimentoComponent.

    src/app/wiki/pages/fluxo-atendimento/fluxo-atendimento.component.ts:9:15:
[37m      9 │   templateUrl: [32m'./fluxo-atendimento.component.html'[37m,
        ╵                [32m~~~~~~~~~~~~~~~~~~~~~~~~~~~~~~~~~~~~[0m


[31mX [41;31m[[41;97mERROR[41;31m][0m [1mNG9: Property 'id' does not exist on type 'string'.[0m [1m[35m[plugin angular-compiler][0m

    src/app/wiki/pages/fluxo-atendimento/fluxo-atendimento.component.html:38:54:
[37m      38 │ ...      [class.fo__fluxo--ativo]="fluxoSelecionado?.[32mid[37m === fluxo.id"
         ╵                                                      [32m~~[0m

  Error occurs in the template of component FluxoAtendimentoComponent.

    src/app/wiki/pages/fluxo-atendimento/fluxo-atendimento.component.ts:9:15:
[37m      9 │   templateUrl: [32m'./fluxo-atendimento.component.html'[37m,
        ╵                [32m~~~~~~~~~~~~~~~~~~~~~~~~~~~~~~~~~~~~[0m


[31mX [41;31m[[41;97mERROR[41;31m][0m [1mNG9: Property 'fluxosFiltrados' does not exist on type 'FluxoAtendimentoComponent'.[0m [1m[35m[plugin angular-compiler][0m

    src/app/wiki/pages/fluxo-atendimento/fluxo-atendimento.component.html:49:31:
[37m      49 │           *ngFor="let fluxo of [32mfluxosFiltrados[37m; trackBy: trackFluxo"
         ╵                                [32m~~~~~~~~~~~~~~~[0m

  Error occurs in the template of component FluxoAtendimentoComponent.

    src/app/wiki/pages/fluxo-atendimento/fluxo-atendimento.component.ts:9:15:
[37m      9 │   templateUrl: [32m'./fluxo-atendimento.component.html'[37m,
        ╵                [32m~~~~~~~~~~~~~~~~~~~~~~~~~~~~~~~~~~~~[0m


[31mX [41;31m[[41;97mERROR[41;31m][0m [1mNG9: Property 'trackFluxo' does not exist on type 'FluxoAtendimentoComponent'.[0m [1m[35m[plugin angular-compiler][0m

    src/app/wiki/pages/fluxo-atendimento/fluxo-atendimento.component.html:49:57:
[37m      49 │           *ngFor="let fluxo of fluxosFiltrados; trackBy: [32mtrackFluxo[37m"
         ╵                                                          [32m~~~~~~~~~~[0m

  Error occurs in the template of component FluxoAtendimentoComponent.

    src/app/wiki/pages/fluxo-atendimento/fluxo-atendimento.component.ts:9:15:
[37m      9 │   templateUrl: [32m'./fluxo-atendimento.component.html'[37m,
        ╵                [32m~~~~~~~~~~~~~~~~~~~~~~~~~~~~~~~~~~~~[0m


[31mX [41;31m[[41;97mERROR[41;31m][0m [1mNG9: Property 'id' does not exist on type 'string'.[0m [1m[35m[plugin angular-compiler][0m

    src/app/wiki/pages/fluxo-atendimento/fluxo-atendimento.component.html:51:54:
[37m      51 │ ...      [class.fo__fluxo--ativo]="fluxoSelecionado?.[32mid[37m === fluxo.id"
         ╵                                                      [32m~~[0m

  Error occurs in the template of component FluxoAtendimentoComponent.

    src/app/wiki/pages/fluxo-atendimento/fluxo-atendimento.component.ts:9:15:
[37m      9 │   templateUrl: [32m'./fluxo-atendimento.component.html'[37m,
        ╵                [32m~~~~~~~~~~~~~~~~~~~~~~~~~~~~~~~~~~~~[0m


[31mX [41;31m[[41;97mERROR[41;31m][0m [1mNG9: Property 'prioridadeClasse' does not exist on type 'FluxoAtendimentoComponent'.[0m [1m[35m[plugin angular-compiler][0m

    src/app/wiki/pages/fluxo-atendimento/fluxo-atendimento.component.html:58:44:
[37m      58 │ ...n class="fo-badge" [ngClass]="[32mprioridadeClasse[37m(fluxo.prioridade)">
         ╵                                  [32m~~~~~~~~~~~~~~~~[0m

  Error occurs in the template of component FluxoAtendimentoComponent.

    src/app/wiki/pages/fluxo-atendimento/fluxo-atendimento.component.ts:9:15:
[37m      9 │   templateUrl: [32m'./fluxo-atendimento.component.html'[37m,
        ╵                [32m~~~~~~~~~~~~~~~~~~~~~~~~~~~~~~~~~~~~[0m


[31mX [41;31m[[41;97mERROR[41;31m][0m [1mNG9: Property 'prioridadeLabels' does not exist on type 'FluxoAtendimentoComponent'.[0m [1m[35m[plugin angular-compiler][0m

    src/app/wiki/pages/fluxo-atendimento/fluxo-atendimento.component.html:59:15:
[37m      59 │             {{ [32mprioridadeLabels[37m[fluxo.prioridade] }}
         ╵                [32m~~~~~~~~~~~~~~~~[0m

  Error occurs in the template of component FluxoAtendimentoComponent.

    src/app/wiki/pages/fluxo-atendimento/fluxo-atendimento.component.ts:9:15:
[37m      9 │   templateUrl: [32m'./fluxo-atendimento.component.html'[37m,
        ╵                [32m~~~~~~~~~~~~~~~~~~~~~~~~~~~~~~~~~~~~[0m


[31mX [41;31m[[41;97mERROR[41;31m][0m [1mNG9: Property 'fluxosFiltrados' does not exist on type 'FluxoAtendimentoComponent'.[0m [1m[35m[plugin angular-compiler][0m

    src/app/wiki/pages/fluxo-atendimento/fluxo-atendimento.component.html:63:46:
[37m      63 │ ...iv class="fo__sem-resultado" *ngIf="[32mfluxosFiltrados[37m.length === 0">
         ╵                                        [32m~~~~~~~~~~~~~~~[0m

  Error occurs in the template of component FluxoAtendimentoComponent.

    src/app/wiki/pages/fluxo-atendimento/fluxo-atendimento.component.ts:9:15:
[37m      9 │   templateUrl: [32m'./fluxo-atendimento.component.html'[37m,
        ╵                [32m~~~~~~~~~~~~~~~~~~~~~~~~~~~~~~~~~~~~[0m


[31mX [41;31m[[41;97mERROR[41;31m][0m [1mNG9: Property 'categoria' does not exist on type 'string'.[0m [1m[35m[plugin angular-compiler][0m

    src/app/wiki/pages/fluxo-atendimento/fluxo-atendimento.component.html:74:56:
[37m      74 │ ...span class="fo__categoria">{{ fluxoSelecionado.[32mcategoria[37m }}</span>
         ╵                                                   [32m~~~~~~~~~[0m

  Error occurs in the template of component FluxoAtendimentoComponent.

    src/app/wiki/pages/fluxo-atendimento/fluxo-atendimento.component.ts:9:15:
[37m      9 │   templateUrl: [32m'./fluxo-atendimento.component.html'[37m,
        ╵                [32m~~~~~~~~~~~~~~~~~~~~~~~~~~~~~~~~~~~~[0m


[31mX [41;31m[[41;97mERROR[41;31m][0m [1mNG9: Property 'nome' does not exist on type 'string'.[0m [1m[35m[plugin angular-compiler][0m

    src/app/wiki/pages/fluxo-atendimento/fluxo-atendimento.component.html:75:32:
[37m      75 │         <h1>{{ fluxoSelecionado.[32mnome[37m }}</h1>
         ╵                                 [32m~~~~[0m

  Error occurs in the template of component FluxoAtendimentoComponent.

    src/app/wiki/pages/fluxo-atendimento/fluxo-atendimento.component.ts:9:15:
[37m      9 │   templateUrl: [32m'./fluxo-atendimento.component.html'[37m,
        ╵                [32m~~~~~~~~~~~~~~~~~~~~~~~~~~~~~~~~~~~~[0m


[31mX [41;31m[[41;97mERROR[41;31m][0m [1mNG9: Property 'resumo' does not exist on type 'string'.[0m [1m[35m[plugin angular-compiler][0m

    src/app/wiki/pages/fluxo-atendimento/fluxo-atendimento.component.html:76:31:
[37m      76 │         <p>{{ fluxoSelecionado.[32mresumo[37m }}</p>
         ╵                                [32m~~~~~~[0m

  Error occurs in the template of component FluxoAtendimentoComponent.

    src/app/wiki/pages/fluxo-atendimento/fluxo-atendimento.component.ts:9:15:
[37m      9 │   templateUrl: [32m'./fluxo-atendimento.component.html'[37m,
        ╵                [32m~~~~~~~~~~~~~~~~~~~~~~~~~~~~~~~~~~~~[0m


[31mX [41;31m[[41;97mERROR[41;31m][0m [1mNG9: Property 'id' does not exist on type 'string'.[0m [1m[35m[plugin angular-compiler][0m

    src/app/wiki/pages/fluxo-atendimento/fluxo-atendimento.component.html:81:66:
[37m      81 │ ...    [class.fo__favoritar--ativo]="isFavorito(fluxoSelecionado.[32mid[37m)"
         ╵                                                                  [32m~~[0m

  Error occurs in the template of component FluxoAtendimentoComponent.

    src/app/wiki/pages/fluxo-atendimento/fluxo-atendimento.component.ts:9:15:
[37m      9 │   templateUrl: [32m'./fluxo-atendimento.component.html'[37m,
        ╵                [32m~~~~~~~~~~~~~~~~~~~~~~~~~~~~~~~~~~~~[0m


[31mX [41;31m[[41;97mERROR[41;31m][0m [1mNG9: Property 'id' does not exist on type 'string'.[0m [1m[35m[plugin angular-compiler][0m

    src/app/wiki/pages/fluxo-atendimento/fluxo-atendimento.component.html:82:49:
[37m      82 │         (click)="toggleFavorito(fluxoSelecionado.[32mid[37m)"
         ╵                                                  [32m~~[0m

  Error occurs in the template of component FluxoAtendimentoComponent.

    src/app/wiki/pages/fluxo-atendimento/fluxo-atendimento.component.ts:9:15:
[37m      9 │   templateUrl: [32m'./fluxo-atendimento.component.html'[37m,
        ╵                [32m~~~~~~~~~~~~~~~~~~~~~~~~~~~~~~~~~~~~[0m


[31mX [41;31m[[41;97mERROR[41;31m][0m [1mNG9: Property 'id' does not exist on type 'string'.[0m [1m[35m[plugin angular-compiler][0m

    src/app/wiki/pages/fluxo-atendimento/fluxo-atendimento.component.html:83:55:
[37m      83 │ ...]="isFavorito(fluxoSelecionado.[32mid[37m) ? 'Remover dos favoritos' : ...
         ╵                                   [32m~~[0m

  Error occurs in the template of component FluxoAtendimentoComponent.

    src/app/wiki/pages/fluxo-atendimento/fluxo-atendimento.component.ts:9:15:
[37m      9 │   templateUrl: [32m'./fluxo-atendimento.component.html'[37m,
        ╵                [32m~~~~~~~~~~~~~~~~~~~~~~~~~~~~~~~~~~~~[0m


[31mX [41;31m[[41;97mERROR[41;31m][0m [1mNG9: Property 'id' does not exist on type 'string'.[0m [1m[35m[plugin angular-compiler][0m

    src/app/wiki/pages/fluxo-atendimento/fluxo-atendimento.component.html:85:61:
[37m      85 │ ...]="isFavorito(fluxoSelecionado.[32mid[37m) ? 'bi-star-fill' : 'bi-star'...
         ╵                                   [32m~~[0m

  Error occurs in the template of component FluxoAtendimentoComponent.

    src/app/wiki/pages/fluxo-atendimento/fluxo-atendimento.component.ts:9:15:
[37m      9 │   templateUrl: [32m'./fluxo-atendimento.component.html'[37m,
        ╵                [32m~~~~~~~~~~~~~~~~~~~~~~~~~~~~~~~~~~~~[0m


[31mX [41;31m[[41;97mERROR[41;31m][0m [1mNG9: Property 'produto' does not exist on type 'string'.[0m [1m[35m[plugin angular-compiler][0m

    src/app/wiki/pages/fluxo-atendimento/fluxo-atendimento.component.html:91:64:
[37m      91 │ ...l"></i> {{ fluxoSelecionado.[32mproduto[37m }} · {{ fluxoSelecionado.m...
         ╵                                [32m~~~~~~~[0m

  Error occurs in the template of component FluxoAtendimentoComponent.

    src/app/wiki/pages/fluxo-atendimento/fluxo-atendimento.component.ts:9:15:
[37m      9 │   templateUrl: [32m'./fluxo-atendimento.component.html'[37m,
        ╵                [32m~~~~~~~~~~~~~~~~~~~~~~~~~~~~~~~~~~~~[0m


[31mX [41;31m[[41;97mERROR[41;31m][0m [1mNG9: Property 'modulo' does not exist on type 'string'.[0m [1m[35m[plugin angular-compiler][0m

    src/app/wiki/pages/fluxo-atendimento/fluxo-atendimento.component.html:91:97:
[37m      91 │ ...i> {{ fluxoSelecionado.produto }} · {{ fluxoSelecionado[32m.modul[37mo }}
         ╵                                                           [32m~~~~~~[0m

  Error occurs in the template of component FluxoAtendimentoComponent.

    src/app/wiki/pages/fluxo-atendimento/fluxo-atendimento.component.ts:9:15:
[37m      9 │   templateUrl: [32m'./fluxo-atendimento.component.html'[37m,
        ╵                [32m~~~~~~~~~~~~~~~~~~~~~~~~~~~~~~~~~~~~[0m


[31mX [41;31m[[41;97mERROR[41;31m][0m [1mNG9: Property 'prioridadeClasse' does not exist on type 'FluxoAtendimentoComponent'.[0m [1m[35m[plugin angular-compiler][0m

    src/app/wiki/pages/fluxo-atendimento/fluxo-atendimento.component.html:95:44:
[37m      95 │ ...s="fo-badge" [ngClass]="[32mprioridadeClasse[37m(fluxoSelecionado.prior...
         ╵                            [32m~~~~~~~~~~~~~~~~[0m

  Error occurs in the template of component FluxoAtendimentoComponent.

    src/app/wiki/pages/fluxo-atendimento/fluxo-atendimento.component.ts:9:15:
[37m      9 │   templateUrl: [32m'./fluxo-atendimento.component.html'[37m,
        ╵                [32m~~~~~~~~~~~~~~~~~~~~~~~~~~~~~~~~~~~~[0m


[31mX [41;31m[[41;97mERROR[41;31m][0m [1mNG9: Property 'prioridade' does not exist on type 'string'.[0m [1m[35m[plugin angular-compiler][0m

    src/app/wiki/pages/fluxo-atendimento/fluxo-atendimento.component.html:95:78:
[37m      95 │ ...-badge" [ngClass]="prioridadeClasse(fluxoSelecionado.[32mprioridade[37m)">
         ╵                                                         [32m~~~~~~~~~~[0m

  Error occurs in the template of component FluxoAtendimentoComponent.

    src/app/wiki/pages/fluxo-atendimento/fluxo-atendimento.component.ts:9:15:
[37m      9 │   templateUrl: [32m'./fluxo-atendimento.component.html'[37m,
        ╵                [32m~~~~~~~~~~~~~~~~~~~~~~~~~~~~~~~~~~~~[0m


[31mX [41;31m[[41;97mERROR[41;31m][0m [1mNG9: Property 'prioridadeLabels' does not exist on type 'FluxoAtendimentoComponent'.[0m [1m[35m[plugin angular-compiler][0m

    src/app/wiki/pages/fluxo-atendimento/fluxo-atendimento.component.html:96:13:
[37m      96 │           {{ [32mprioridadeLabels[37m[fluxoSelecionado.prioridade] }}
         ╵              [32m~~~~~~~~~~~~~~~~[0m

  Error occurs in the template of component FluxoAtendimentoComponent.

    src/app/wiki/pages/fluxo-atendimento/fluxo-atendimento.component.ts:9:15:
[37m      9 │   templateUrl: [32m'./fluxo-atendimento.component.html'[37m,
        ╵                [32m~~~~~~~~~~~~~~~~~~~~~~~~~~~~~~~~~~~~[0m


[31mX [41;31m[[41;97mERROR[41;31m][0m [1mNG9: Property 'prioridade' does not exist on type 'string'.[0m [1m[35m[plugin angular-compiler][0m

    src/app/wiki/pages/fluxo-atendimento/fluxo-atendimento.component.html:96:47:
[37m      96 │           {{ prioridadeLabels[fluxoSelecionado.[32mprioridade[37m] }}
         ╵                                                [32m~~~~~~~~~~[0m

  Error occurs in the template of component FluxoAtendimentoComponent.

    src/app/wiki/pages/fluxo-atendimento/fluxo-atendimento.component.ts:9:15:
[37m      9 │   templateUrl: [32m'./fluxo-atendimento.component.html'[37m,
        ╵                [32m~~~~~~~~~~~~~~~~~~~~~~~~~~~~~~~~~~~~[0m


[31mX [41;31m[[41;97mERROR[41;31m][0m [1mNG9: Property 'nivelLabels' does not exist on type 'FluxoAtendimentoComponent'.[0m [1m[35m[plugin angular-compiler][0m

    src/app/wiki/pages/fluxo-atendimento/fluxo-atendimento.component.html:100:63:
[37m      100 │ ...l"></i> Nível técnico: {[32m{ nivelLabe[37mls[fluxoSelecionado.nivel...
          ╵                            [32m~~~~~~~~~~~[0m

  Error occurs in the template of component FluxoAtendimentoComponent.

    src/app/wiki/pages/fluxo-atendimento/fluxo-atendimento.component.ts:9:15:
[37m      9 │   templateUrl: [32m'./fluxo-atendimento.component.html'[37m,
        ╵                [32m~~~~~~~~~~~~~~~~~~~~~~~~~~~~~~~~~~~~[0m


[31mX [41;31m[[41;97mERROR[41;31m][0m [1mNG9: Property 'nivelTecnico' does not exist on type 'string'.[0m [1m[35m[plugin angular-compiler][0m

    src/app/wiki/pages/fluxo-atendimento/fluxo-atendimento.component.html:100:92:
[37m      100 │ ...Nível técnico: {{ nivelLabels[fluxoSelecionad[32mo.nivelTecni[37mco] }}
          ╵                                                 [32m~~~~~~~~~~~~[0m

  Error occurs in the template of component FluxoAtendimentoComponent.

    src/app/wiki/pages/fluxo-atendimento/fluxo-atendimento.component.ts:9:15:
[37m      9 │   templateUrl: [32m'./fluxo-atendimento.component.html'[37m,
        ╵                [32m~~~~~~~~~~~~~~~~~~~~~~~~~~~~~~~~~~~~[0m


[31mX [41;31m[[41;97mERROR[41;31m][0m [1mNG9: Property 'tempoMedio' does not exist on type 'string'.[0m [1m[35m[plugin angular-compiler][0m

    src/app/wiki/pages/fluxo-atendimento/fluxo-atendimento.component.html:103:78:
[37m      103 │ ...pwatch-fill"></i> Tempo médio: {{ fluxoSelecionado[32m.tempoMedi[37mo }}
          ╵                                                      [32m~~~~~~~~~~[0m

  Error occurs in the template of component FluxoAtendimentoComponent.

    src/app/wiki/pages/fluxo-atendimento/fluxo-atendimento.component.ts:9:15:
[37m      9 │   templateUrl: [32m'./fluxo-atendimento.component.html'[37m,
        ╵                [32m~~~~~~~~~~~~~~~~~~~~~~~~~~~~~~~~~~~~[0m


[31mX [41;31m[[41;97mERROR[41;31m][0m [1mNG9: Property 'responsavel' does not exist on type 'string'.[0m [1m[35m[plugin angular-compiler][0m

    src/app/wiki/pages/fluxo-atendimento/fluxo-atendimento.component.html:106:68:
[37m      106 │ ..."bi bi-person-badge-fill"></i> {{ fluxoSelecionado.[32mresponsavel[37m }}
          ╵                                                       [32m~~~~~~~~~~~[0m

  Error occurs in the template of component FluxoAtendimentoComponent.

    src/app/wiki/pages/fluxo-atendimento/fluxo-atendimento.component.ts:9:15:
[37m      9 │   templateUrl: [32m'./fluxo-atendimento.component.html'[37m,
        ╵                [32m~~~~~~~~~~~~~~~~~~~~~~~~~~~~~~~~~~~~[0m


[31mX [41;31m[[41;97mERROR[41;31m][0m [1mNG9: Property 'dataRevisao' does not exist on type 'string'.[0m [1m[35m[plugin angular-compiler][0m

    src/app/wiki/pages/fluxo-atendimento/fluxo-atendimento.component.html:109:79:
[37m      109 │ ...dar-check-fill"></i> Revisão: {{ fluxoSelecionado[32m.dataRevisa[37mo }}
          ╵                                                     [32m~~~~~~~~~~~[0m

  Error occurs in the template of component FluxoAtendimentoComponent.

    src/app/wiki/pages/fluxo-atendimento/fluxo-atendimento.component.ts:9:15:
[37m      9 │   templateUrl: [32m'./fluxo-atendimento.component.html'[37m,
        ╵                [32m~~~~~~~~~~~~~~~~~~~~~~~~~~~~~~~~~~~~[0m


[31mX [41;31m[[41;97mERROR[41;31m][0m [1mNG9: Property 'visaoGeral' does not exist on type 'string'.[0m [1m[35m[plugin angular-compiler][0m

    src/app/wiki/pages/fluxo-atendimento/fluxo-atendimento.component.html:131:63:
[37m      131 │ ...o</strong><p>{{ fluxoSelecionado.[32mvisaoGeral[37m.objetivo }}</p></div>
          ╵                                     [32m~~~~~~~~~~[0m

  Error occurs in the template of component FluxoAtendimentoComponent.

    src/app/wiki/pages/fluxo-atendimento/fluxo-atendimento.component.ts:9:15:
[37m      9 │   templateUrl: [32m'./fluxo-atendimento.component.html'[37m,
        ╵                [32m~~~~~~~~~~~~~~~~~~~~~~~~~~~~~~~~~~~~[0m


[31mX [41;31m[[41;97mERROR[41;31m][0m [1mNG9: Property 'visaoGeral' does not exist on type 'string'.[0m [1m[35m[plugin angular-compiler][0m

    src/app/wiki/pages/fluxo-atendimento/fluxo-atendimento.component.html:135:70:
[37m      135 │ ...ong><p>{{ fluxoSelecionado.[32mvisaoGeral[37m.quandoUtilizar }}</p></div>
          ╵                               [32m~~~~~~~~~~[0m

  Error occurs in the template of component FluxoAtendimentoComponent.

    src/app/wiki/pages/fluxo-atendimento/fluxo-atendimento.component.ts:9:15:
[37m      9 │   templateUrl: [32m'./fluxo-atendimento.component.html'[37m,
        ╵                [32m~~~~~~~~~~~~~~~~~~~~~~~~~~~~~~~~~~~~[0m


[31mX [41;31m[[41;97mERROR[41;31m][0m [1mNG9: Property 'visaoGeral' does not exist on type 'string'.[0m [1m[35m[plugin angular-compiler][0m

    src/app/wiki/pages/fluxo-atendimento/fluxo-atendimento.component.html:139:74:
[37m      139 │ ...ong><p>{{ fluxoSelecionado[32m.visaoGera[37ml.quandoNaoUtilizar }}</p>...
          ╵                              [32m~~~~~~~~~~[0m

  Error occurs in the template of component FluxoAtendimentoComponent.

    src/app/wiki/pages/fluxo-atendimento/fluxo-atendimento.component.ts:9:15:
[37m      9 │   templateUrl: [32m'./fluxo-atendimento.component.html'[37m,
        ╵                [32m~~~~~~~~~~~~~~~~~~~~~~~~~~~~~~~~~~~~[0m


[31mX [41;31m[[41;97mERROR[41;31m][0m [1mNG9: Property 'id' does not exist on type 'string'.[0m [1m[35m[plugin angular-compiler][0m

    src/app/wiki/pages/fluxo-atendimento/fluxo-atendimento.component.html:150:45:
[37m      150 │ ...ntarMarcados(fluxoSelecionado.[32mid[37m, 'antes') }}/{{ getTotalCheck...
          ╵                                  [32m~~[0m

  Error occurs in the template of component FluxoAtendimentoComponent.

    src/app/wiki/pages/fluxo-atendimento/fluxo-atendimento.component.ts:9:15:
[37m      9 │   templateUrl: [32m'./fluxo-atendimento.component.html'[37m,
        ╵                [32m~~~~~~~~~~~~~~~~~~~~~~~~~~~~~~~~~~~~[0m


[31mX [41;31m[[41;97mERROR[41;31m][0m [1mNG9: Property 'id' does not exist on type 'string'.[0m [1m[35m[plugin angular-compiler][0m

    src/app/wiki/pages/fluxo-atendimento/fluxo-atendimento.component.html:150:95:
[37m      150 │ ...id, 'antes') }}/{{ getTotalCheck(fluxoSelecionado.[32mid[37m, 'antes') }}
          ╵                                                      [32m~~[0m

  Error occurs in the template of component FluxoAtendimentoComponent.

    src/app/wiki/pages/fluxo-atendimento/fluxo-atendimento.component.ts:9:15:
[37m      9 │   templateUrl: [32m'./fluxo-atendimento.component.html'[37m,
        ╵                [32m~~~~~~~~~~~~~~~~~~~~~~~~~~~~~~~~~~~~[0m


[31mX [41;31m[[41;97mERROR[41;31m][0m [1mNG9: Property 'antesDeIniciar' does not exist on type 'string'.[0m [1m[35m[plugin angular-compiler][0m

    src/app/wiki/pages/fluxo-atendimento/fluxo-atendimento.component.html:155:69:
[37m      155 │ ...For="let item of fluxoSelecionado.[32mantesDeIniciar[37m; let i = index">
          ╵                                      [32m~~~~~~~~~~~~~~[0m

  Error occurs in the template of component FluxoAtendimentoComponent.

    src/app/wiki/pages/fluxo-atendimento/fluxo-atendimento.component.ts:9:15:
[37m      9 │   templateUrl: [32m'./fluxo-atendimento.component.html'[37m,
        ╵                [32m~~~~~~~~~~~~~~~~~~~~~~~~~~~~~~~~~~~~[0m


[31mX [41;31m[[41;97mERROR[41;31m][0m [1mNG9: Property 'id' does not exist on type 'string'.[0m [1m[35m[plugin angular-compiler][0m

    src/app/wiki/pages/fluxo-atendimento/fluxo-atendimento.component.html:156:74:
[37m      156 │ ...pe="checkbox" [(ngModel)]="checkAntes[fluxoSelecionado.[32mid[37m][i]" />
          ╵                                                           [32m~~[0m

  Error occurs in the template of component FluxoAtendimentoComponent.

    src/app/wiki/pages/fluxo-atendimento/fluxo-atendimento.component.ts:9:15:
[37m      9 │   templateUrl: [32m'./fluxo-atendimento.component.html'[37m,
        ╵                [32m~~~~~~~~~~~~~~~~~~~~~~~~~~~~~~~~~~~~[0m


[31mX [41;31m[[41;97mERROR[41;31m][0m [1mNG9: Property 'id' does not exist on type 'string'.[0m [1m[35m[plugin angular-compiler][0m

    src/app/wiki/pages/fluxo-atendimento/fluxo-atendimento.component.html:156:74:
[37m      156 │ ...pe="checkbox" [(ngModel)]="checkAntes[fluxoSelecionado.[32mid[37m][i]" />
          ╵                                                           [32m~~[0m

  Error occurs in the template of component FluxoAtendimentoComponent.

    src/app/wiki/pages/fluxo-atendimento/fluxo-atendimento.component.ts:9:15:
[37m      9 │   templateUrl: [32m'./fluxo-atendimento.component.html'[37m,
        ╵                [32m~~~~~~~~~~~~~~~~~~~~~~~~~~~~~~~~~~~~[0m


[31mX [41;31m[[41;97mERROR[41;31m][0m [1mNG9: Property 'diagnostico' does not exist on type 'string'.[0m [1m[35m[plugin angular-compiler][0m

    src/app/wiki/pages/fluxo-atendimento/fluxo-atendimento.component.html:170:69:
[37m      170 │ ...s="fo-diag" *ngFor="let caminho of fluxoSelecionado.[32mdiagnostico[37m">
          ╵                                                        [32m~~~~~~~~~~~[0m

  Error occurs in the template of component FluxoAtendimentoComponent.

    src/app/wiki/pages/fluxo-atendimento/fluxo-atendimento.component.ts:9:15:
[37m      9 │   templateUrl: [32m'./fluxo-atendimento.component.html'[37m,
        ╵                [32m~~~~~~~~~~~~~~~~~~~~~~~~~~~~~~~~~~~~[0m


[31mX [41;31m[[41;97mERROR[41;31m][0m [1mNG9: Property 'perguntasObrigatorias' does not exist on type 'string'.[0m [1m[35m[plugin angular-compiler][0m

    src/app/wiki/pages/fluxo-atendimento/fluxo-atendimento.component.html:191:58:
[37m      191 │ ...count">{{ fluxoSelecionado.[32mperguntasObrigatorias[37m.length }}</span>
          ╵                               [32m~~~~~~~~~~~~~~~~~~~~~[0m

  Error occurs in the template of component FluxoAtendimentoComponent.

    src/app/wiki/pages/fluxo-atendimento/fluxo-atendimento.component.ts:9:15:
[37m      9 │   templateUrl: [32m'./fluxo-atendimento.component.html'[37m,
        ╵                [32m~~~~~~~~~~~~~~~~~~~~~~~~~~~~~~~~~~~~[0m


[31mX [41;31m[[41;97mERROR[41;31m][0m [1mNG9: Property 'perguntasObrigatorias' does not exist on type 'string'.[0m [1m[35m[plugin angular-compiler][0m

    src/app/wiki/pages/fluxo-atendimento/fluxo-atendimento.component.html:195:70:
[37m      195 │ ... *ngFor="let pergunta of fluxoSelecionado.[32mperguntasObrigatorias[37m">
          ╵                                              [32m~~~~~~~~~~~~~~~~~~~~~[0m

  Error occurs in the template of component FluxoAtendimentoComponent.

    src/app/wiki/pages/fluxo-atendimento/fluxo-atendimento.component.ts:9:15:
[37m      9 │   templateUrl: [32m'./fluxo-atendimento.component.html'[37m,
        ╵                [32m~~~~~~~~~~~~~~~~~~~~~~~~~~~~~~~~~~~~[0m


[31mX [41;31m[[41;97mERROR[41;31m][0m [1mNG9: Property 'evidenciasObrigatorias' does not exist on type 'string'.[0m [1m[35m[plugin angular-compiler][0m

    src/app/wiki/pages/fluxo-atendimento/fluxo-atendimento.component.html:210:58:
[37m      210 │ ...ount">{{ fluxoSelecionado.[32mevidenciasObrigatorias[37m.length }}</span>
          ╵                              [32m~~~~~~~~~~~~~~~~~~~~~~[0m

  Error occurs in the template of component FluxoAtendimentoComponent.

    src/app/wiki/pages/fluxo-atendimento/fluxo-atendimento.component.ts:9:15:
[37m      9 │   templateUrl: [32m'./fluxo-atendimento.component.html'[37m,
        ╵                [32m~~~~~~~~~~~~~~~~~~~~~~~~~~~~~~~~~~~~[0m


[31mX [41;31m[[41;97mERROR[41;31m][0m [1mNG9: Property 'evidenciasObrigatorias' does not exist on type 'string'.[0m [1m[35m[plugin angular-compiler][0m

    src/app/wiki/pages/fluxo-atendimento/fluxo-atendimento.component.html:215:78:
[37m      215 │ ...ngFor="let evidencia of fluxoSelecionado.[32mevidenciasObrigatorias[37m">
          ╵                                             [32m~~~~~~~~~~~~~~~~~~~~~~[0m

  Error occurs in the template of component FluxoAtendimentoComponent.

    src/app/wiki/pages/fluxo-atendimento/fluxo-atendimento.component.ts:9:15:
[37m      9 │   templateUrl: [32m'./fluxo-atendimento.component.html'[37m,
        ╵                [32m~~~~~~~~~~~~~~~~~~~~~~~~~~~~~~~~~~~~[0m


[31mX [41;31m[[41;97mERROR[41;31m][0m [1mNG9: Property 'id' does not exist on type 'string'.[0m [1m[35m[plugin angular-compiler][0m

    src/app/wiki/pages/fluxo-atendimento/fluxo-atendimento.component.html:229:45:
[37m      229 │ ...ntarMarcados(fluxoSelecionado.[32mid[37m, 'tecnico') }}/{{ getTotalChe...
          ╵                                  [32m~~[0m

  Error occurs in the template of component FluxoAtendimentoComponent.

    src/app/wiki/pages/fluxo-atendimento/fluxo-atendimento.component.ts:9:15:
[37m      9 │   templateUrl: [32m'./fluxo-atendimento.component.html'[37m,
        ╵                [32m~~~~~~~~~~~~~~~~~~~~~~~~~~~~~~~~~~~~[0m


[31mX [41;31m[[41;97mERROR[41;31m][0m [1mNG9: Property 'id' does not exist on type 'string'.[0m [1m[35m[plugin angular-compiler][0m

    src/app/wiki/pages/fluxo-atendimento/fluxo-atendimento.component.html:229:97:
[37m      229 │ ...'tecnico') }}/{{ getTotalCheck(fluxoSelecionado.[32mid[37m, 'tecnico') }}
          ╵                                                    [32m~~[0m

  Error occurs in the template of component FluxoAtendimentoComponent.

    src/app/wiki/pages/fluxo-atendimento/fluxo-atendimento.component.ts:9:15:
[37m      9 │   templateUrl: [32m'./fluxo-atendimento.component.html'[37m,
        ╵                [32m~~~~~~~~~~~~~~~~~~~~~~~~~~~~~~~~~~~~[0m


[31mX [41;31m[[41;97mERROR[41;31m][0m [1mNG9: Property 'checklistTecnico' does not exist on type 'string'.[0m [1m[35m[plugin angular-compiler][0m

    src/app/wiki/pages/fluxo-atendimento/fluxo-atendimento.component.html:235:71:
[37m      235 │ ...r="let item of fluxoSelecionado.[32mchecklistTecnico[37m; let i = index">
          ╵                                    [32m~~~~~~~~~~~~~~~~[0m

  Error occurs in the template of component FluxoAtendimentoComponent.

    src/app/wiki/pages/fluxo-atendimento/fluxo-atendimento.component.ts:9:15:
[37m      9 │   templateUrl: [32m'./fluxo-atendimento.component.html'[37m,
        ╵                [32m~~~~~~~~~~~~~~~~~~~~~~~~~~~~~~~~~~~~[0m


[31mX [41;31m[[41;97mERROR[41;31m][0m [1mNG9: Property 'id' does not exist on type 'string'.[0m [1m[35m[plugin angular-compiler][0m

    src/app/wiki/pages/fluxo-atendimento/fluxo-atendimento.component.html:236:78:
[37m      236 │ ...="checkbox" [(ngModel)]="checkTecnico[fluxoSelecionado.[32mid[37m][i]" />
          ╵                                                           [32m~~[0m

  Error occurs in the template of component FluxoAtendimentoComponent.

    src/app/wiki/pages/fluxo-atendimento/fluxo-atendimento.component.ts:9:15:
[37m      9 │   templateUrl: [32m'./fluxo-atendimento.component.html'[37m,
        ╵                [32m~~~~~~~~~~~~~~~~~~~~~~~~~~~~~~~~~~~~[0m


[31mX [41;31m[[41;97mERROR[41;31m][0m [1mNG9: Property 'id' does not exist on type 'string'.[0m [1m[35m[plugin angular-compiler][0m

    src/app/wiki/pages/fluxo-atendimento/fluxo-atendimento.component.html:236:78:
[37m      236 │ ...="checkbox" [(ngModel)]="checkTecnico[fluxoSelecionado.[32mid[37m][i]" />
          ╵                                                           [32m~~[0m

  Error occurs in the template of component FluxoAtendimentoComponent.

    src/app/wiki/pages/fluxo-atendimento/fluxo-atendimento.component.ts:9:15:
[37m      9 │   templateUrl: [32m'./fluxo-atendimento.component.html'[37m,
        ╵                [32m~~~~~~~~~~~~~~~~~~~~~~~~~~~~~~~~~~~~[0m


[31mX [41;31m[[41;97mERROR[41;31m][0m [1mNG9: Property 'boasPraticas' does not exist on type 'string'.[0m [1m[35m[plugin angular-compiler][0m

    src/app/wiki/pages/fluxo-atendimento/fluxo-atendimento.component.html:252:51:
[37m      252 │ ...item of fluxoSelecionado.[32mboasPraticas[37m"><i class="bi bi-check-c...
          ╵                             [32m~~~~~~~~~~~~[0m

  Error occurs in the template of component FluxoAtendimentoComponent.

    src/app/wiki/pages/fluxo-atendimento/fluxo-atendimento.component.ts:9:15:
[37m      9 │   templateUrl: [32m'./fluxo-atendimento.component.html'[37m,
        ╵                [32m~~~~~~~~~~~~~~~~~~~~~~~~~~~~~~~~~~~~[0m


[31mX [41;31m[[41;97mERROR[41;31m][0m [1mNG9: Property 'quandoEscalar' does not exist on type 'string'.[0m [1m[35m[plugin angular-compiler][0m

    src/app/wiki/pages/fluxo-atendimento/fluxo-atendimento.component.html:269:55:
[37m      269 │ ...item of fluxoSelecionado.[32mquandoEscalar[37m"><i class="bi bi-check-...
          ╵                             [32m~~~~~~~~~~~~~[0m

  Error occurs in the template of component FluxoAtendimentoComponent.

    src/app/wiki/pages/fluxo-atendimento/fluxo-atendimento.component.ts:9:15:
[37m      9 │   templateUrl: [32m'./fluxo-atendimento.component.html'[37m,
        ╵                [32m~~~~~~~~~~~~~~~~~~~~~~~~~~~~~~~~~~~~[0m


[31mX [41;31m[[41;97mERROR[41;31m][0m [1mNG9: Property 'quandoNaoEscalar' does not exist on type 'string'.[0m [1m[35m[plugin angular-compiler][0m

    src/app/wiki/pages/fluxo-atendimento/fluxo-atendimento.component.html:275:55:
[37m      275 │ ...em of fluxoSelecionado.[32mquandoNaoEscalar[37m"><i class="bi bi-x-cir...
          ╵                           [32m~~~~~~~~~~~~~~~~[0m

  Error occurs in the template of component FluxoAtendimentoComponent.

    src/app/wiki/pages/fluxo-atendimento/fluxo-atendimento.component.ts:9:15:
[37m      9 │   templateUrl: [32m'./fluxo-atendimento.component.html'[37m,
        ╵                [32m~~~~~~~~~~~~~~~~~~~~~~~~~~~~~~~~~~~~[0m


[31mX [41;31m[[41;97mERROR[41;31m][0m [1mNG9: Property 'causaRaiz' does not exist on type 'string'.[0m [1m[35m[plugin angular-compiler][0m

    src/app/wiki/pages/fluxo-atendimento/fluxo-atendimento.component.html:294:71:
[37m      294 │ ...lass="fo-causa" *ngFor="let causa of fluxoSelecionado.[32mcausaRaiz[37m">
          ╵                                                          [32m~~~~~~~~~[0m

  Error occurs in the template of component FluxoAtendimentoComponent.

    src/app/wiki/pages/fluxo-atendimento/fluxo-atendimento.component.ts:9:15:
[37m      9 │   templateUrl: [32m'./fluxo-atendimento.component.html'[37m,
        ╵                [32m~~~~~~~~~~~~~~~~~~~~~~~~~~~~~~~~~~~~[0m


[31mX [41;31m[[41;97mERROR[41;31m][0m [1mNG9: Property 'historico' does not exist on type 'string'.[0m [1m[35m[plugin angular-compiler][0m

    src/app/wiki/pages/fluxo-atendimento/fluxo-atendimento.component.html:310:78:
[37m      310 │ ...-timeline__item" *ngFor="let item of fluxoSelecionado.[32mhistorico[37m">
          ╵                                                          [32m~~~~~~~~~[0m

  Error occurs in the template of component FluxoAtendimentoComponent.

    src/app/wiki/pages/fluxo-atendimento/fluxo-atendimento.component.ts:9:15:
[37m      9 │   templateUrl: [32m'./fluxo-atendimento.component.html'[37m,
        ╵                [32m~~~~~~~~~~~~~~~~~~~~~~~~~~~~~~~~~~~~[0m

[39m[22m
[1m[31m[31mX [41;31m[[41;97mERROR[41;31m][0m [1mNG9: Property 'abaAtiva' does not exist on type 'FraseologiaComponent'.[0m [1m[35m[plugin angular-compiler][0m

    src/app/wiki/pages/fraseologia/fraseologia.component.html:14:72:
[37m      14 │ ... [class.frase__aba--ativa]="[32mabaAtiva[37m === 'frases'" (click)="sel...
         ╵                                [32m~~~~~~~~[0m

  Error occurs in the template of component FraseologiaComponent.

    src/app/wiki/pages/fraseologia/fraseologia.component.ts:28:15:
[37m      28 │   templateUrl: [32m'./fraseologia.component.html'[37m,
         ╵                [32m~~~~~~~~~~~~~~~~~~~~~~~~~~~~~~[0m


[31mX [41;31m[[41;97mERROR[41;31m][0m [1mNG9: Property 'selecionarAba' does not exist on type 'FraseologiaComponent'.[0m [1m[35m[plugin angular-compiler][0m

    src/app/wiki/pages/fraseologia/fraseologia.component.html:14:104:
[37m      14 │ ...aAtiva === 'frases'" (click)="[32mselecionarAba[37m('frases')" role="tab">
         ╵                                  [32m~~~~~~~~~~~~~[0m

  Error occurs in the template of component FraseologiaComponent.

    src/app/wiki/pages/fraseologia/fraseologia.component.ts:28:15:
[37m      28 │   templateUrl: [32m'./fraseologia.component.html'[37m,
         ╵                [32m~~~~~~~~~~~~~~~~~~~~~~~~~~~~~~[0m


[31mX [41;31m[[41;97mERROR[41;31m][0m [1mNG9: Property 'abaAtiva' does not exist on type 'FraseologiaComponent'.[0m [1m[35m[plugin angular-compiler][0m

    src/app/wiki/pages/fraseologia/fraseologia.component.html:17:72:
[37m      17 │ ... [class.frase__aba--ativa]="[32mabaAtiva[37m === 'playbook'" (click)="s...
         ╵                                [32m~~~~~~~~[0m

  Error occurs in the template of component FraseologiaComponent.

    src/app/wiki/pages/fraseologia/fraseologia.component.ts:28:15:
[37m      28 │   templateUrl: [32m'./fraseologia.component.html'[37m,
         ╵                [32m~~~~~~~~~~~~~~~~~~~~~~~~~~~~~~[0m


[31mX [41;31m[[41;97mERROR[41;31m][0m [1mNG9: Property 'selecionarAba' does not exist on type 'FraseologiaComponent'.[0m [1m[35m[plugin angular-compiler][0m

    src/app/wiki/pages/fraseologia/fraseologia.component.html:17:106:
[37m      17 │ ...va === 'playbook'" (click)="[32mselecionarAba[37m('playbook')" role="tab">
         ╵                                [32m~~~~~~~~~~~~~[0m

  Error occurs in the template of component FraseologiaComponent.

    src/app/wiki/pages/fraseologia/fraseologia.component.ts:28:15:
[37m      28 │   templateUrl: [32m'./fraseologia.component.html'[37m,
         ╵                [32m~~~~~~~~~~~~~~~~~~~~~~~~~~~~~~[0m


[31mX [41;31m[[41;97mERROR[41;31m][0m [1mNG9: Property 'abaAtiva' does not exist on type 'FraseologiaComponent'.[0m [1m[35m[plugin angular-compiler][0m

    src/app/wiki/pages/fraseologia/fraseologia.component.html:23:14:
[37m      23 │   <div *ngIf="[32mabaAtiva[37m === 'frases'">
         ╵               [32m~~~~~~~~[0m

  Error occurs in the template of component FraseologiaComponent.

    src/app/wiki/pages/fraseologia/fraseologia.component.ts:28:15:
[37m      28 │   templateUrl: [32m'./fraseologia.component.html'[37m,
         ╵                [32m~~~~~~~~~~~~~~~~~~~~~~~~~~~~~~[0m


[31mX [41;31m[[41;97mERROR[41;31m][0m [1mNG9: Property 'abaAtiva' does not exist on type 'FraseologiaComponent'.[0m [1m[35m[plugin angular-compiler][0m

    src/app/wiki/pages/fraseologia/fraseologia.component.html:762:37:
[37m      762 │   <div class="frase-playbook" *ngIf="[32mabaAtiva[37m === 'playbook'">
          ╵                                      [32m~~~~~~~~[0m

  Error occurs in the template of component FraseologiaComponent.

    src/app/wiki/pages/fraseologia/fraseologia.component.ts:28:15:
[37m      28 │   templateUrl: [32m'./fraseologia.component.html'[37m,
         ╵                [32m~~~~~~~~~~~~~~~~~~~~~~~~~~~~~~[0m

[39m[22m
[1m[31m[31mX [41;31m[[41;97mERROR[41;31m][0m [1mTS2304: Cannot find name 'FluxoAtendimentoComponent'.[0m [1m[35m[plugin angular-compiler][0m

    src/app/wiki/wiki.routes.ts:36:42:
[37m      36 │ ...path: 'fluxo-atendimento', component: [32mFluxoAtendimentoComponent[37m },
         ╵                                          [32m~~~~~~~~~~~~~~~~~~~~~~~~~[0m

[39m[22m
[1m[31m[31mX [41;31m[[41;97mERROR[41;31m][0m [1mNG9: Property 'toggleSecao' does not exist on type 'FaqComponent'.[0m [1m[35m[plugin angular-compiler][0m

    src/app/wiki/pages/faq/faq.component.html:9:45:
[37m      9 │       <header class="secao__header" (click)="[32mtoggleSecao[37m('titulo')">
        ╵                                              [32m~~~~~~~~~~~[0m

  Error occurs in the template of component FaqComponent.

    src/app/wiki/pages/faq/faq.component.ts:13:15:
[37m      13 │   templateUrl: [32m'./faq.component.html'[37m,
         ╵                [32m~~~~~~~~~~~~~~~~~~~~~~[0m


[31mX [41;31m[[41;97mERROR[41;31m][0m [1mNG9: Property 'secaoAbertaId' does not exist on type 'FaqComponent'.[0m [1m[35m[plugin angular-compiler][0m

    src/app/wiki/pages/faq/faq.component.html:12:13:
[37m      12 │           {{ [32msecaoAbertaId[37m === 'titulo' ? 'Recolher' : 'Expandir' }}
         ╵              [32m~~~~~~~~~~~~~[0m

  Error occurs in the template of component FaqComponent.

    src/app/wiki/pages/faq/faq.component.ts:13:15:
[37m      13 │   templateUrl: [32m'./faq.component.html'[37m,
         ╵                [32m~~~~~~~~~~~~~~~~~~~~~~[0m


[31mX [41;31m[[41;97mERROR[41;31m][0m [1mNG9: Property 'secaoAbertaId' does not exist on type 'FaqComponent'.[0m [1m[35m[plugin angular-compiler][0m

    src/app/wiki/pages/faq/faq.component.html:15:38:
[37m      15 │       <div class="secao__body" *ngIf="[32msecaoAbertaId[37m === 'titulo'">
         ╵                                       [32m~~~~~~~~~~~~~[0m

  Error occurs in the template of component FaqComponent.

    src/app/wiki/pages/faq/faq.component.ts:13:15:
[37m      13 │   templateUrl: [32m'./faq.component.html'[37m,
         ╵                [32m~~~~~~~~~~~~~~~~~~~~~~[0m


[31mX [41;31m[[41;97mERROR[41;31m][0m [1mNG9: Property 'toggleSecao' does not exist on type 'FaqComponent'.[0m [1m[35m[plugin angular-compiler][0m

    src/app/wiki/pages/faq/faq.component.html:24:45:
[37m      24 │       <header class="secao__header" (click)="[32mtoggleSecao[37m('boleto')">
         ╵                                              [32m~~~~~~~~~~~[0m

  Error occurs in the template of component FaqComponent.

    src/app/wiki/pages/faq/faq.component.ts:13:15:
[37m      13 │   templateUrl: [32m'./faq.component.html'[37m,
         ╵                [32m~~~~~~~~~~~~~~~~~~~~~~[0m


[31mX [41;31m[[41;97mERROR[41;31m][0m [1mNG9: Property 'secaoAbertaId' does not exist on type 'FaqComponent'.[0m [1m[35m[plugin angular-compiler][0m

    src/app/wiki/pages/faq/faq.component.html:27:13:
[37m      27 │           {{ [32msecaoAbertaId[37m === 'boleto' ? 'Recolher' : 'Expandir' }}
         ╵              [32m~~~~~~~~~~~~~[0m

  Error occurs in the template of component FaqComponent.

    src/app/wiki/pages/faq/faq.component.ts:13:15:
[37m      13 │   templateUrl: [32m'./faq.component.html'[37m,
         ╵                [32m~~~~~~~~~~~~~~~~~~~~~~[0m


[31mX [41;31m[[41;97mERROR[41;31m][0m [1mNG9: Property 'secaoAbertaId' does not exist on type 'FaqComponent'.[0m [1m[35m[plugin angular-compiler][0m

    src/app/wiki/pages/faq/faq.component.html:30:38:
[37m      30 │       <div class="secao__body" *ngIf="[32msecaoAbertaId[37m === 'boleto'">
         ╵                                       [32m~~~~~~~~~~~~~[0m

  Error occurs in the template of component FaqComponent.

    src/app/wiki/pages/faq/faq.component.ts:13:15:
[37m      13 │   templateUrl: [32m'./faq.component.html'[37m,
         ╵                [32m~~~~~~~~~~~~~~~~~~~~~~[0m


[31mX [41;31m[[41;97mERROR[41;31m][0m [1mNG9: Property 'toggleSecao' does not exist on type 'FaqComponent'.[0m [1m[35m[plugin angular-compiler][0m

    src/app/wiki/pages/faq/faq.component.html:39:45:
[37m      39 │ ... <header class="secao__header" (click)="[32mtoggleSecao[37m('diferenca')">
         ╵                                            [32m~~~~~~~~~~~[0m

  Error occurs in the template of component FaqComponent.

    src/app/wiki/pages/faq/faq.component.ts:13:15:
[37m      13 │   templateUrl: [32m'./faq.component.html'[37m,
         ╵                [32m~~~~~~~~~~~~~~~~~~~~~~[0m


[31mX [41;31m[[41;97mERROR[41;31m][0m [1mNG9: Property 'secaoAbertaId' does not exist on type 'FaqComponent'.[0m [1m[35m[plugin angular-compiler][0m

    src/app/wiki/pages/faq/faq.component.html:42:13:
[37m      42 │           {{ [32msecaoAbertaId[37m === 'diferenca' ? 'Recolher' : 'Expandi...
         ╵              [32m~~~~~~~~~~~~~[0m

  Error occurs in the template of component FaqComponent.

    src/app/wiki/pages/faq/faq.component.ts:13:15:
[37m      13 │   templateUrl: [32m'./faq.component.html'[37m,
         ╵                [32m~~~~~~~~~~~~~~~~~~~~~~[0m


[31mX [41;31m[[41;97mERROR[41;31m][0m [1mNG9: Property 'secaoAbertaId' does not exist on type 'FaqComponent'.[0m [1m[35m[plugin angular-compiler][0m

    src/app/wiki/pages/faq/faq.component.html:45:38:
[37m      45 │       <div class="secao__body" *ngIf="[32msecaoAbertaId[37m === 'diferenca'">
         ╵                                       [32m~~~~~~~~~~~~~[0m

  Error occurs in the template of component FaqComponent.

    src/app/wiki/pages/faq/faq.component.ts:13:15:
[37m      13 │   templateUrl: [32m'./faq.component.html'[37m,
         ╵                [32m~~~~~~~~~~~~~~~~~~~~~~[0m


[31mX [41;31m[[41;97mERROR[41;31m][0m [1mNG9: Property 'toggleSecao' does not exist on type 'FaqComponent'.[0m [1m[35m[plugin angular-compiler][0m

    src/app/wiki/pages/faq/faq.component.html:55:45:
[37m      55 │       <header class="secao__header" (click)="[32mtoggleSecao[37m('acordo')">
         ╵                                              [32m~~~~~~~~~~~[0m

  Error occurs in the template of component FaqComponent.

    src/app/wiki/pages/faq/faq.component.ts:13:15:
[37m      13 │   templateUrl: [32m'./faq.component.html'[37m,
         ╵                [32m~~~~~~~~~~~~~~~~~~~~~~[0m


[31mX [41;31m[[41;97mERROR[41;31m][0m [1mNG9: Property 'secaoAbertaId' does not exist on type 'FaqComponent'.[0m [1m[35m[plugin angular-compiler][0m

    src/app/wiki/pages/faq/faq.component.html:58:13:
[37m      58 │           {{ [32msecaoAbertaId[37m === 'acordo' ? 'Recolher' : 'Expandir' }}
         ╵              [32m~~~~~~~~~~~~~[0m

  Error occurs in the template of component FaqComponent.

    src/app/wiki/pages/faq/faq.component.ts:13:15:
[37m      13 │   templateUrl: [32m'./faq.component.html'[37m,
         ╵                [32m~~~~~~~~~~~~~~~~~~~~~~[0m


[31mX [41;31m[[41;97mERROR[41;31m][0m [1mNG9: Property 'secaoAbertaId' does not exist on type 'FaqComponent'.[0m [1m[35m[plugin angular-compiler][0m

    src/app/wiki/pages/faq/faq.component.html:61:38:
[37m      61 │       <div class="secao__body" *ngIf="[32msecaoAbertaId[37m === 'acordo'">
         ╵                                       [32m~~~~~~~~~~~~~[0m

  Error occurs in the template of component FaqComponent.

    src/app/wiki/pages/faq/faq.component.ts:13:15:
[37m      13 │   templateUrl: [32m'./faq.component.html'[37m,
         ╵                [32m~~~~~~~~~~~~~~~~~~~~~~[0m


[31mX [41;31m[[41;97mERROR[41;31m][0m [1mNG9: Property 'toggleSecao' does not exist on type 'FaqComponent'.[0m [1m[35m[plugin angular-compiler][0m

    src/app/wiki/pages/faq/faq.component.html:71:45:
[37m      71 │ ... <header class="secao__header" (click)="[32mtoggleSecao[37m('batimento')">
         ╵                                            [32m~~~~~~~~~~~[0m

  Error occurs in the template of component FaqComponent.

    src/app/wiki/pages/faq/faq.component.ts:13:15:
[37m      13 │   templateUrl: [32m'./faq.component.html'[37m,
         ╵                [32m~~~~~~~~~~~~~~~~~~~~~~[0m


[31mX [41;31m[[41;97mERROR[41;31m][0m [1mNG9: Property 'secaoAbertaId' does not exist on type 'FaqComponent'.[0m [1m[35m[plugin angular-compiler][0m

    src/app/wiki/pages/faq/faq.component.html:74:13:
[37m      74 │           {{ [32msecaoAbertaId[37m === 'batimento' ? 'Recolher' : 'Expandi...
         ╵              [32m~~~~~~~~~~~~~[0m

  Error occurs in the template of component FaqComponent.

    src/app/wiki/pages/faq/faq.component.ts:13:15:
[37m      13 │   templateUrl: [32m'./faq.component.html'[37m,
         ╵                [32m~~~~~~~~~~~~~~~~~~~~~~[0m


[31mX [41;31m[[41;97mERROR[41;31m][0m [1mNG9: Property 'secaoAbertaId' does not exist on type 'FaqComponent'.[0m [1m[35m[plugin angular-compiler][0m

    src/app/wiki/pages/faq/faq.component.html:77:38:
[37m      77 │       <div class="secao__body" *ngIf="[32msecaoAbertaId[37m === 'batimento'">
         ╵                                       [32m~~~~~~~~~~~~~[0m

  Error occurs in the template of component FaqComponent.

    src/app/wiki/pages/faq/faq.component.ts:13:15:
[37m      13 │   templateUrl: [32m'./faq.component.html'[37m,
         ╵                [32m~~~~~~~~~~~~~~~~~~~~~~[0m


[31mX [41;31m[[41;97mERROR[41;31m][0m [1mNG9: Property 'toggleSecao' does not exist on type 'FaqComponent'.[0m [1m[35m[plugin angular-compiler][0m

    src/app/wiki/pages/faq/faq.component.html:86:45:
[37m      86 │       <header class="secao__header" (click)="[32mtoggleSecao[37m('layout')">
         ╵                                              [32m~~~~~~~~~~~[0m

  Error occurs in the template of component FaqComponent.

    src/app/wiki/pages/faq/faq.component.ts:13:15:
[37m      13 │   templateUrl: [32m'./faq.component.html'[37m,
         ╵                [32m~~~~~~~~~~~~~~~~~~~~~~[0m


[31mX [41;31m[[41;97mERROR[41;31m][0m [1mNG9: Property 'secaoAbertaId' does not exist on type 'FaqComponent'.[0m [1m[35m[plugin angular-compiler][0m

    src/app/wiki/pages/faq/faq.component.html:89:13:
[37m      89 │           {{ [32msecaoAbertaId[37m === 'layout' ? 'Recolher' : 'Expandir' }}
         ╵              [32m~~~~~~~~~~~~~[0m

  Error occurs in the template of component FaqComponent.

    src/app/wiki/pages/faq/faq.component.ts:13:15:
[37m      13 │   templateUrl: [32m'./faq.component.html'[37m,
         ╵                [32m~~~~~~~~~~~~~~~~~~~~~~[0m


[31mX [41;31m[[41;97mERROR[41;31m][0m [1mNG9: Property 'secaoAbertaId' does not exist on type 'FaqComponent'.[0m [1m[35m[plugin angular-compiler][0m

    src/app/wiki/pages/faq/faq.component.html:92:38:
[37m      92 │       <div class="secao__body" *ngIf="[32msecaoAbertaId[37m === 'layout'">
         ╵                                       [32m~~~~~~~~~~~~~[0m

  Error occurs in the template of component FaqComponent.

    src/app/wiki/pages/faq/faq.component.ts:13:15:
[37m      13 │   templateUrl: [32m'./faq.component.html'[37m,
         ╵                [32m~~~~~~~~~~~~~~~~~~~~~~[0m


[31mX [41;31m[[41;97mERROR[41;31m][0m [1mNG9: Property 'toggleSecao' does not exist on type 'FaqComponent'.[0m [1m[35m[plugin angular-compiler][0m

    src/app/wiki/pages/faq/faq.component.html:101:45:
[37m      101 │ ...r class="secao__header" (click)="[32mtoggleSecao[37m('layout-generico')">
          ╵                                     [32m~~~~~~~~~~~[0m

  Error occurs in the template of component FaqComponent.

    src/app/wiki/pages/faq/faq.component.ts:13:15:
[37m      13 │   templateUrl: [32m'./faq.component.html'[37m,
         ╵                [32m~~~~~~~~~~~~~~~~~~~~~~[0m


[31mX [41;31m[[41;97mERROR[41;31m][0m [1mNG9: Property 'secaoAbertaId' does not exist on type 'FaqComponent'.[0m [1m[35m[plugin angular-compiler][0m

    src/app/wiki/pages/faq/faq.component.html:104:13:
[37m      104 │           {{ [32msecaoAbertaId[37m === 'layout-generico' ? 'Recolher' : '...
          ╵              [32m~~~~~~~~~~~~~[0m

  Error occurs in the template of component FaqComponent.

    src/app/wiki/pages/faq/faq.component.ts:13:15:
[37m      13 │   templateUrl: [32m'./faq.component.html'[37m,
         ╵                [32m~~~~~~~~~~~~~~~~~~~~~~[0m


[31mX [41;31m[[41;97mERROR[41;31m][0m [1mNG9: Property 'secaoAbertaId' does not exist on type 'FaqComponent'.[0m [1m[35m[plugin angular-compiler][0m

    src/app/wiki/pages/faq/faq.component.html:107:38:
[37m      107 │ ... class="secao__body" *ngIf="[32msecaoAbertaId[37m === 'layout-generico'">
          ╵                                [32m~~~~~~~~~~~~~[0m

  Error occurs in the template of component FaqComponent.

    src/app/wiki/pages/faq/faq.component.ts:13:15:
[37m      13 │   templateUrl: [32m'./faq.component.html'[37m,
         ╵                [32m~~~~~~~~~~~~~~~~~~~~~~[0m


[31mX [41;31m[[41;97mERROR[41;31m][0m [1mNG9: Property 'toggleSecao' does not exist on type 'FaqComponent'.[0m [1m[35m[plugin angular-compiler][0m

    src/app/wiki/pages/faq/faq.component.html:116:45:
[37m      116 │       <header class="secao__header" (click)="[32mtoggleSecao[37m('cnab')">
          ╵                                              [32m~~~~~~~~~~~[0m

  Error occurs in the template of component FaqComponent.

    src/app/wiki/pages/faq/faq.component.ts:13:15:
[37m      13 │   templateUrl: [32m'./faq.component.html'[37m,
         ╵                [32m~~~~~~~~~~~~~~~~~~~~~~[0m


[31mX [41;31m[[41;97mERROR[41;31m][0m [1mNG9: Property 'secaoAbertaId' does not exist on type 'FaqComponent'.[0m [1m[35m[plugin angular-compiler][0m

    src/app/wiki/pages/faq/faq.component.html:119:13:
[37m      119 │           {{ [32msecaoAbertaId[37m === 'cnab' ? 'Recolher' : 'Expandir' }}
          ╵              [32m~~~~~~~~~~~~~[0m

  Error occurs in the template of component FaqComponent.

    src/app/wiki/pages/faq/faq.component.ts:13:15:
[37m      13 │   templateUrl: [32m'./faq.component.html'[37m,
         ╵                [32m~~~~~~~~~~~~~~~~~~~~~~[0m


[31mX [41;31m[[41;97mERROR[41;31m][0m [1mNG9: Property 'secaoAbertaId' does not exist on type 'FaqComponent'.[0m [1m[35m[plugin angular-compiler][0m

    src/app/wiki/pages/faq/faq.component.html:122:38:
[37m      122 │       <div class="secao__body" *ngIf="[32msecaoAbertaId[37m === 'cnab'">
          ╵                                       [32m~~~~~~~~~~~~~[0m

  Error occurs in the template of component FaqComponent.

    src/app/wiki/pages/faq/faq.component.ts:13:15:
[37m      13 │   templateUrl: [32m'./faq.component.html'[37m,
         ╵                [32m~~~~~~~~~~~~~~~~~~~~~~[0m


[31mX [41;31m[[41;97mERROR[41;31m][0m [1mNG9: Property 'toggleSecao' does not exist on type 'FaqComponent'.[0m [1m[35m[plugin angular-compiler][0m

    src/app/wiki/pages/faq/faq.component.html:131:45:
[37m      131 │ ...ader class="secao__header" (click)="[32mtoggleSecao[37m('remessa-cnab')">
          ╵                                        [32m~~~~~~~~~~~[0m

  Error occurs in the template of component FaqComponent.

    src/app/wiki/pages/faq/faq.component.ts:13:15:
[37m      13 │   templateUrl: [32m'./faq.component.html'[37m,
         ╵                [32m~~~~~~~~~~~~~~~~~~~~~~[0m


[31mX [41;31m[[41;97mERROR[41;31m][0m [1mNG9: Property 'secaoAbertaId' does not exist on type 'FaqComponent'.[0m [1m[35m[plugin angular-compiler][0m

    src/app/wiki/pages/faq/faq.component.html:134:13:
[37m      134 │           {{ [32msecaoAbertaId[37m === 'remessa-cnab' ? 'Recolher' : 'Exp...
          ╵              [32m~~~~~~~~~~~~~[0m

  Error occurs in the template of component FaqComponent.

    src/app/wiki/pages/faq/faq.component.ts:13:15:
[37m      13 │   templateUrl: [32m'./faq.component.html'[37m,
         ╵                [32m~~~~~~~~~~~~~~~~~~~~~~[0m


[31mX [41;31m[[41;97mERROR[41;31m][0m [1mNG9: Property 'secaoAbertaId' does not exist on type 'FaqComponent'.[0m [1m[35m[plugin angular-compiler][0m

    src/app/wiki/pages/faq/faq.component.html:137:38:
[37m      137 │ ...div class="secao__body" *ngIf="[32msecaoAbertaId[37m === 'remessa-cnab'">
          ╵                                   [32m~~~~~~~~~~~~~[0m

  Error occurs in the template of component FaqComponent.

    src/app/wiki/pages/faq/faq.component.ts:13:15:
[37m      13 │   templateUrl: [32m'./faq.component.html'[37m,
         ╵                [32m~~~~~~~~~~~~~~~~~~~~~~[0m


[31mX [41;31m[[41;97mERROR[41;31m][0m [1mNG9: Property 'toggleSecao' does not exist on type 'FaqComponent'.[0m [1m[35m[plugin angular-compiler][0m

    src/app/wiki/pages/faq/faq.component.html:146:45:
[37m      146 │ ...  <header class="secao__header" (click)="[32mtoggleSecao[37m('mailing')">
          ╵                                             [32m~~~~~~~~~~~[0m

  Error occurs in the template of component FaqComponent.

    src/app/wiki/pages/faq/faq.component.ts:13:15:
[37m      13 │   templateUrl: [32m'./faq.component.html'[37m,
         ╵                [32m~~~~~~~~~~~~~~~~~~~~~~[0m


[31mX [41;31m[[41;97mERROR[41;31m][0m [1mNG9: Property 'secaoAbertaId' does not exist on type 'FaqComponent'.[0m [1m[35m[plugin angular-compiler][0m

    src/app/wiki/pages/faq/faq.component.html:149:13:
[37m      149 │           {{ [32msecaoAbertaId[37m === 'mailing' ? 'Recolher' : 'Expandir...
          ╵              [32m~~~~~~~~~~~~~[0m

  Error occurs in the template of component FaqComponent.

    src/app/wiki/pages/faq/faq.component.ts:13:15:
[37m      13 │   templateUrl: [32m'./faq.component.html'[37m,
         ╵                [32m~~~~~~~~~~~~~~~~~~~~~~[0m


[31mX [41;31m[[41;97mERROR[41;31m][0m [1mNG9: Property 'secaoAbertaId' does not exist on type 'FaqComponent'.[0m [1m[35m[plugin angular-compiler][0m

    src/app/wiki/pages/faq/faq.component.html:152:38:
[37m      152 │       <div class="secao__body" *ngIf="[32msecaoAbertaId[37m === 'mailing'">
          ╵                                       [32m~~~~~~~~~~~~~[0m

  Error occurs in the template of component FaqComponent.

    src/app/wiki/pages/faq/faq.component.ts:13:15:
[37m      13 │   templateUrl: [32m'./faq.component.html'[37m,
         ╵                [32m~~~~~~~~~~~~~~~~~~~~~~[0m


[31mX [41;31m[[41;97mERROR[41;31m][0m [1mNG9: Property 'toggleSecao' does not exist on type 'FaqComponent'.[0m [1m[35m[plugin angular-compiler][0m

    src/app/wiki/pages/faq/faq.component.html:161:45:
[37m      161 │ ...ader class="secao__header" (click)="[32mtoggleSecao[37m('registro-api')">
          ╵                                        [32m~~~~~~~~~~~[0m

  Error occurs in the template of component FaqComponent.

    src/app/wiki/pages/faq/faq.component.ts:13:15:
[37m      13 │   templateUrl: [32m'./faq.component.html'[37m,
         ╵                [32m~~~~~~~~~~~~~~~~~~~~~~[0m


[31mX [41;31m[[41;97mERROR[41;31m][0m [1mNG9: Property 'secaoAbertaId' does not exist on type 'FaqComponent'.[0m [1m[35m[plugin angular-compiler][0m

    src/app/wiki/pages/faq/faq.component.html:164:13:
[37m      164 │           {{ [32msecaoAbertaId[37m === 'registro-api' ? 'Recolher' : 'Exp...
          ╵              [32m~~~~~~~~~~~~~[0m

  Error occurs in the template of component FaqComponent.

    src/app/wiki/pages/faq/faq.component.ts:13:15:
[37m      13 │   templateUrl: [32m'./faq.component.html'[37m,
         ╵                [32m~~~~~~~~~~~~~~~~~~~~~~[0m


[31mX [41;31m[[41;97mERROR[41;31m][0m [1mNG9: Property 'secaoAbertaId' does not exist on type 'FaqComponent'.[0m [1m[35m[plugin angular-compiler][0m

    src/app/wiki/pages/faq/faq.component.html:167:38:
[37m      167 │ ...div class="secao__body" *ngIf="[32msecaoAbertaId[37m === 'registro-api'">
          ╵                                   [32m~~~~~~~~~~~~~[0m

  Error occurs in the template of component FaqComponent.

    src/app/wiki/pages/faq/faq.component.ts:13:15:
[37m      13 │   templateUrl: [32m'./faq.component.html'[37m,
         ╵                [32m~~~~~~~~~~~~~~~~~~~~~~[0m

[39m[22m
[1m[31m[31mX [41;31m[[41;97mERROR[41;31m][0m [1mNG9: Property 'ferramentas' does not exist on type 'FerramentasComponent'.[0m [1m[35m[plugin angular-compiler][0m

    src/app/wiki/pages/ferramentas/ferramentas.component.html:7:52:
[37m      7 │     <article class="card" *ngFor="let ferramenta of [32mferramentas[37m">
        ╵                                                     [32m~~~~~~~~~~~[0m

  Error occurs in the template of component FerramentasComponent.

    src/app/wiki/pages/ferramentas/ferramentas.component.ts:11:15:
[37m      11 │   templateUrl: [32m'./ferramentas.component.html'[37m,
         ╵                [32m~~~~~~~~~~~~~~~~~~~~~~~~~~~~~~[0m

[39m[22m
[1m[31m[31mX [41;31m[[41;97mERROR[41;31m][0m [1mNG1: Property 'terminioBusca' does not exist on type 'FerramentasComponent'. Did you mean 'termoBusca'?[0m [1m[35m[plugin angular-compiler][0m

    src/app/wiki/pages/ferramentas/ferramentas.component.html:162:15:
[37m      162 │       (click)="[32mterminioBusca[37m = ''; categoriaSelecionada = 'todas'...
          ╵                [32m~~~~~~~~~~~~~[0m

  Error occurs in the template of component FerramentasComponent.

    src/app/wiki/pages/ferramentas/ferramentas.component.ts:11:15:
[37m      11 │   templateUrl: [32m'./ferramentas.component.html'[37m,
         ╵                [32m~~~~~~~~~~~~~~~~~~~~~~~~~~~~~~[0m

[39m[22m
[1m[31m[31mX [41;31m[[41;97mERROR[41;31m][0m [1mNG9: Property 'externo' does not exist on type 'FerramentaDetalheComponent'.[0m [1m[35m[plugin angular-compiler][0m

    src/app/wiki/pages/ferramentas/ferramenta-detalhe.component.html:104:42:
[37m      104 │ ...  <a *ngIf="!link.externo; else [32mexterno[37m" [routerLink]="link.url">
          ╵                                    [32m~~~~~~~[0m

  Error occurs in the template of component FerramentaDetalheComponent.

    src/app/wiki/pages/ferramentas/ferramenta-detalhe.component.ts:11:15:
[37m      11 │   templateUrl: [32m'./ferramenta-detalhe.component.html'[37m,
         ╵                [32m~~~~~~~~~~~~~~~~~~~~~~~~~~~~~~~~~~~~~[0m

[39m[22m
[1m[31m[31mX [41;31m[[41;97mERROR[41;31m][0m [1mNG9: Property 'externo' does not exist on type 'FerramentaDetalheComponent'.[0m [1m[35m[plugin angular-compiler][0m

    src/app/wiki/pages/ferramentas/ferramenta-detalhe.component.html:104:42:
[37m      104 │ ...  <a *ngIf="!link.externo; else [32mexterno[37m" [routerLink]="link.url">
          ╵                                    [32m~~~~~~~[0m

  Error occurs in the template of component FerramentaDetalheComponent.

    src/app/wiki/pages/ferramentas/ferramenta-detalhe.component.ts:11:15:
[37m      11 │   templateUrl: [32m'./ferramenta-detalhe.component.html'[37m,
         ╵                [32m~~~~~~~~~~~~~~~~~~~~~~~~~~~~~~~~~~~~~[0m

[39m[22m
[1m[31m[31mX [41;31m[[41;97mERROR[41;31m][0m [1mNG9: Property 'externo' does not exist on type 'FerramentaDetalheComponent'.[0m [1m[35m[plugin angular-compiler][0m

    src/app/wiki/pages/ferramentas/ferramenta-detalhe.component.html:104:42:
[37m      104 │ ...  <a *ngIf="!link.externo; else [32mexterno[37m" [routerLink]="link.url">
          ╵                                    [32m~~~~~~~[0m

  Error occurs in the template of component FerramentaDetalheComponent.

    src/app/wiki/pages/ferramentas/ferramenta-detalhe.component.ts:11:15:
[37m      11 │   templateUrl: [32m'./ferramenta-detalhe.component.html'[37m,
         ╵                [32m~~~~~~~~~~~~~~~~~~~~~~~~~~~~~~~~~~~~~[0m

[39m[22m
[1m[31m[31mX [41;31m[[41;97mERROR[41;31m][0m [1mTS2554: Expected 1 arguments, but got 2.[0m [1m[35m[plugin angular-compiler][0m

    src/app/auth/pages/login/login.component.ts:46:34:
[37m      46 │     this.authService.login(email, [32msenha[37m).subscribe({
         ╵                                   [32m~~~~~[0m


[31mX [41;31m[[41;97mERROR[41;31m][0m [1mTS2304: Cannot find name 'PerfilUsuario'.[0m [1m[35m[plugin angular-compiler][0m

    src/app/core/models/auth.model.ts:33:10:
[37m      33 │   perfil: [32mPerfilUsuario[37m;
         ╵           [32m~~~~~~~~~~~~~[0m


[31mX [41;31m[[41;97mERROR[41;31m][0m [1mTS2729: Property 'tokenStorage' is used before its initialization.[0m [1m[35m[plugin angular-compiler][0m

    src/app/core/services/auth.service.ts:28:9:
[37m      28 │     this.[32mtokenStorage[37m.getUsuario()
         ╵          [32m~~~~~~~~~~~~[0m

  'tokenStorage' is declared here.

    src/app/core/services/auth.service.ts:35:4:
[37m      35 │     [32mprivate readonly tokenStorage: TokenStorageService[37m
         ╵     [32m~~~~~~~~~~~~~~~~~~~~~~~~~~~~~~~~~~~~~~~~~~~~~~~~~~[0m


[31mX [41;31m[[41;97mERROR[41;31m][0m [1mTS2339: Property 'useMockAuth' does not exist on type '{ production: boolean; apiBaseUrl: string; }'.[0m [1m[35m[plugin angular-compiler][0m

    src/app/core/services/auth.service.ts:41:20:
[37m      41 │     if (environment.[32museMockAuth[37m) {
         ╵                     [32m~~~~~~~~~~~[0m


[31mX [41;31m[[41;97mERROR[41;31m][0m [1mTS2339: Property 'useMockAuth' does not exist on type '{ production: boolean; apiBaseUrl: string; }'.[0m [1m[35m[plugin angular-compiler][0m

    src/app/core/services/auth.service.ts:83:20:
[37m      83 │     if (environment.[32museMockAuth[37m) {
         ╵                     [32m~~~~~~~~~~~[0m


[31mX [41;31m[[41;97mERROR[41;31m][0m [1mTS2322: Type 'Promise<string | null | undefined>' is not assignable to type 'Promise<string | null>'.
  Type 'string | null | undefined' is not assignable to type 'string | null'.
    Type 'undefined' is not assignable to type 'string | null'.[0m [1m[35m[plugin angular-compiler][0m

    src/app/core/services/auth.service.ts:109:4:
[37m      109 │     [32mthis.refreshTokenPromise[37m = this.refreshToken()
          ╵     [32m~~~~~~~~~~~~~~~~~~~~~~~~[0m


[31mX [41;31m[[41;97mERROR[41;31m][0m [1mTS2531: Object is possibly 'null'.[0m [1m[35m[plugin angular-compiler][0m

    src/app/core/services/auth.service.ts:126:4:
[37m      126 │     [32mthis.refreshTokenPromise[37m.finally(() => {
          ╵     [32m~~~~~~~~~~~~~~~~~~~~~~~~[0m


[31mX [41;31m[[41;97mERROR[41;31m][0m [1mTS2322: Type 'Promise<string | null> | null' is not assignable to type 'Promise<string | null>'.
  Type 'null' is not assignable to type 'Promise<string | null>'.[0m [1m[35m[plugin angular-compiler][0m

    src/app/core/services/auth.service.ts:129:4:
[37m      129 │     [32mreturn[37m this.refreshTokenPromise;
          ╵     [32m~~~~~~[0m


[31mX [41;31m[[41;97mERROR[41;31m][0m [1mTS2339: Property 'getToken' does not exist on type 'AuthService'.[0m [1m[35m[plugin angular-compiler][0m

    src/app/core/services/http-error.interceptor.ts:9:28:
[37m      9 │   const token = authService.[32mgetToken[37m();
        ╵                             [32m~~~~~~~~[0m

[39m[22m
[1m[31m[31mX [41;31m[[41;97mERROR[41;31m][0m [1mTS2554: Expected 1 arguments, but got 2.[0m [1m[35m[plugin angular-compiler][0m

    src/app/auth/pages/login/login.component.ts:46:34:
[37m      46 │     this.authService.login(email, [32msenha[37m).subscribe({
         ╵                                   [32m~~~~~[0m


[31mX [41;31m[[41;97mERROR[41;31m][0m [1mTS2304: Cannot find name 'PerfilUsuario'.[0m [1m[35m[plugin angular-compiler][0m

    src/app/core/models/auth.model.ts:33:10:
[37m      33 │   perfil: [32mPerfilUsuario[37m;
         ╵           [32m~~~~~~~~~~~~~[0m


[31mX [41;31m[[41;97mERROR[41;31m][0m [1mTS2729: Property 'tokenStorage' is used before its initialization.[0m [1m[35m[plugin angular-compiler][0m

    src/app/core/services/auth.service.ts:28:9:
[37m      28 │     this.[32mtokenStorage[37m.getUsuario()
         ╵          [32m~~~~~~~~~~~~[0m

  'tokenStorage' is declared here.

    src/app/core/services/auth.service.ts:35:4:
[37m      35 │     [32mprivate readonly tokenStorage: TokenStorageService[37m
         ╵     [32m~~~~~~~~~~~~~~~~~~~~~~~~~~~~~~~~~~~~~~~~~~~~~~~~~~[0m


[31mX [41;31m[[41;97mERROR[41;31m][0m [1mTS2339: Property 'useMockAuth' does not exist on type '{ production: boolean; apiBaseUrl: string; }'.[0m [1m[35m[plugin angular-compiler][0m

    src/app/core/services/auth.service.ts:41:20:
[37m      41 │     if (environment.[32museMockAuth[37m) {
         ╵                     [32m~~~~~~~~~~~[0m


[31mX [41;31m[[41;97mERROR[41;31m][0m [1mTS2339: Property 'useMockAuth' does not exist on type '{ production: boolean; apiBaseUrl: string; }'.[0m [1m[35m[plugin angular-compiler][0m

    src/app/core/services/auth.service.ts:83:20:
[37m      83 │     if (environment.[32museMockAuth[37m) {
         ╵                     [32m~~~~~~~~~~~[0m


[31mX [41;31m[[41;97mERROR[41;31m][0m [1mTS2322: Type 'Promise<string | null | undefined>' is not assignable to type 'Promise<string | null>'.
  Type 'string | null | undefined' is not assignable to type 'string | null'.
    Type 'undefined' is not assignable to type 'string | null'.[0m [1m[35m[plugin angular-compiler][0m

    src/app/core/services/auth.service.ts:109:4:
[37m      109 │     [32mthis.refreshTokenPromise[37m = this.refreshToken()
          ╵     [32m~~~~~~~~~~~~~~~~~~~~~~~~[0m


[31mX [41;31m[[41;97mERROR[41;31m][0m [1mTS2531: Object is possibly 'null'.[0m [1m[35m[plugin angular-compiler][0m

    src/app/core/services/auth.service.ts:126:4:
[37m      126 │     [32mthis.refreshTokenPromise[37m.finally(() => {
          ╵     [32m~~~~~~~~~~~~~~~~~~~~~~~~[0m


[31mX [41;31m[[41;97mERROR[41;31m][0m [1mTS2322: Type 'Promise<string | null> | null' is not assignable to type 'Promise<string | null>'.
  Type 'null' is not assignable to type 'Promise<string | null>'.[0m [1m[35m[plugin angular-compiler][0m

    src/app/core/services/auth.service.ts:129:4:
[37m      129 │     [32mreturn[37m this.refreshTokenPromise;
          ╵     [32m~~~~~~[0m


[31mX [41;31m[[41;97mERROR[41;31m][0m [1mTS2339: Property 'getToken' does not exist on type 'AuthService'.[0m [1m[35m[plugin angular-compiler][0m

    src/app/core/services/http-error.interceptor.ts:9:28:
[37m      9 │   const token = authService.[32mgetToken[37m();
        ╵                             [32m~~~~~~~~[0m

[39m[22m
[1m[31m[31mX [41;31m[[41;97mERROR[41;31m][0m [1mTS2554: Expected 1 arguments, but got 2.[0m [1m[35m[plugin angular-compiler][0m

    src/app/auth/pages/login/login.component.ts:46:34:
[37m      46 │     this.authService.login(email, [32msenha[37m).subscribe({
         ╵                                   [32m~~~~~[0m


[31mX [41;31m[[41;97mERROR[41;31m][0m [1mTS2304: Cannot find name 'PerfilUsuario'.[0m [1m[35m[plugin angular-compiler][0m

    src/app/core/models/auth.model.ts:33:10:
[37m      33 │   perfil: [32mPerfilUsuario[37m;
         ╵           [32m~~~~~~~~~~~~~[0m


[31mX [41;31m[[41;97mERROR[41;31m][0m [1mTS2729: Property 'tokenStorage' is used before its initialization.[0m [1m[35m[plugin angular-compiler][0m

    src/app/core/services/auth.service.ts:28:9:
[37m      28 │     this.[32mtokenStorage[37m.getUsuario()
         ╵          [32m~~~~~~~~~~~~[0m

  'tokenStorage' is declared here.

    src/app/core/services/auth.service.ts:35:4:
[37m      35 │     [32mprivate readonly tokenStorage: TokenStorageService[37m
         ╵     [32m~~~~~~~~~~~~~~~~~~~~~~~~~~~~~~~~~~~~~~~~~~~~~~~~~~[0m


[31mX [41;31m[[41;97mERROR[41;31m][0m [1mTS2322: Type 'Promise<string | null | undefined>' is not assignable to type 'Promise<string | null>'.
  Type 'string | null | undefined' is not assignable to type 'string | null'.
    Type 'undefined' is not assignable to type 'string | null'.[0m [1m[35m[plugin angular-compiler][0m

    src/app/core/services/auth.service.ts:109:4:
[37m      109 │     [32mthis.refreshTokenPromise[37m = this.refreshToken()
          ╵     [32m~~~~~~~~~~~~~~~~~~~~~~~~[0m


[31mX [41;31m[[41;97mERROR[41;31m][0m [1mTS2531: Object is possibly 'null'.[0m [1m[35m[plugin angular-compiler][0m

    src/app/core/services/auth.service.ts:126:4:
[37m      126 │     [32mthis.refreshTokenPromise[37m.finally(() => {
          ╵     [32m~~~~~~~~~~~~~~~~~~~~~~~~[0m


[31mX [41;31m[[41;97mERROR[41;31m][0m [1mTS2322: Type 'Promise<string | null> | null' is not assignable to type 'Promise<string | null>'.
  Type 'null' is not assignable to type 'Promise<string | null>'.[0m [1m[35m[plugin angular-compiler][0m

    src/app/core/services/auth.service.ts:129:4:
[37m      129 │     [32mreturn[37m this.refreshTokenPromise;
          ╵     [32m~~~~~~[0m


[31mX [41;31m[[41;97mERROR[41;31m][0m [1mTS2339: Property 'getToken' does not exist on type 'AuthService'.[0m [1m[35m[plugin angular-compiler][0m

    src/app/core/services/http-error.interceptor.ts:9:28:
[37m      9 │   const token = authService.[32mgetToken[37m();
        ╵                             [32m~~~~~~~~[0m

[39m[22m
[1m[31m[31mX [41;31m[[41;97mERROR[41;31m][0m [1mTS2554: Expected 1 arguments, but got 2.[0m [1m[35m[plugin angular-compiler][0m

    src/app/auth/pages/login/login.component.ts:46:34:
[37m      46 │     this.authService.login(email, [32msenha[37m).subscribe({
         ╵                                   [32m~~~~~[0m


[31mX [41;31m[[41;97mERROR[41;31m][0m [1mCould not resolve "./auth.service"[0m

    src/app/core/interceptors/auth.interceptor.ts:4:28:
[37m      4 │ import { AuthService } from [32m'./auth.service'[37m;
        ╵                             [32m~~~~~~~~~~~~~~~~[0m


[31mX [41;31m[[41;97mERROR[41;31m][0m [1mTS2307: Cannot find module './auth.service' or its corresponding type declarations.[0m [1m[35m[plugin angular-compiler][0m

    src/app/core/interceptors/auth.interceptor.ts:5:28:
[37m      5 │ import { AuthService } from [32m'./auth.service'[37m;
        ╵                             [32m~~~~~~~~~~~~~~~~[0m


[31mX [41;31m[[41;97mERROR[41;31m][0m [1mTS18046: 'authService' is of type 'unknown'.[0m [1m[35m[plugin angular-compiler][0m

    src/app/core/interceptors/auth.interceptor.ts:33:34:
[37m      33 │ ...turn next(adicionarToken(req, [32mauthService[37m.getAccessToken())).pipe(
         ╵                                  [32m~~~~~~~~~~~[0m


[31mX [41;31m[[41;97mERROR[41;31m][0m [1mTS18046: 'authService' is of type 'unknown'.[0m [1m[35m[plugin angular-compiler][0m

    src/app/core/interceptors/auth.interceptor.ts:39:13:
[37m      39 │       return [32mauthService[37m.refreshTokenSingleFlight().pipe(
         ╵              [32m~~~~~~~~~~~[0m


[31mX [41;31m[[41;97mERROR[41;31m][0m [1mTS2345: Argument of type '{}' is not assignable to parameter of type 'string'.[0m [1m[35m[plugin angular-compiler][0m

    src/app/core/interceptors/auth.interceptor.ts:44:42:
[37m      44 │           return next(adicionarToken(req, [32mnovoToken[37m));
         ╵                                           [32m~~~~~~~~~[0m


[31mX [41;31m[[41;97mERROR[41;31m][0m [1mTS2304: Cannot find name 'PerfilUsuario'.[0m [1m[35m[plugin angular-compiler][0m

    src/app/core/models/auth.model.ts:33:10:
[37m      33 │   perfil: [32mPerfilUsuario[37m;
         ╵           [32m~~~~~~~~~~~~~[0m


[31mX [41;31m[[41;97mERROR[41;31m][0m [1mTS2729: Property 'tokenStorage' is used before its initialization.[0m [1m[35m[plugin angular-compiler][0m

    src/app/core/services/auth.service.ts:28:9:
[37m      28 │     this.[32mtokenStorage[37m.getUsuario()
         ╵          [32m~~~~~~~~~~~~[0m

  'tokenStorage' is declared here.

    src/app/core/services/auth.service.ts:35:4:
[37m      35 │     [32mprivate readonly tokenStorage: TokenStorageService[37m
         ╵     [32m~~~~~~~~~~~~~~~~~~~~~~~~~~~~~~~~~~~~~~~~~~~~~~~~~~[0m


[31mX [41;31m[[41;97mERROR[41;31m][0m [1mTS2322: Type 'Promise<string | null | undefined>' is not assignable to type 'Promise<string | null>'.
  Type 'string | null | undefined' is not assignable to type 'string | null'.
    Type 'undefined' is not assignable to type 'string | null'.[0m [1m[35m[plugin angular-compiler][0m

    src/app/core/services/auth.service.ts:109:4:
[37m      109 │     [32mthis.refreshTokenPromise[37m = this.refreshToken()
          ╵     [32m~~~~~~~~~~~~~~~~~~~~~~~~[0m


[31mX [41;31m[[41;97mERROR[41;31m][0m [1mTS2531: Object is possibly 'null'.[0m [1m[35m[plugin angular-compiler][0m

    src/app/core/services/auth.service.ts:126:4:
[37m      126 │     [32mthis.refreshTokenPromise[37m.finally(() => {
          ╵     [32m~~~~~~~~~~~~~~~~~~~~~~~~[0m


[31mX [41;31m[[41;97mERROR[41;31m][0m [1mTS2322: Type 'Promise<string | null> | null' is not assignable to type 'Promise<string | null>'.
  Type 'null' is not assignable to type 'Promise<string | null>'.[0m [1m[35m[plugin angular-compiler][0m

    src/app/core/services/auth.service.ts:129:4:
[37m      129 │     [32mreturn[37m this.refreshTokenPromise;
          ╵     [32m~~~~~~[0m

[39m[22m
[1m[31m[31mX [41;31m[[41;97mERROR[41;31m][0m [1mTS2554: Expected 1 arguments, but got 2.[0m [1m[35m[plugin angular-compiler][0m

    src/app/auth/pages/login/login.component.ts:46:34:
[37m      46 │     this.authService.login(email, [32msenha[37m).subscribe({
         ╵                                   [32m~~~~~[0m


[31mX [41;31m[[41;97mERROR[41;31m][0m [1mCould not resolve "./auth.service"[0m

    src/app/core/interceptors/auth.interceptor.ts:4:28:
[37m      4 │ import { AuthService } from [32m'./auth.service'[37m;
        ╵                             [32m~~~~~~~~~~~~~~~~[0m


[31mX [41;31m[[41;97mERROR[41;31m][0m [1mTS2307: Cannot find module './auth.service' or its corresponding type declarations.[0m [1m[35m[plugin angular-compiler][0m

    src/app/core/interceptors/auth.interceptor.ts:5:28:
[37m      5 │ import { AuthService } from [32m'./auth.service'[37m;
        ╵                             [32m~~~~~~~~~~~~~~~~[0m


[31mX [41;31m[[41;97mERROR[41;31m][0m [1mTS18046: 'authService' is of type 'unknown'.[0m [1m[35m[plugin angular-compiler][0m

    src/app/core/interceptors/auth.interceptor.ts:33:34:
[37m      33 │ ...turn next(adicionarToken(req, [32mauthService[37m.getAccessToken())).pipe(
         ╵                                  [32m~~~~~~~~~~~[0m


[31mX [41;31m[[41;97mERROR[41;31m][0m [1mTS18046: 'authService' is of type 'unknown'.[0m [1m[35m[plugin angular-compiler][0m

    src/app/core/interceptors/auth.interceptor.ts:39:13:
[37m      39 │       return [32mauthService[37m.refreshTokenSingleFlight().pipe(
         ╵              [32m~~~~~~~~~~~[0m


[31mX [41;31m[[41;97mERROR[41;31m][0m [1mTS2345: Argument of type '{}' is not assignable to parameter of type 'string'.[0m [1m[35m[plugin angular-compiler][0m

    src/app/core/interceptors/auth.interceptor.ts:44:42:
[37m      44 │           return next(adicionarToken(req, [32mnovoToken[37m));
         ╵                                           [32m~~~~~~~~~[0m


[31mX [41;31m[[41;97mERROR[41;31m][0m [1mTS2304: Cannot find name 'PerfilUsuario'.[0m [1m[35m[plugin angular-compiler][0m

    src/app/core/models/auth.model.ts:33:10:
[37m      33 │   perfil: [32mPerfilUsuario[37m;
         ╵           [32m~~~~~~~~~~~~~[0m


[31mX [41;31m[[41;97mERROR[41;31m][0m [1mTS2729: Property 'tokenStorage' is used before its initialization.[0m [1m[35m[plugin angular-compiler][0m

    src/app/core/services/auth.service.ts:28:9:
[37m      28 │     this.[32mtokenStorage[37m.getUsuario()
         ╵          [32m~~~~~~~~~~~~[0m

  'tokenStorage' is declared here.

    src/app/core/services/auth.service.ts:35:4:
[37m      35 │     [32mprivate readonly tokenStorage: TokenStorageService[37m
         ╵     [32m~~~~~~~~~~~~~~~~~~~~~~~~~~~~~~~~~~~~~~~~~~~~~~~~~~[0m


[31mX [41;31m[[41;97mERROR[41;31m][0m [1mTS2322: Type 'Promise<string | null | undefined>' is not assignable to type 'Promise<string | null>'.
  Type 'string | null | undefined' is not assignable to type 'string | null'.
    Type 'undefined' is not assignable to type 'string | null'.[0m [1m[35m[plugin angular-compiler][0m

    src/app/core/services/auth.service.ts:109:4:
[37m      109 │     [32mthis.refreshTokenPromise[37m = this.refreshToken()
          ╵     [32m~~~~~~~~~~~~~~~~~~~~~~~~[0m


[31mX [41;31m[[41;97mERROR[41;31m][0m [1mTS2531: Object is possibly 'null'.[0m [1m[35m[plugin angular-compiler][0m

    src/app/core/services/auth.service.ts:126:4:
[37m      126 │     [32mthis.refreshTokenPromise[37m.finally(() => {
          ╵     [32m~~~~~~~~~~~~~~~~~~~~~~~~[0m


[31mX [41;31m[[41;97mERROR[41;31m][0m [1mTS2322: Type 'Promise<string | null> | null' is not assignable to type 'Promise<string | null>'.
  Type 'null' is not assignable to type 'Promise<string | null>'.[0m [1m[35m[plugin angular-compiler][0m

    src/app/core/services/auth.service.ts:129:4:
[37m      129 │     [32mreturn[37m this.refreshTokenPromise;
          ╵     [32m~~~~~~[0m


[31mX [41;31m[[41;97mERROR[41;31m][0m [1mCould not resolve "./auth.service"[0m

    src/app/core/interceptors/auth.interceptor.ts:4:28:
[37m      4 │ import { AuthService } from [32m'./auth.service'[37m;
        ╵                             [32m~~~~~~~~~~~~~~~~[0m

[39m[22m
[1m[31m[31mX [41;31m[[41;97mERROR[41;31m][0m [1mTS2554: Expected 1 arguments, but got 2.[0m [1m[35m[plugin angular-compiler][0m

    src/app/auth/pages/login/login.component.ts:46:34:
[37m      46 │     this.authService.login(email, [32msenha[37m).subscribe({
         ╵                                   [32m~~~~~[0m


[31mX [41;31m[[41;97mERROR[41;31m][0m [1mCould not resolve "./auth.service"[0m

    src/app/core/interceptors/auth.interceptor.ts:4:28:
[37m      4 │ import { AuthService } from [32m'./auth.service'[37m;
        ╵                             [32m~~~~~~~~~~~~~~~~[0m


[31mX [41;31m[[41;97mERROR[41;31m][0m [1mTS2307: Cannot find module './auth.service' or its corresponding type declarations.[0m [1m[35m[plugin angular-compiler][0m

    src/app/core/interceptors/auth.interceptor.ts:5:28:
[37m      5 │ import { AuthService } from [32m'./auth.service'[37m;
        ╵                             [32m~~~~~~~~~~~~~~~~[0m


[31mX [41;31m[[41;97mERROR[41;31m][0m [1mTS18046: 'authService' is of type 'unknown'.[0m [1m[35m[plugin angular-compiler][0m

    src/app/core/interceptors/auth.interceptor.ts:33:34:
[37m      33 │ ...turn next(adicionarToken(req, [32mauthService[37m.getAccessToken())).pipe(
         ╵                                  [32m~~~~~~~~~~~[0m


[31mX [41;31m[[41;97mERROR[41;31m][0m [1mTS18046: 'authService' is of type 'unknown'.[0m [1m[35m[plugin angular-compiler][0m

    src/app/core/interceptors/auth.interceptor.ts:39:13:
[37m      39 │       return [32mauthService[37m.refreshTokenSingleFlight().pipe(
         ╵              [32m~~~~~~~~~~~[0m


[31mX [41;31m[[41;97mERROR[41;31m][0m [1mTS2345: Argument of type '{}' is not assignable to parameter of type 'string'.[0m [1m[35m[plugin angular-compiler][0m

    src/app/core/interceptors/auth.interceptor.ts:44:42:
[37m      44 │           return next(adicionarToken(req, [32mnovoToken[37m));
         ╵                                           [32m~~~~~~~~~[0m


[31mX [41;31m[[41;97mERROR[41;31m][0m [1mTS2304: Cannot find name 'PerfilUsuario'.[0m [1m[35m[plugin angular-compiler][0m

    src/app/core/models/auth.model.ts:33:10:
[37m      33 │   perfil: [32mPerfilUsuario[37m;
         ╵           [32m~~~~~~~~~~~~~[0m


[31mX [41;31m[[41;97mERROR[41;31m][0m [1mTS2729: Property 'tokenStorage' is used before its initialization.[0m [1m[35m[plugin angular-compiler][0m

    src/app/core/services/auth.service.ts:28:9:
[37m      28 │     this.[32mtokenStorage[37m.getUsuario()
         ╵          [32m~~~~~~~~~~~~[0m

  'tokenStorage' is declared here.

    src/app/core/services/auth.service.ts:35:4:
[37m      35 │     [32mprivate readonly tokenStorage: TokenStorageService[37m
         ╵     [32m~~~~~~~~~~~~~~~~~~~~~~~~~~~~~~~~~~~~~~~~~~~~~~~~~~[0m


[31mX [41;31m[[41;97mERROR[41;31m][0m [1mTS2322: Type 'Promise<string | null | undefined>' is not assignable to type 'Promise<string | null>'.
  Type 'string | null | undefined' is not assignable to type 'string | null'.
    Type 'undefined' is not assignable to type 'string | null'.[0m [1m[35m[plugin angular-compiler][0m

    src/app/core/services/auth.service.ts:109:4:
[37m      109 │     [32mthis.refreshTokenPromise[37m = this.refreshToken()
          ╵     [32m~~~~~~~~~~~~~~~~~~~~~~~~[0m


[31mX [41;31m[[41;97mERROR[41;31m][0m [1mTS2531: Object is possibly 'null'.[0m [1m[35m[plugin angular-compiler][0m

    src/app/core/services/auth.service.ts:126:4:
[37m      126 │     [32mthis.refreshTokenPromise[37m.finally(() => {
          ╵     [32m~~~~~~~~~~~~~~~~~~~~~~~~[0m


[31mX [41;31m[[41;97mERROR[41;31m][0m [1mTS2322: Type 'Promise<string | null> | null' is not assignable to type 'Promise<string | null>'.
  Type 'null' is not assignable to type 'Promise<string | null>'.[0m [1m[35m[plugin angular-compiler][0m

    src/app/core/services/auth.service.ts:129:4:
[37m      129 │     [32mreturn[37m this.refreshTokenPromise;
          ╵     [32m~~~~~~[0m


[31mX [41;31m[[41;97mERROR[41;31m][0m [1mCould not resolve "./auth.service"[0m

    src/app/core/interceptors/auth.interceptor.ts:4:28:
[37m      4 │ import { AuthService } from [32m'./auth.service'[37m;
        ╵                             [32m~~~~~~~~~~~~~~~~[0m

[39m[22m
[1m[31m[31mX [41;31m[[41;97mERROR[41;31m][0m [1mTS2554: Expected 1 arguments, but got 2.[0m [1m[35m[plugin angular-compiler][0m

    src/app/auth/pages/login/login.component.ts:46:34:
[37m      46 │     this.authService.login(email, [32msenha[37m).subscribe({
         ╵                                   [32m~~~~~[0m


[31mX [41;31m[[41;97mERROR[41;31m][0m [1mCould not resolve "./auth.service"[0m

    src/app/core/interceptors/auth.interceptor.ts:4:28:
[37m      4 │ import { AuthService } from [32m'./auth.service'[37m;
        ╵                             [32m~~~~~~~~~~~~~~~~[0m


[31mX [41;31m[[41;97mERROR[41;31m][0m [1mTS2307: Cannot find module './auth.service' or its corresponding type declarations.[0m [1m[35m[plugin angular-compiler][0m

    src/app/core/interceptors/auth.interceptor.ts:5:28:
[37m      5 │ import { AuthService } from [32m'./auth.service'[37m;
        ╵                             [32m~~~~~~~~~~~~~~~~[0m


[31mX [41;31m[[41;97mERROR[41;31m][0m [1mTS18046: 'authService' is of type 'unknown'.[0m [1m[35m[plugin angular-compiler][0m

    src/app/core/interceptors/auth.interceptor.ts:33:34:
[37m      33 │ ...turn next(adicionarToken(req, [32mauthService[37m.getAccessToken())).pipe(
         ╵                                  [32m~~~~~~~~~~~[0m


[31mX [41;31m[[41;97mERROR[41;31m][0m [1mTS18046: 'authService' is of type 'unknown'.[0m [1m[35m[plugin angular-compiler][0m

    src/app/core/interceptors/auth.interceptor.ts:39:13:
[37m      39 │       return [32mauthService[37m.refreshTokenSingleFlight().pipe(
         ╵              [32m~~~~~~~~~~~[0m


[31mX [41;31m[[41;97mERROR[41;31m][0m [1mTS2345: Argument of type '{}' is not assignable to parameter of type 'string'.[0m [1m[35m[plugin angular-compiler][0m

    src/app/core/interceptors/auth.interceptor.ts:44:42:
[37m      44 │           return next(adicionarToken(req, [32mnovoToken[37m));
         ╵                                           [32m~~~~~~~~~[0m


[31mX [41;31m[[41;97mERROR[41;31m][0m [1mTS2304: Cannot find name 'PerfilUsuario'.[0m [1m[35m[plugin angular-compiler][0m

    src/app/core/models/auth.model.ts:33:10:
[37m      33 │   perfil: [32mPerfilUsuario[37m;
         ╵           [32m~~~~~~~~~~~~~[0m


[31mX [41;31m[[41;97mERROR[41;31m][0m [1mTS2729: Property 'tokenStorage' is used before its initialization.[0m [1m[35m[plugin angular-compiler][0m

    src/app/core/services/auth.service.ts:28:9:
[37m      28 │     this.[32mtokenStorage[37m.getUsuario()
         ╵          [32m~~~~~~~~~~~~[0m

  'tokenStorage' is declared here.

    src/app/core/services/auth.service.ts:35:4:
[37m      35 │     [32mprivate readonly tokenStorage: TokenStorageService[37m
         ╵     [32m~~~~~~~~~~~~~~~~~~~~~~~~~~~~~~~~~~~~~~~~~~~~~~~~~~[0m


[31mX [41;31m[[41;97mERROR[41;31m][0m [1mTS2322: Type 'Promise<string | null | undefined>' is not assignable to type 'Promise<string | null>'.
  Type 'string | null | undefined' is not assignable to type 'string | null'.
    Type 'undefined' is not assignable to type 'string | null'.[0m [1m[35m[plugin angular-compiler][0m

    src/app/core/services/auth.service.ts:109:4:
[37m      109 │     [32mthis.refreshTokenPromise[37m = this.refreshToken()
          ╵     [32m~~~~~~~~~~~~~~~~~~~~~~~~[0m


[31mX [41;31m[[41;97mERROR[41;31m][0m [1mTS2531: Object is possibly 'null'.[0m [1m[35m[plugin angular-compiler][0m

    src/app/core/services/auth.service.ts:126:4:
[37m      126 │     [32mthis.refreshTokenPromise[37m.finally(() => {
          ╵     [32m~~~~~~~~~~~~~~~~~~~~~~~~[0m


[31mX [41;31m[[41;97mERROR[41;31m][0m [1mTS2322: Type 'Promise<string | null> | null' is not assignable to type 'Promise<string | null>'.
  Type 'null' is not assignable to type 'Promise<string | null>'.[0m [1m[35m[plugin angular-compiler][0m

    src/app/core/services/auth.service.ts:129:4:
[37m      129 │     [32mreturn[37m this.refreshTokenPromise;
          ╵     [32m~~~~~~[0m


[31mX [41;31m[[41;97mERROR[41;31m][0m [1mCould not resolve "./auth.service"[0m

    src/app/core/interceptors/auth.interceptor.ts:4:28:
[37m      4 │ import { AuthService } from [32m'./auth.service'[37m;
        ╵                             [32m~~~~~~~~~~~~~~~~[0m

[39m[22m
[1m[31m[31mX [41;31m[[41;97mERROR[41;31m][0m [1mNG9: Property 'email' does not exist on type '{ usuario: FormControl<string>; senha: FormControl<string>; lembrarAcesso: FormControl<boolean>; }'.[0m [1m[35m[plugin angular-compiler][0m

    src/app/auth/pages/login/login.component.html:13:56:
[37m      13 │ ...danger" *ngIf="form.controls.[32memail[37m.invalid && form.controls.ema...
         ╵                                 [32m~~~~~[0m

  Error occurs in the template of component LoginComponent.

    src/app/auth/pages/login/login.component.ts:11:15:
[37m      11 │   templateUrl: [32m'./login.component.html'[37m,
         ╵                [32m~~~~~~~~~~~~~~~~~~~~~~~~[0m


[31mX [41;31m[[41;97mERROR[41;31m][0m [1mNG9: Property 'email' does not exist on type '{ usuario: FormControl<string>; senha: FormControl<string>; lembrarAcesso: FormControl<boolean>; }'.[0m [1m[35m[plugin angular-compiler][0m

    src/app/auth/pages/login/login.component.html:13:87:
[37m      13 │ ...ngIf="form.controls.email.invalid && form.controls.[32memail[37m.touched">
         ╵                                                       [32m~~~~~[0m

  Error occurs in the template of component LoginComponent.

    src/app/auth/pages/login/login.component.ts:11:15:
[37m      11 │   templateUrl: [32m'./login.component.html'[37m,
         ╵                [32m~~~~~~~~~~~~~~~~~~~~~~~~[0m


[31mX [41;31m[[41;97mERROR[41;31m][0m [1mCould not resolve "./auth.service"[0m

    src/app/core/interceptors/auth.interceptor.ts:4:28:
[37m      4 │ import { AuthService } from [32m'./auth.service'[37m;
        ╵                             [32m~~~~~~~~~~~~~~~~[0m


[31mX [41;31m[[41;97mERROR[41;31m][0m [1mTS2307: Cannot find module './auth.service' or its corresponding type declarations.[0m [1m[35m[plugin angular-compiler][0m

    src/app/core/interceptors/auth.interceptor.ts:5:28:
[37m      5 │ import { AuthService } from [32m'./auth.service'[37m;
        ╵                             [32m~~~~~~~~~~~~~~~~[0m


[31mX [41;31m[[41;97mERROR[41;31m][0m [1mTS18046: 'authService' is of type 'unknown'.[0m [1m[35m[plugin angular-compiler][0m

    src/app/core/interceptors/auth.interceptor.ts:33:34:
[37m      33 │ ...turn next(adicionarToken(req, [32mauthService[37m.getAccessToken())).pipe(
         ╵                                  [32m~~~~~~~~~~~[0m


[31mX [41;31m[[41;97mERROR[41;31m][0m [1mTS18046: 'authService' is of type 'unknown'.[0m [1m[35m[plugin angular-compiler][0m

    src/app/core/interceptors/auth.interceptor.ts:39:13:
[37m      39 │       return [32mauthService[37m.refreshTokenSingleFlight().pipe(
         ╵              [32m~~~~~~~~~~~[0m


[31mX [41;31m[[41;97mERROR[41;31m][0m [1mTS2345: Argument of type '{}' is not assignable to parameter of type 'string'.[0m [1m[35m[plugin angular-compiler][0m

    src/app/core/interceptors/auth.interceptor.ts:44:42:
[37m      44 │           return next(adicionarToken(req, [32mnovoToken[37m));
         ╵                                           [32m~~~~~~~~~[0m


[31mX [41;31m[[41;97mERROR[41;31m][0m [1mTS2304: Cannot find name 'PerfilUsuario'.[0m [1m[35m[plugin angular-compiler][0m

    src/app/core/models/auth.model.ts:33:10:
[37m      33 │   perfil: [32mPerfilUsuario[37m;
         ╵           [32m~~~~~~~~~~~~~[0m


[31mX [41;31m[[41;97mERROR[41;31m][0m [1mTS2729: Property 'tokenStorage' is used before its initialization.[0m [1m[35m[plugin angular-compiler][0m

    src/app/core/services/auth.service.ts:28:9:
[37m      28 │     this.[32mtokenStorage[37m.getUsuario()
         ╵          [32m~~~~~~~~~~~~[0m

  'tokenStorage' is declared here.

    src/app/core/services/auth.service.ts:35:4:
[37m      35 │     [32mprivate readonly tokenStorage: TokenStorageService[37m
         ╵     [32m~~~~~~~~~~~~~~~~~~~~~~~~~~~~~~~~~~~~~~~~~~~~~~~~~~[0m


[31mX [41;31m[[41;97mERROR[41;31m][0m [1mTS2322: Type 'Promise<string | null | undefined>' is not assignable to type 'Promise<string | null>'.
  Type 'string | null | undefined' is not assignable to type 'string | null'.
    Type 'undefined' is not assignable to type 'string | null'.[0m [1m[35m[plugin angular-compiler][0m

    src/app/core/services/auth.service.ts:109:4:
[37m      109 │     [32mthis.refreshTokenPromise[37m = this.refreshToken()
          ╵     [32m~~~~~~~~~~~~~~~~~~~~~~~~[0m


[31mX [41;31m[[41;97mERROR[41;31m][0m [1mTS2531: Object is possibly 'null'.[0m [1m[35m[plugin angular-compiler][0m

    src/app/core/services/auth.service.ts:126:4:
[37m      126 │     [32mthis.refreshTokenPromise[37m.finally(() => {
          ╵     [32m~~~~~~~~~~~~~~~~~~~~~~~~[0m


[31mX [41;31m[[41;97mERROR[41;31m][0m [1mTS2322: Type 'Promise<string | null> | null' is not assignable to type 'Promise<string | null>'.
  Type 'null' is not assignable to type 'Promise<string | null>'.[0m [1m[35m[plugin angular-compiler][0m

    src/app/core/services/auth.service.ts:129:4:
[37m      129 │     [32mreturn[37m this.refreshTokenPromise;
          ╵     [32m~~~~~~[0m


[31mX [41;31m[[41;97mERROR[41;31m][0m [1mCould not resolve "./auth.service"[0m

    src/app/core/interceptors/auth.interceptor.ts:4:28:
[37m      4 │ import { AuthService } from [32m'./auth.service'[37m;
        ╵                             [32m~~~~~~~~~~~~~~~~[0m

[39m[22m
[1m[31m[31mX [41;31m[[41;97mERROR[41;31m][0m [1mCould not resolve "./auth.service"[0m

    src/app/core/interceptors/auth.interceptor.ts:4:28:
[37m      4 │ import { AuthService } from [32m'./auth.service'[37m;
        ╵                             [32m~~~~~~~~~~~~~~~~[0m


[31mX [41;31m[[41;97mERROR[41;31m][0m [1mTS2307: Cannot find module './auth.service' or its corresponding type declarations.[0m [1m[35m[plugin angular-compiler][0m

    src/app/core/interceptors/auth.interceptor.ts:5:28:
[37m      5 │ import { AuthService } from [32m'./auth.service'[37m;
        ╵                             [32m~~~~~~~~~~~~~~~~[0m


[31mX [41;31m[[41;97mERROR[41;31m][0m [1mTS18046: 'authService' is of type 'unknown'.[0m [1m[35m[plugin angular-compiler][0m

    src/app/core/interceptors/auth.interceptor.ts:33:34:
[37m      33 │ ...turn next(adicionarToken(req, [32mauthService[37m.getAccessToken())).pipe(
         ╵                                  [32m~~~~~~~~~~~[0m


[31mX [41;31m[[41;97mERROR[41;31m][0m [1mTS18046: 'authService' is of type 'unknown'.[0m [1m[35m[plugin angular-compiler][0m

    src/app/core/interceptors/auth.interceptor.ts:39:13:
[37m      39 │       return [32mauthService[37m.refreshTokenSingleFlight().pipe(
         ╵              [32m~~~~~~~~~~~[0m


[31mX [41;31m[[41;97mERROR[41;31m][0m [1mTS2345: Argument of type '{}' is not assignable to parameter of type 'string'.[0m [1m[35m[plugin angular-compiler][0m

    src/app/core/interceptors/auth.interceptor.ts:44:42:
[37m      44 │           return next(adicionarToken(req, [32mnovoToken[37m));
         ╵                                           [32m~~~~~~~~~[0m


[31mX [41;31m[[41;97mERROR[41;31m][0m [1mTS2304: Cannot find name 'PerfilUsuario'.[0m [1m[35m[plugin angular-compiler][0m

    src/app/core/models/auth.model.ts:33:10:
[37m      33 │   perfil: [32mPerfilUsuario[37m;
         ╵           [32m~~~~~~~~~~~~~[0m


[31mX [41;31m[[41;97mERROR[41;31m][0m [1mTS2729: Property 'tokenStorage' is used before its initialization.[0m [1m[35m[plugin angular-compiler][0m

    src/app/core/services/auth.service.ts:28:9:
[37m      28 │     this.[32mtokenStorage[37m.getUsuario()
         ╵          [32m~~~~~~~~~~~~[0m

  'tokenStorage' is declared here.

    src/app/core/services/auth.service.ts:35:4:
[37m      35 │     [32mprivate readonly tokenStorage: TokenStorageService[37m
         ╵     [32m~~~~~~~~~~~~~~~~~~~~~~~~~~~~~~~~~~~~~~~~~~~~~~~~~~[0m


[31mX [41;31m[[41;97mERROR[41;31m][0m [1mTS2322: Type 'Promise<string | null | undefined>' is not assignable to type 'Promise<string | null>'.
  Type 'string | null | undefined' is not assignable to type 'string | null'.
    Type 'undefined' is not assignable to type 'string | null'.[0m [1m[35m[plugin angular-compiler][0m

    src/app/core/services/auth.service.ts:109:4:
[37m      109 │     [32mthis.refreshTokenPromise[37m = this.refreshToken()
          ╵     [32m~~~~~~~~~~~~~~~~~~~~~~~~[0m


[31mX [41;31m[[41;97mERROR[41;31m][0m [1mTS2531: Object is possibly 'null'.[0m [1m[35m[plugin angular-compiler][0m

    src/app/core/services/auth.service.ts:126:4:
[37m      126 │     [32mthis.refreshTokenPromise[37m.finally(() => {
          ╵     [32m~~~~~~~~~~~~~~~~~~~~~~~~[0m


[31mX [41;31m[[41;97mERROR[41;31m][0m [1mTS2322: Type 'Promise<string | null> | null' is not assignable to type 'Promise<string | null>'.
  Type 'null' is not assignable to type 'Promise<string | null>'.[0m [1m[35m[plugin angular-compiler][0m

    src/app/core/services/auth.service.ts:129:4:
[37m      129 │     [32mreturn[37m this.refreshTokenPromise;
          ╵     [32m~~~~~~[0m


[31mX [41;31m[[41;97mERROR[41;31m][0m [1mCould not resolve "./auth.service"[0m

    src/app/core/interceptors/auth.interceptor.ts:4:28:
[37m      4 │ import { AuthService } from [32m'./auth.service'[37m;
        ╵                             [32m~~~~~~~~~~~~~~~~[0m

[39m[22m
[1m[31m[31mX [41;31m[[41;97mERROR[41;31m][0m [1mCould not resolve "./auth.service"[0m

    src/app/core/interceptors/auth.interceptor.ts:4:28:
[37m      4 │ import { AuthService } from [32m'./auth.service'[37m;
        ╵                             [32m~~~~~~~~~~~~~~~~[0m


[31mX [41;31m[[41;97mERROR[41;31m][0m [1mTS2307: Cannot find module './auth.service' or its corresponding type declarations.[0m [1m[35m[plugin angular-compiler][0m

    src/app/core/interceptors/auth.interceptor.ts:5:28:
[37m      5 │ import { AuthService } from [32m'./auth.service'[37m;
        ╵                             [32m~~~~~~~~~~~~~~~~[0m


[31mX [41;31m[[41;97mERROR[41;31m][0m [1mTS18046: 'authService' is of type 'unknown'.[0m [1m[35m[plugin angular-compiler][0m

    src/app/core/interceptors/auth.interceptor.ts:33:34:
[37m      33 │ ...turn next(adicionarToken(req, [32mauthService[37m.getAccessToken())).pipe(
         ╵                                  [32m~~~~~~~~~~~[0m


[31mX [41;31m[[41;97mERROR[41;31m][0m [1mTS18046: 'authService' is of type 'unknown'.[0m [1m[35m[plugin angular-compiler][0m

    src/app/core/interceptors/auth.interceptor.ts:39:13:
[37m      39 │       return [32mauthService[37m.refreshTokenSingleFlight().pipe(
         ╵              [32m~~~~~~~~~~~[0m


[31mX [41;31m[[41;97mERROR[41;31m][0m [1mTS2345: Argument of type '{}' is not assignable to parameter of type 'string'.[0m [1m[35m[plugin angular-compiler][0m

    src/app/core/interceptors/auth.interceptor.ts:44:42:
[37m      44 │           return next(adicionarToken(req, [32mnovoToken[37m));
         ╵                                           [32m~~~~~~~~~[0m


[31mX [41;31m[[41;97mERROR[41;31m][0m [1mTS2304: Cannot find name 'PerfilUsuario'.[0m [1m[35m[plugin angular-compiler][0m

    src/app/core/models/auth.model.ts:33:10:
[37m      33 │   perfil: [32mPerfilUsuario[37m;
         ╵           [32m~~~~~~~~~~~~~[0m


[31mX [41;31m[[41;97mERROR[41;31m][0m [1mTS2729: Property 'tokenStorage' is used before its initialization.[0m [1m[35m[plugin angular-compiler][0m

    src/app/core/services/auth.service.ts:28:9:
[37m      28 │     this.[32mtokenStorage[37m.getUsuario()
         ╵          [32m~~~~~~~~~~~~[0m

  'tokenStorage' is declared here.

    src/app/core/services/auth.service.ts:35:4:
[37m      35 │     [32mprivate readonly tokenStorage: TokenStorageService[37m
         ╵     [32m~~~~~~~~~~~~~~~~~~~~~~~~~~~~~~~~~~~~~~~~~~~~~~~~~~[0m


[31mX [41;31m[[41;97mERROR[41;31m][0m [1mTS2322: Type 'Promise<string | null | undefined>' is not assignable to type 'Promise<string | null>'.
  Type 'string | null | undefined' is not assignable to type 'string | null'.
    Type 'undefined' is not assignable to type 'string | null'.[0m [1m[35m[plugin angular-compiler][0m

    src/app/core/services/auth.service.ts:109:4:
[37m      109 │     [32mthis.refreshTokenPromise[37m = this.refreshToken()
          ╵     [32m~~~~~~~~~~~~~~~~~~~~~~~~[0m


[31mX [41;31m[[41;97mERROR[41;31m][0m [1mTS2531: Object is possibly 'null'.[0m [1m[35m[plugin angular-compiler][0m

    src/app/core/services/auth.service.ts:126:4:
[37m      126 │     [32mthis.refreshTokenPromise[37m.finally(() => {
          ╵     [32m~~~~~~~~~~~~~~~~~~~~~~~~[0m


[31mX [41;31m[[41;97mERROR[41;31m][0m [1mTS2322: Type 'Promise<string | null> | null' is not assignable to type 'Promise<string | null>'.
  Type 'null' is not assignable to type 'Promise<string | null>'.[0m [1m[35m[plugin angular-compiler][0m

    src/app/core/services/auth.service.ts:129:4:
[37m      129 │     [32mreturn[37m this.refreshTokenPromise;
          ╵     [32m~~~~~~[0m


[31mX [41;31m[[41;97mERROR[41;31m][0m [1mCould not resolve "./auth.service"[0m

    src/app/core/interceptors/auth.interceptor.ts:4:28:
[37m      4 │ import { AuthService } from [32m'./auth.service'[37m;
        ╵                             [32m~~~~~~~~~~~~~~~~[0m

[39m[22m
[1m[31m[31mX [41;31m[[41;97mERROR[41;31m][0m [1mTS2339: Property 'pipe' does not exist on type 'Promise<string | null>'.[0m [1m[35m[plugin angular-compiler][0m

    src/app/core/interceptors/auth.interceptor.ts:39:52:
[37m      39 │       return authService.refreshTokenSingleFlight().[32mpipe[37m(
         ╵                                                     [32m~~~~[0m


[31mX [41;31m[[41;97mERROR[41;31m][0m [1mTS2345: Argument of type '{}' is not assignable to parameter of type 'string'.[0m [1m[35m[plugin angular-compiler][0m

    src/app/core/interceptors/auth.interceptor.ts:44:42:
[37m      44 │           return next(adicionarToken(req, [32mnovoToken[37m));
         ╵                                           [32m~~~~~~~~~[0m


[31mX [41;31m[[41;97mERROR[41;31m][0m [1mTS2304: Cannot find name 'PerfilUsuario'.[0m [1m[35m[plugin angular-compiler][0m

    src/app/core/models/auth.model.ts:33:10:
[37m      33 │   perfil: [32mPerfilUsuario[37m;
         ╵           [32m~~~~~~~~~~~~~[0m


[31mX [41;31m[[41;97mERROR[41;31m][0m [1mTS2729: Property 'tokenStorage' is used before its initialization.[0m [1m[35m[plugin angular-compiler][0m

    src/app/core/services/auth.service.ts:28:9:
[37m      28 │     this.[32mtokenStorage[37m.getUsuario()
         ╵          [32m~~~~~~~~~~~~[0m

  'tokenStorage' is declared here.

    src/app/core/services/auth.service.ts:35:4:
[37m      35 │     [32mprivate readonly tokenStorage: TokenStorageService[37m
         ╵     [32m~~~~~~~~~~~~~~~~~~~~~~~~~~~~~~~~~~~~~~~~~~~~~~~~~~[0m


[31mX [41;31m[[41;97mERROR[41;31m][0m [1mTS2322: Type 'Promise<string | null | undefined>' is not assignable to type 'Promise<string | null>'.
  Type 'string | null | undefined' is not assignable to type 'string | null'.
    Type 'undefined' is not assignable to type 'string | null'.[0m [1m[35m[plugin angular-compiler][0m

    src/app/core/services/auth.service.ts:109:4:
[37m      109 │     [32mthis.refreshTokenPromise[37m = this.refreshToken()
          ╵     [32m~~~~~~~~~~~~~~~~~~~~~~~~[0m


[31mX [41;31m[[41;97mERROR[41;31m][0m [1mTS2531: Object is possibly 'null'.[0m [1m[35m[plugin angular-compiler][0m

    src/app/core/services/auth.service.ts:126:4:
[37m      126 │     [32mthis.refreshTokenPromise[37m.finally(() => {
          ╵     [32m~~~~~~~~~~~~~~~~~~~~~~~~[0m


[31mX [41;31m[[41;97mERROR[41;31m][0m [1mTS2322: Type 'Promise<string | null> | null' is not assignable to type 'Promise<string | null>'.
  Type 'null' is not assignable to type 'Promise<string | null>'.[0m [1m[35m[plugin angular-compiler][0m

    src/app/core/services/auth.service.ts:129:4:
[37m      129 │     [32mreturn[37m this.refreshTokenPromise;
          ╵     [32m~~~~~~[0m

[39m[22m
[1m[31m[31mX [41;31m[[41;97mERROR[41;31m][0m [1mTS2339: Property 'pipe' does not exist on type 'Promise<string | null>'.[0m [1m[35m[plugin angular-compiler][0m

    src/app/core/interceptors/auth.interceptor.ts:39:52:
[37m      39 │       return authService.refreshTokenSingleFlight().[32mpipe[37m(
         ╵                                                     [32m~~~~[0m


[31mX [41;31m[[41;97mERROR[41;31m][0m [1mTS2345: Argument of type '{}' is not assignable to parameter of type 'string'.[0m [1m[35m[plugin angular-compiler][0m

    src/app/core/interceptors/auth.interceptor.ts:44:42:
[37m      44 │           return next(adicionarToken(req, [32mnovoToken[37m));
         ╵                                           [32m~~~~~~~~~[0m


[31mX [41;31m[[41;97mERROR[41;31m][0m [1mTS2729: Property 'tokenStorage' is used before its initialization.[0m [1m[35m[plugin angular-compiler][0m

    src/app/core/services/auth.service.ts:28:9:
[37m      28 │     this.[32mtokenStorage[37m.getUsuario()
         ╵          [32m~~~~~~~~~~~~[0m

  'tokenStorage' is declared here.

    src/app/core/services/auth.service.ts:35:4:
[37m      35 │     [32mprivate readonly tokenStorage: TokenStorageService[37m
         ╵     [32m~~~~~~~~~~~~~~~~~~~~~~~~~~~~~~~~~~~~~~~~~~~~~~~~~~[0m


[31mX [41;31m[[41;97mERROR[41;31m][0m [1mTS2322: Type 'Promise<string | null | undefined>' is not assignable to type 'Promise<string | null>'.
  Type 'string | null | undefined' is not assignable to type 'string | null'.
    Type 'undefined' is not assignable to type 'string | null'.[0m [1m[35m[plugin angular-compiler][0m

    src/app/core/services/auth.service.ts:109:4:
[37m      109 │     [32mthis.refreshTokenPromise[37m = this.refreshToken()
          ╵     [32m~~~~~~~~~~~~~~~~~~~~~~~~[0m


[31mX [41;31m[[41;97mERROR[41;31m][0m [1mTS2531: Object is possibly 'null'.[0m [1m[35m[plugin angular-compiler][0m

    src/app/core/services/auth.service.ts:126:4:
[37m      126 │     [32mthis.refreshTokenPromise[37m.finally(() => {
          ╵     [32m~~~~~~~~~~~~~~~~~~~~~~~~[0m


[31mX [41;31m[[41;97mERROR[41;31m][0m [1mTS2322: Type 'Promise<string | null> | null' is not assignable to type 'Promise<string | null>'.
  Type 'null' is not assignable to type 'Promise<string | null>'.[0m [1m[35m[plugin angular-compiler][0m

    src/app/core/services/auth.service.ts:129:4:
[37m      129 │     [32mreturn[37m this.refreshTokenPromise;
          ╵     [32m~~~~~~[0m

[39m[22m
[1m[31m[31mX [41;31m[[41;97mERROR[41;31m][0m [1mTS2339: Property 'pipe' does not exist on type 'Promise<string | null>'.[0m [1m[35m[plugin angular-compiler][0m

    src/app/core/interceptors/auth.interceptor.ts:39:52:
[37m      39 │       return authService.refreshTokenSingleFlight().[32mpipe[37m(
         ╵                                                     [32m~~~~[0m


[31mX [41;31m[[41;97mERROR[41;31m][0m [1mTS2345: Argument of type '{}' is not assignable to parameter of type 'string'.[0m [1m[35m[plugin angular-compiler][0m

    src/app/core/interceptors/auth.interceptor.ts:44:42:
[37m      44 │           return next(adicionarToken(req, [32mnovoToken[37m));
         ╵                                           [32m~~~~~~~~~[0m


[31mX [41;31m[[41;97mERROR[41;31m][0m [1mTS2304: Cannot find name 'inject'.[0m [1m[35m[plugin angular-compiler][0m

    src/app/core/services/auth.service.ts:27:34:
[37m      27 │   private readonly tokenStorage = [32minject[37m(TokenStorageService);
         ╵                                   [32m~~~~~~[0m


[31mX [41;31m[[41;97mERROR[41;31m][0m [1mTS2322: Type 'Promise<string | null | undefined>' is not assignable to type 'Promise<string | null>'.
  Type 'string | null | undefined' is not assignable to type 'string | null'.
    Type 'undefined' is not assignable to type 'string | null'.[0m [1m[35m[plugin angular-compiler][0m

    src/app/core/services/auth.service.ts:107:4:
[37m      107 │     [32mthis.refreshTokenPromise[37m = this.refreshToken()
          ╵     [32m~~~~~~~~~~~~~~~~~~~~~~~~[0m


[31mX [41;31m[[41;97mERROR[41;31m][0m [1mTS2531: Object is possibly 'null'.[0m [1m[35m[plugin angular-compiler][0m

    src/app/core/services/auth.service.ts:124:4:
[37m      124 │     [32mthis.refreshTokenPromise[37m.finally(() => {
          ╵     [32m~~~~~~~~~~~~~~~~~~~~~~~~[0m


[31mX [41;31m[[41;97mERROR[41;31m][0m [1mTS2322: Type 'Promise<string | null> | null' is not assignable to type 'Promise<string | null>'.
  Type 'null' is not assignable to type 'Promise<string | null>'.[0m [1m[35m[plugin angular-compiler][0m

    src/app/core/services/auth.service.ts:127:4:
[37m      127 │     [32mreturn[37m this.refreshTokenPromise;
          ╵     [32m~~~~~~[0m

[39m[22m
[1m[31m[31mX [41;31m[[41;97mERROR[41;31m][0m [1mTS2339: Property 'pipe' does not exist on type 'Promise<string | null>'.[0m [1m[35m[plugin angular-compiler][0m

    src/app/core/interceptors/auth.interceptor.ts:39:52:
[37m      39 │       return authService.refreshTokenSingleFlight().[32mpipe[37m(
         ╵                                                     [32m~~~~[0m


[31mX [41;31m[[41;97mERROR[41;31m][0m [1mTS2345: Argument of type '{}' is not assignable to parameter of type 'string'.[0m [1m[35m[plugin angular-compiler][0m

    src/app/core/interceptors/auth.interceptor.ts:44:42:
[37m      44 │           return next(adicionarToken(req, [32mnovoToken[37m));
         ╵                                           [32m~~~~~~~~~[0m


[31mX [41;31m[[41;97mERROR[41;31m][0m [1mTS2322: Type 'Promise<string | null | undefined>' is not assignable to type 'Promise<string | null>'.
  Type 'string | null | undefined' is not assignable to type 'string | null'.
    Type 'undefined' is not assignable to type 'string | null'.[0m [1m[35m[plugin angular-compiler][0m

    src/app/core/services/auth.service.ts:107:4:
[37m      107 │     [32mthis.refreshTokenPromise[37m = this.refreshToken()
          ╵     [32m~~~~~~~~~~~~~~~~~~~~~~~~[0m


[31mX [41;31m[[41;97mERROR[41;31m][0m [1mTS2531: Object is possibly 'null'.[0m [1m[35m[plugin angular-compiler][0m

    src/app/core/services/auth.service.ts:124:4:
[37m      124 │     [32mthis.refreshTokenPromise[37m.finally(() => {
          ╵     [32m~~~~~~~~~~~~~~~~~~~~~~~~[0m


[31mX [41;31m[[41;97mERROR[41;31m][0m [1mTS2322: Type 'Promise<string | null> | null' is not assignable to type 'Promise<string | null>'.
  Type 'null' is not assignable to type 'Promise<string | null>'.[0m [1m[35m[plugin angular-compiler][0m

    src/app/core/services/auth.service.ts:127:4:
[37m      127 │     [32mreturn[37m this.refreshTokenPromise;
          ╵     [32m~~~~~~[0m

[39m[22m
[1m[31m[31mX [41;31m[[41;97mERROR[41;31m][0m [1mTS2339: Property 'pipe' does not exist on type 'Promise<string | null>'.[0m [1m[35m[plugin angular-compiler][0m

    src/app/core/interceptors/auth.interceptor.ts:39:52:
[37m      39 │       return authService.refreshTokenSingleFlight().[32mpipe[37m(
         ╵                                                     [32m~~~~[0m


[31mX [41;31m[[41;97mERROR[41;31m][0m [1mTS2345: Argument of type '{}' is not assignable to parameter of type 'string'.[0m [1m[35m[plugin angular-compiler][0m

    src/app/core/interceptors/auth.interceptor.ts:44:42:
[37m      44 │           return next(adicionarToken(req, [32mnovoToken[37m));
         ╵                                           [32m~~~~~~~~~[0m


[31mX [41;31m[[41;97mERROR[41;31m][0m [1mTS2322: Type 'Promise<string | null | undefined>' is not assignable to type 'Promise<string | null>'.
  Type 'string | null | undefined' is not assignable to type 'string | null'.
    Type 'undefined' is not assignable to type 'string | null'.[0m [1m[35m[plugin angular-compiler][0m

    src/app/core/services/auth.service.ts:124:4:
[37m      124 │     [32mthis.refreshTokenPromise[37m = fluxo;
          ╵     [32m~~~~~~~~~~~~~~~~~~~~~~~~[0m


[31mX [41;31m[[41;97mERROR[41;31m][0m [1mTS2322: Type 'Promise<string | null | undefined>' is not assignable to type 'Promise<string | null>'.[0m [1m[35m[plugin angular-compiler][0m

    src/app/core/services/auth.service.ts:130:4:
[37m      130 │     [32mreturn[37m fluxo;
          ╵     [32m~~~~~~[0m

[39m[22m
[1m[31m[31mX [41;31m[[41;97mERROR[41;31m][0m [1mTS2339: Property 'pipe' does not exist on type 'Promise<string | null>'.[0m [1m[35m[plugin angular-compiler][0m

    src/app/core/interceptors/auth.interceptor.ts:39:52:
[37m      39 │       return authService.refreshTokenSingleFlight().[32mpipe[37m(
         ╵                                                     [32m~~~~[0m


[31mX [41;31m[[41;97mERROR[41;31m][0m [1mTS2345: Argument of type '{}' is not assignable to parameter of type 'string'.[0m [1m[35m[plugin angular-compiler][0m

    src/app/core/interceptors/auth.interceptor.ts:44:42:
[37m      44 │           return next(adicionarToken(req, [32mnovoToken[37m));
         ╵                                           [32m~~~~~~~~~[0m


[31mX [41;31m[[41;97mERROR[41;31m][0m [1mTS2322: Type 'Promise<string | null | undefined>' is not assignable to type 'Promise<string | null>'.
  Type 'string | null | undefined' is not assignable to type 'string | null'.
    Type 'undefined' is not assignable to type 'string | null'.[0m [1m[35m[plugin angular-compiler][0m

    src/app/core/services/auth.service.ts:124:4:
[37m      124 │     [32mthis.refreshTokenPromise[37m = fluxo;
          ╵     [32m~~~~~~~~~~~~~~~~~~~~~~~~[0m


[31mX [41;31m[[41;97mERROR[41;31m][0m [1mTS2322: Type 'Promise<string | null | undefined>' is not assignable to type 'Promise<string | null>'.[0m [1m[35m[plugin angular-compiler][0m

    src/app/core/services/auth.service.ts:130:4:
[37m      130 │     [32mreturn[37m fluxo;
          ╵     [32m~~~~~~[0m

[39m[22m
[1m[31m[31mX [41;31m[[41;97mERROR[41;31m][0m [1mTS2339: Property 'pipe' does not exist on type 'Promise<string | null>'.[0m [1m[35m[plugin angular-compiler][0m

    src/app/core/interceptors/auth.interceptor.ts:39:52:
[37m      39 │       return authService.refreshTokenSingleFlight().[32mpipe[37m(
         ╵                                                     [32m~~~~[0m


[31mX [41;31m[[41;97mERROR[41;31m][0m [1mTS2345: Argument of type '{}' is not assignable to parameter of type 'string'.[0m [1m[35m[plugin angular-compiler][0m

    src/app/core/interceptors/auth.interceptor.ts:44:42:
[37m      44 │           return next(adicionarToken(req, [32mnovoToken[37m));
         ╵                                           [32m~~~~~~~~~[0m


[31mX [41;31m[[41;97mERROR[41;31m][0m [1mTS2322: Type 'Promise<string | null | undefined>' is not assignable to type 'Promise<string | null>'.
  Type 'string | null | undefined' is not assignable to type 'string | null'.
    Type 'undefined' is not assignable to type 'string | null'.[0m [1m[35m[plugin angular-compiler][0m

    src/app/core/services/auth.service.ts:124:4:
[37m      124 │     [32mthis.refreshTokenPromise[37m = fluxo;
          ╵     [32m~~~~~~~~~~~~~~~~~~~~~~~~[0m


[31mX [41;31m[[41;97mERROR[41;31m][0m [1mTS2322: Type 'Promise<string | null | undefined>' is not assignable to type 'Promise<string | null>'.[0m [1m[35m[plugin angular-compiler][0m

    src/app/core/services/auth.service.ts:130:4:
[37m      130 │     [32mreturn[37m fluxo;
          ╵     [32m~~~~~~[0m

[39m[22m
[1m[31m[31mX [41;31m[[41;97mERROR[41;31m][0m [1mTS2741: Property 'categoria' is missing in type '{ id: string; titulo: string; descricao: string; plataforma: string; autor: string; duracao: string; nivel: "Iniciante"; idioma: "EN"; url: string; videoId: string; tags: string[]; }' but required in type 'Curso'.[0m [1m[35m[plugin angular-compiler][0m

    src/app/wiki/pages/cursos/cursos.data.ts:93:2:
[37m      93 │   [32m{[37m
         ╵   [32m^[0m

  'categoria' is declared here.

    src/app/wiki/pages/cursos/cursos.data.ts:15:2:
[37m      15 │   [32mcategoria[37m: string;
         ╵   [32m~~~~~~~~~[0m


[31mX [41;31m[[41;97mERROR[41;31m][0m [1mTS2741: Property 'categoria' is missing in type '{ id: string; titulo: string; descricao: string; plataforma: string; autor: string; duracao: string; nivel: "Iniciante"; idioma: "EN"; url: string; videoId: string; tags: string[]; }' but required in type 'Curso'.[0m [1m[35m[plugin angular-compiler][0m

    src/app/wiki/pages/cursos/cursos.data.ts:106:2:
[37m      106 │   [32m{[37m
          ╵   [32m^[0m

  'categoria' is declared here.

    src/app/wiki/pages/cursos/cursos.data.ts:15:2:
[37m      15 │   [32mcategoria[37m: string;
         ╵   [32m~~~~~~~~~[0m


[31mX [41;31m[[41;97mERROR[41;31m][0m [1mTS2741: Property 'categoria' is missing in type '{ id: string; titulo: string; descricao: string; plataforma: string; autor: string; duracao: string; nivel: "Iniciante"; idioma: "EN"; url: string; videoId: string; tags: string[]; }' but required in type 'Curso'.[0m [1m[35m[plugin angular-compiler][0m

    src/app/wiki/pages/cursos/cursos.data.ts:119:2:
[37m      119 │   [32m{[37m
          ╵   [32m^[0m

  'categoria' is declared here.

    src/app/wiki/pages/cursos/cursos.data.ts:15:2:
[37m      15 │   [32mcategoria[37m: string;
         ╵   [32m~~~~~~~~~[0m


[31mX [41;31m[[41;97mERROR[41;31m][0m [1mTS2741: Property 'categoria' is missing in type '{ id: string; titulo: string; descricao: string; plataforma: string; autor: string; duracao: string; nivel: "Intermediário"; idioma: "EN"; url: string; tags: string[]; }' but required in type 'Curso'.[0m [1m[35m[plugin angular-compiler][0m

    src/app/wiki/pages/cursos/cursos.data.ts:132:2:
[37m      132 │   [32m{[37m
          ╵   [32m^[0m

  'categoria' is declared here.

    src/app/wiki/pages/cursos/cursos.data.ts:15:2:
[37m      15 │   [32mcategoria[37m: string;
         ╵   [32m~~~~~~~~~[0m


[31mX [41;31m[[41;97mERROR[41;31m][0m [1mTS2741: Property 'categoria' is missing in type '{ id: string; titulo: string; descricao: string; plataforma: string; autor: string; duracao: string; nivel: "Iniciante"; idioma: "EN"; url: string; tags: string[]; }' but required in type 'Curso'.[0m [1m[35m[plugin angular-compiler][0m

    src/app/wiki/pages/cursos/cursos.data.ts:144:2:
[37m      144 │   [32m{[37m
          ╵   [32m^[0m

  'categoria' is declared here.

    src/app/wiki/pages/cursos/cursos.data.ts:15:2:
[37m      15 │   [32mcategoria[37m: string;
         ╵   [32m~~~~~~~~~[0m


[31mX [41;31m[[41;97mERROR[41;31m][0m [1mTS2741: Property 'categoria' is missing in type '{ id: string; titulo: string; descricao: string; plataforma: string; autor: string; duracao: string; nivel: "Intermediário"; idioma: "PT-BR"; url: string; tags: string[]; }' but required in type 'Curso'.[0m [1m[35m[plugin angular-compiler][0m

    src/app/wiki/pages/cursos/cursos.data.ts:158:2:
[37m      158 │   [32m{[37m
          ╵   [32m^[0m

  'categoria' is declared here.

    src/app/wiki/pages/cursos/cursos.data.ts:15:2:
[37m      15 │   [32mcategoria[37m: string;
         ╵   [32m~~~~~~~~~[0m


[31mX [41;31m[[41;97mERROR[41;31m][0m [1mTS2741: Property 'categoria' is missing in type '{ id: string; titulo: string; descricao: string; plataforma: string; autor: string; duracao: string; nivel: "Iniciante"; idioma: "PT-BR"; url: string; tags: string[]; }' but required in type 'Curso'.[0m [1m[35m[plugin angular-compiler][0m

    src/app/wiki/pages/cursos/cursos.data.ts:170:2:
[37m      170 │   [32m{[37m
          ╵   [32m^[0m

  'categoria' is declared here.

    src/app/wiki/pages/cursos/cursos.data.ts:15:2:
[37m      15 │   [32mcategoria[37m: string;
         ╵   [32m~~~~~~~~~[0m


[31mX [41;31m[[41;97mERROR[41;31m][0m [1mTS2741: Property 'categoria' is missing in type '{ id: string; titulo: string; descricao: string; plataforma: string; autor: string; duracao: string; nivel: "Intermediário"; idioma: "EN"; url: string; tags: string[]; }' but required in type 'Curso'.[0m [1m[35m[plugin angular-compiler][0m

    src/app/wiki/pages/cursos/cursos.data.ts:182:2:
[37m      182 │   [32m{[37m
          ╵   [32m^[0m

  'categoria' is declared here.

    src/app/wiki/pages/cursos/cursos.data.ts:15:2:
[37m      15 │   [32mcategoria[37m: string;
         ╵   [32m~~~~~~~~~[0m


[31mX [41;31m[[41;97mERROR[41;31m][0m [1mTS2741: Property 'categoria' is missing in type '{ id: string; titulo: string; descricao: string; plataforma: string; autor: string; duracao: string; nivel: "Intermediário"; idioma: "PT-BR"; url: string; tags: string[]; }' but required in type 'Curso'.[0m [1m[35m[plugin angular-compiler][0m

    src/app/wiki/pages/cursos/cursos.data.ts:194:2:
[37m      194 │   [32m{[37m
          ╵   [32m^[0m

  'categoria' is declared here.

    src/app/wiki/pages/cursos/cursos.data.ts:15:2:
[37m      15 │   [32mcategoria[37m: string;
         ╵   [32m~~~~~~~~~[0m


[31mX [41;31m[[41;97mERROR[41;31m][0m [1mTS2741: Property 'categoria' is missing in type '{ id: string; titulo: string; descricao: string; plataforma: string; autor: string; duracao: string; nivel: "Iniciante"; idioma: "EN"; url: string; videoId: string; tags: string[]; }' but required in type 'Curso'.[0m [1m[35m[plugin angular-compiler][0m

    src/app/wiki/pages/cursos/cursos.data.ts:208:2:
[37m      208 │   [32m{[37m
          ╵   [32m^[0m

  'categoria' is declared here.

    src/app/wiki/pages/cursos/cursos.data.ts:15:2:
[37m      15 │   [32mcategoria[37m: string;
         ╵   [32m~~~~~~~~~[0m


[31mX [41;31m[[41;97mERROR[41;31m][0m [1mTS2741: Property 'categoria' is missing in type '{ id: string; titulo: string; descricao: string; plataforma: string; autor: string; duracao: string; nivel: "Intermediário"; idioma: "PT-BR"; url: string; tags: string[]; }' but required in type 'Curso'.[0m [1m[35m[plugin angular-compiler][0m

    src/app/wiki/pages/cursos/cursos.data.ts:221:2:
[37m      221 │   [32m{[37m
          ╵   [32m^[0m

  'categoria' is declared here.

    src/app/wiki/pages/cursos/cursos.data.ts:15:2:
[37m      15 │   [32mcategoria[37m: string;
         ╵   [32m~~~~~~~~~[0m


[31mX [41;31m[[41;97mERROR[41;31m][0m [1mTS2741: Property 'categoria' is missing in type '{ id: string; titulo: string; descricao: string; plataforma: string; autor: string; duracao: string; nivel: "Iniciante"; idioma: "PT-BR"; url: string; tags: string[]; }' but required in type 'Curso'.[0m [1m[35m[plugin angular-compiler][0m

    src/app/wiki/pages/cursos/cursos.data.ts:233:2:
[37m      233 │   [32m{[37m
          ╵   [32m^[0m

  'categoria' is declared here.

    src/app/wiki/pages/cursos/cursos.data.ts:15:2:
[37m      15 │   [32mcategoria[37m: string;
         ╵   [32m~~~~~~~~~[0m


[31mX [41;31m[[41;97mERROR[41;31m][0m [1mTS2741: Property 'categoria' is missing in type '{ id: string; titulo: string; descricao: string; plataforma: string; autor: string; duracao: string; nivel: "Iniciante"; idioma: "PT-BR"; url: string; tags: string[]; }' but required in type 'Curso'.[0m [1m[35m[plugin angular-compiler][0m

    src/app/wiki/pages/cursos/cursos.data.ts:245:2:
[37m      245 │   [32m{[37m
          ╵   [32m^[0m

  'categoria' is declared here.

    src/app/wiki/pages/cursos/cursos.data.ts:15:2:
[37m      15 │   [32mcategoria[37m: string;
         ╵   [32m~~~~~~~~~[0m


[31mX [41;31m[[41;97mERROR[41;31m][0m [1mTS2741: Property 'categoria' is missing in type '{ id: string; titulo: string; descricao: string; plataforma: string; autor: string; duracao: string; nivel: "Iniciante"; idioma: "EN"; url: string; videoId: string; tags: string[]; }' but required in type 'Curso'.[0m [1m[35m[plugin angular-compiler][0m

    src/app/wiki/pages/cursos/cursos.data.ts:259:2:
[37m      259 │   [32m{[37m
          ╵   [32m^[0m

  'categoria' is declared here.

    src/app/wiki/pages/cursos/cursos.data.ts:15:2:
[37m      15 │   [32mcategoria[37m: string;
         ╵   [32m~~~~~~~~~[0m


[31mX [41;31m[[41;97mERROR[41;31m][0m [1mTS2741: Property 'categoria' is missing in type '{ id: string; titulo: string; descricao: string; plataforma: string; autor: string; duracao: string; nivel: "Iniciante"; idioma: "EN"; url: string; tags: string[]; }' but required in type 'Curso'.[0m [1m[35m[plugin angular-compiler][0m

    src/app/wiki/pages/cursos/cursos.data.ts:272:2:
[37m      272 │   [32m{[37m
          ╵   [32m^[0m

  'categoria' is declared here.

    src/app/wiki/pages/cursos/cursos.data.ts:15:2:
[37m      15 │   [32mcategoria[37m: string;
         ╵   [32m~~~~~~~~~[0m


[31mX [41;31m[[41;97mERROR[41;31m][0m [1mTS2741: Property 'categoria' is missing in type '{ id: string; titulo: string; descricao: string; plataforma: string; autor: string; duracao: string; nivel: "Iniciante"; idioma: "EN"; url: string; videoId: string; tags: string[]; }' but required in type 'Curso'.[0m [1m[35m[plugin angular-compiler][0m

    src/app/wiki/pages/cursos/cursos.data.ts:286:2:
[37m      286 │   [32m{[37m
          ╵   [32m^[0m

  'categoria' is declared here.

    src/app/wiki/pages/cursos/cursos.data.ts:15:2:
[37m      15 │   [32mcategoria[37m: string;
         ╵   [32m~~~~~~~~~[0m


[31mX [41;31m[[41;97mERROR[41;31m][0m [1mTS2741: Property 'categoria' is missing in type '{ id: string; titulo: string; descricao: string; plataforma: string; autor: string; duracao: string; nivel: "Intermediário"; idioma: "PT-BR"; url: string; tags: string[]; }' but required in type 'Curso'.[0m [1m[35m[plugin angular-compiler][0m

    src/app/wiki/pages/cursos/cursos.data.ts:299:2:
[37m      299 │   [32m{[37m
          ╵   [32m^[0m

  'categoria' is declared here.

    src/app/wiki/pages/cursos/cursos.data.ts:15:2:
[37m      15 │   [32mcategoria[37m: string;
         ╵   [32m~~~~~~~~~[0m


[31mX [41;31m[[41;97mERROR[41;31m][0m [1mTS2741: Property 'categoria' is missing in type '{ id: string; titulo: string; descricao: string; plataforma: string; autor: string; duracao: string; nivel: "Intermediário"; idioma: "PT-BR"; url: string; tags: string[]; }' but required in type 'Curso'.[0m [1m[35m[plugin angular-compiler][0m

    src/app/wiki/pages/cursos/cursos.data.ts:311:2:
[37m      311 │   [32m{[37m
          ╵   [32m^[0m

  'categoria' is declared here.

    src/app/wiki/pages/cursos/cursos.data.ts:15:2:
[37m      15 │   [32mcategoria[37m: string;
         ╵   [32m~~~~~~~~~[0m


[31mX [41;31m[[41;97mERROR[41;31m][0m [1mTS2741: Property 'categoria' is missing in type '{ id: string; titulo: string; descricao: string; plataforma: string; autor: string; duracao: string; nivel: "Iniciante"; idioma: "EN"; url: string; tags: string[]; }' but required in type 'Curso'.[0m [1m[35m[plugin angular-compiler][0m

    src/app/wiki/pages/cursos/cursos.data.ts:323:2:
[37m      323 │   [32m{[37m
          ╵   [32m^[0m

  'categoria' is declared here.

    src/app/wiki/pages/cursos/cursos.data.ts:15:2:
[37m      15 │   [32mcategoria[37m: string;
         ╵   [32m~~~~~~~~~[0m


[31mX [41;31m[[41;97mERROR[41;31m][0m [1mTS2741: Property 'categoria' is missing in type '{ id: string; titulo: string; descricao: string; plataforma: string; autor: string; duracao: string; nivel: "Iniciante"; idioma: "PT-BR"; url: string; tags: string[]; }' but required in type 'Curso'.[0m [1m[35m[plugin angular-compiler][0m

    src/app/wiki/pages/cursos/cursos.data.ts:335:2:
[37m      335 │   [32m{[37m
          ╵   [32m^[0m

  'categoria' is declared here.

    src/app/wiki/pages/cursos/cursos.data.ts:15:2:
[37m      15 │   [32mcategoria[37m: string;
         ╵   [32m~~~~~~~~~[0m


[31mX [41;31m[[41;97mERROR[41;31m][0m [1mTS2741: Property 'categoria' is missing in type '{ id: string; titulo: string; descricao: string; plataforma: string; autor: string; duracao: string; nivel: "Intermediário"; idioma: "EN"; url: string; tags: string[]; }' but required in type 'Curso'.[0m [1m[35m[plugin angular-compiler][0m

    src/app/wiki/pages/cursos/cursos.data.ts:347:2:
[37m      347 │   [32m{[37m
          ╵   [32m^[0m

  'categoria' is declared here.

    src/app/wiki/pages/cursos/cursos.data.ts:15:2:
[37m      15 │   [32mcategoria[37m: string;
         ╵   [32m~~~~~~~~~[0m


[31mX [41;31m[[41;97mERROR[41;31m][0m [1mTS2741: Property 'categoria' is missing in type '{ id: string; titulo: string; descricao: string; plataforma: string; autor: string; duracao: string; nivel: "Iniciante"; idioma: "EN"; url: string; tags: string[]; }' but required in type 'Curso'.[0m [1m[35m[plugin angular-compiler][0m

    src/app/wiki/pages/cursos/cursos.data.ts:361:2:
[37m      361 │   [32m{[37m
          ╵   [32m^[0m

  'categoria' is declared here.

    src/app/wiki/pages/cursos/cursos.data.ts:15:2:
[37m      15 │   [32mcategoria[37m: string;
         ╵   [32m~~~~~~~~~[0m


[31mX [41;31m[[41;97mERROR[41;31m][0m [1mTS2741: Property 'categoria' is missing in type '{ id: string; titulo: string; descricao: string; plataforma: string; autor: string; duracao: string; nivel: "Intermediário"; idioma: "PT-BR"; url: string; tags: string[]; }' but required in type 'Curso'.[0m [1m[35m[plugin angular-compiler][0m

    src/app/wiki/pages/cursos/cursos.data.ts:375:2:
[37m      375 │   [32m{[37m
          ╵   [32m^[0m

  'categoria' is declared here.

    src/app/wiki/pages/cursos/cursos.data.ts:15:2:
[37m      15 │   [32mcategoria[37m: string;
         ╵   [32m~~~~~~~~~[0m


[31mX [41;31m[[41;97mERROR[41;31m][0m [1mTS2741: Property 'categoria' is missing in type '{ id: string; titulo: string; descricao: string; plataforma: string; autor: string; duracao: string; nivel: "Intermediário"; idioma: "PT-BR"; url: string; tags: string[]; }' but required in type 'Curso'.[0m [1m[35m[plugin angular-compiler][0m

    src/app/wiki/pages/cursos/cursos.data.ts:387:2:
[37m      387 │   [32m{[37m
          ╵   [32m^[0m

  'categoria' is declared here.

    src/app/wiki/pages/cursos/cursos.data.ts:15:2:
[37m      15 │   [32mcategoria[37m: string;
         ╵   [32m~~~~~~~~~[0m


[31mX [41;31m[[41;97mERROR[41;31m][0m [1mTS2741: Property 'categoria' is missing in type '{ id: string; titulo: string; descricao: string; plataforma: string; autor: string; duracao: string; nivel: "Avançado"; idioma: "EN"; url: string; tags: string[]; }' but required in type 'Curso'.[0m [1m[35m[plugin angular-compiler][0m

    src/app/wiki/pages/cursos/cursos.data.ts:399:2:
[37m      399 │   [32m{[37m
          ╵   [32m^[0m

  'categoria' is declared here.

    src/app/wiki/pages/cursos/cursos.data.ts:15:2:
[37m      15 │   [32mcategoria[37m: string;
         ╵   [32m~~~~~~~~~[0m


[31mX [41;31m[[41;97mERROR[41;31m][0m [1mTS2741: Property 'categoria' is missing in type '{ id: string; titulo: string; descricao: string; plataforma: string; autor: string; duracao: string; nivel: "Intermediário"; idioma: "EN"; url: string; tags: string[]; }' but required in type 'Curso'.[0m [1m[35m[plugin angular-compiler][0m

    src/app/wiki/pages/cursos/cursos.data.ts:411:2:
[37m      411 │   [32m{[37m
          ╵   [32m^[0m

  'categoria' is declared here.

    src/app/wiki/pages/cursos/cursos.data.ts:15:2:
[37m      15 │   [32mcategoria[37m: string;
         ╵   [32m~~~~~~~~~[0m

[39m[22m
[1m[31m[31mX [41;31m[[41;97mERROR[41;31m][0m [1mTS2741: Property 'categoria' is missing in type '{ id: string; titulo: string; descricao: string; plataforma: string; autor: string; duracao: string; nivel: "Iniciante"; idioma: "EN"; url: string; videoId: string; tags: string[]; }' but required in type 'Curso'.[0m [1m[35m[plugin angular-compiler][0m

    src/app/wiki/pages/cursos/cursos.data.ts:93:2:
[37m      93 │   [32m{[37m
         ╵   [32m^[0m

  'categoria' is declared here.

    src/app/wiki/pages/cursos/cursos.data.ts:15:2:
[37m      15 │   [32mcategoria[37m: string;
         ╵   [32m~~~~~~~~~[0m


[31mX [41;31m[[41;97mERROR[41;31m][0m [1mTS2741: Property 'categoria' is missing in type '{ id: string; titulo: string; descricao: string; plataforma: string; autor: string; duracao: string; nivel: "Iniciante"; idioma: "EN"; url: string; videoId: string; tags: string[]; }' but required in type 'Curso'.[0m [1m[35m[plugin angular-compiler][0m

    src/app/wiki/pages/cursos/cursos.data.ts:106:2:
[37m      106 │   [32m{[37m
          ╵   [32m^[0m

  'categoria' is declared here.

    src/app/wiki/pages/cursos/cursos.data.ts:15:2:
[37m      15 │   [32mcategoria[37m: string;
         ╵   [32m~~~~~~~~~[0m


[31mX [41;31m[[41;97mERROR[41;31m][0m [1mTS2741: Property 'categoria' is missing in type '{ id: string; titulo: string; descricao: string; plataforma: string; autor: string; duracao: string; nivel: "Iniciante"; idioma: "EN"; url: string; videoId: string; tags: string[]; }' but required in type 'Curso'.[0m [1m[35m[plugin angular-compiler][0m

    src/app/wiki/pages/cursos/cursos.data.ts:119:2:
[37m      119 │   [32m{[37m
          ╵   [32m^[0m

  'categoria' is declared here.

    src/app/wiki/pages/cursos/cursos.data.ts:15:2:
[37m      15 │   [32mcategoria[37m: string;
         ╵   [32m~~~~~~~~~[0m


[31mX [41;31m[[41;97mERROR[41;31m][0m [1mTS2741: Property 'categoria' is missing in type '{ id: string; titulo: string; descricao: string; plataforma: string; autor: string; duracao: string; nivel: "Intermediário"; idioma: "EN"; url: string; tags: string[]; }' but required in type 'Curso'.[0m [1m[35m[plugin angular-compiler][0m

    src/app/wiki/pages/cursos/cursos.data.ts:132:2:
[37m      132 │   [32m{[37m
          ╵   [32m^[0m

  'categoria' is declared here.

    src/app/wiki/pages/cursos/cursos.data.ts:15:2:
[37m      15 │   [32mcategoria[37m: string;
         ╵   [32m~~~~~~~~~[0m


[31mX [41;31m[[41;97mERROR[41;31m][0m [1mTS2741: Property 'categoria' is missing in type '{ id: string; titulo: string; descricao: string; plataforma: string; autor: string; duracao: string; nivel: "Iniciante"; idioma: "EN"; url: string; tags: string[]; }' but required in type 'Curso'.[0m [1m[35m[plugin angular-compiler][0m

    src/app/wiki/pages/cursos/cursos.data.ts:144:2:
[37m      144 │   [32m{[37m
          ╵   [32m^[0m

  'categoria' is declared here.

    src/app/wiki/pages/cursos/cursos.data.ts:15:2:
[37m      15 │   [32mcategoria[37m: string;
         ╵   [32m~~~~~~~~~[0m


[31mX [41;31m[[41;97mERROR[41;31m][0m [1mTS2741: Property 'categoria' is missing in type '{ id: string; titulo: string; descricao: string; plataforma: string; autor: string; duracao: string; nivel: "Intermediário"; idioma: "PT-BR"; url: string; tags: string[]; }' but required in type 'Curso'.[0m [1m[35m[plugin angular-compiler][0m

    src/app/wiki/pages/cursos/cursos.data.ts:158:2:
[37m      158 │   [32m{[37m
          ╵   [32m^[0m

  'categoria' is declared here.

    src/app/wiki/pages/cursos/cursos.data.ts:15:2:
[37m      15 │   [32mcategoria[37m: string;
         ╵   [32m~~~~~~~~~[0m


[31mX [41;31m[[41;97mERROR[41;31m][0m [1mTS2741: Property 'categoria' is missing in type '{ id: string; titulo: string; descricao: string; plataforma: string; autor: string; duracao: string; nivel: "Iniciante"; idioma: "PT-BR"; url: string; tags: string[]; }' but required in type 'Curso'.[0m [1m[35m[plugin angular-compiler][0m

    src/app/wiki/pages/cursos/cursos.data.ts:170:2:
[37m      170 │   [32m{[37m
          ╵   [32m^[0m

  'categoria' is declared here.

    src/app/wiki/pages/cursos/cursos.data.ts:15:2:
[37m      15 │   [32mcategoria[37m: string;
         ╵   [32m~~~~~~~~~[0m


[31mX [41;31m[[41;97mERROR[41;31m][0m [1mTS2741: Property 'categoria' is missing in type '{ id: string; titulo: string; descricao: string; plataforma: string; autor: string; duracao: string; nivel: "Intermediário"; idioma: "EN"; url: string; tags: string[]; }' but required in type 'Curso'.[0m [1m[35m[plugin angular-compiler][0m

    src/app/wiki/pages/cursos/cursos.data.ts:182:2:
[37m      182 │   [32m{[37m
          ╵   [32m^[0m

  'categoria' is declared here.

    src/app/wiki/pages/cursos/cursos.data.ts:15:2:
[37m      15 │   [32mcategoria[37m: string;
         ╵   [32m~~~~~~~~~[0m


[31mX [41;31m[[41;97mERROR[41;31m][0m [1mTS2741: Property 'categoria' is missing in type '{ id: string; titulo: string; descricao: string; plataforma: string; autor: string; duracao: string; nivel: "Intermediário"; idioma: "PT-BR"; url: string; tags: string[]; }' but required in type 'Curso'.[0m [1m[35m[plugin angular-compiler][0m

    src/app/wiki/pages/cursos/cursos.data.ts:194:2:
[37m      194 │   [32m{[37m
          ╵   [32m^[0m

  'categoria' is declared here.

    src/app/wiki/pages/cursos/cursos.data.ts:15:2:
[37m      15 │   [32mcategoria[37m: string;
         ╵   [32m~~~~~~~~~[0m


[31mX [41;31m[[41;97mERROR[41;31m][0m [1mTS2741: Property 'categoria' is missing in type '{ id: string; titulo: string; descricao: string; plataforma: string; autor: string; duracao: string; nivel: "Iniciante"; idioma: "EN"; url: string; videoId: string; tags: string[]; }' but required in type 'Curso'.[0m [1m[35m[plugin angular-compiler][0m

    src/app/wiki/pages/cursos/cursos.data.ts:208:2:
[37m      208 │   [32m{[37m
          ╵   [32m^[0m

  'categoria' is declared here.

    src/app/wiki/pages/cursos/cursos.data.ts:15:2:
[37m      15 │   [32mcategoria[37m: string;
         ╵   [32m~~~~~~~~~[0m


[31mX [41;31m[[41;97mERROR[41;31m][0m [1mTS2741: Property 'categoria' is missing in type '{ id: string; titulo: string; descricao: string; plataforma: string; autor: string; duracao: string; nivel: "Intermediário"; idioma: "PT-BR"; url: string; tags: string[]; }' but required in type 'Curso'.[0m [1m[35m[plugin angular-compiler][0m

    src/app/wiki/pages/cursos/cursos.data.ts:221:2:
[37m      221 │   [32m{[37m
          ╵   [32m^[0m

  'categoria' is declared here.

    src/app/wiki/pages/cursos/cursos.data.ts:15:2:
[37m      15 │   [32mcategoria[37m: string;
         ╵   [32m~~~~~~~~~[0m


[31mX [41;31m[[41;97mERROR[41;31m][0m [1mTS2741: Property 'categoria' is missing in type '{ id: string; titulo: string; descricao: string; plataforma: string; autor: string; duracao: string; nivel: "Iniciante"; idioma: "PT-BR"; url: string; tags: string[]; }' but required in type 'Curso'.[0m [1m[35m[plugin angular-compiler][0m

    src/app/wiki/pages/cursos/cursos.data.ts:233:2:
[37m      233 │   [32m{[37m
          ╵   [32m^[0m

  'categoria' is declared here.

    src/app/wiki/pages/cursos/cursos.data.ts:15:2:
[37m      15 │   [32mcategoria[37m: string;
         ╵   [32m~~~~~~~~~[0m


[31mX [41;31m[[41;97mERROR[41;31m][0m [1mTS2741: Property 'categoria' is missing in type '{ id: string; titulo: string; descricao: string; plataforma: string; autor: string; duracao: string; nivel: "Iniciante"; idioma: "PT-BR"; url: string; tags: string[]; }' but required in type 'Curso'.[0m [1m[35m[plugin angular-compiler][0m

    src/app/wiki/pages/cursos/cursos.data.ts:245:2:
[37m      245 │   [32m{[37m
          ╵   [32m^[0m

  'categoria' is declared here.

    src/app/wiki/pages/cursos/cursos.data.ts:15:2:
[37m      15 │   [32mcategoria[37m: string;
         ╵   [32m~~~~~~~~~[0m


[31mX [41;31m[[41;97mERROR[41;31m][0m [1mTS2741: Property 'categoria' is missing in type '{ id: string; titulo: string; descricao: string; plataforma: string; autor: string; duracao: string; nivel: "Iniciante"; idioma: "EN"; url: string; videoId: string; tags: string[]; }' but required in type 'Curso'.[0m [1m[35m[plugin angular-compiler][0m

    src/app/wiki/pages/cursos/cursos.data.ts:259:2:
[37m      259 │   [32m{[37m
          ╵   [32m^[0m

  'categoria' is declared here.

    src/app/wiki/pages/cursos/cursos.data.ts:15:2:
[37m      15 │   [32mcategoria[37m: string;
         ╵   [32m~~~~~~~~~[0m


[31mX [41;31m[[41;97mERROR[41;31m][0m [1mTS2741: Property 'categoria' is missing in type '{ id: string; titulo: string; descricao: string; plataforma: string; autor: string; duracao: string; nivel: "Iniciante"; idioma: "EN"; url: string; tags: string[]; }' but required in type 'Curso'.[0m [1m[35m[plugin angular-compiler][0m

    src/app/wiki/pages/cursos/cursos.data.ts:272:2:
[37m      272 │   [32m{[37m
          ╵   [32m^[0m

  'categoria' is declared here.

    src/app/wiki/pages/cursos/cursos.data.ts:15:2:
[37m      15 │   [32mcategoria[37m: string;
         ╵   [32m~~~~~~~~~[0m


[31mX [41;31m[[41;97mERROR[41;31m][0m [1mTS2741: Property 'categoria' is missing in type '{ id: string; titulo: string; descricao: string; plataforma: string; autor: string; duracao: string; nivel: "Iniciante"; idioma: "EN"; url: string; videoId: string; tags: string[]; }' but required in type 'Curso'.[0m [1m[35m[plugin angular-compiler][0m

    src/app/wiki/pages/cursos/cursos.data.ts:286:2:
[37m      286 │   [32m{[37m
          ╵   [32m^[0m

  'categoria' is declared here.

    src/app/wiki/pages/cursos/cursos.data.ts:15:2:
[37m      15 │   [32mcategoria[37m: string;
         ╵   [32m~~~~~~~~~[0m


[31mX [41;31m[[41;97mERROR[41;31m][0m [1mTS2741: Property 'categoria' is missing in type '{ id: string; titulo: string; descricao: string; plataforma: string; autor: string; duracao: string; nivel: "Intermediário"; idioma: "PT-BR"; url: string; tags: string[]; }' but required in type 'Curso'.[0m [1m[35m[plugin angular-compiler][0m

    src/app/wiki/pages/cursos/cursos.data.ts:299:2:
[37m      299 │   [32m{[37m
          ╵   [32m^[0m

  'categoria' is declared here.

    src/app/wiki/pages/cursos/cursos.data.ts:15:2:
[37m      15 │   [32mcategoria[37m: string;
         ╵   [32m~~~~~~~~~[0m


[31mX [41;31m[[41;97mERROR[41;31m][0m [1mTS2741: Property 'categoria' is missing in type '{ id: string; titulo: string; descricao: string; plataforma: string; autor: string; duracao: string; nivel: "Intermediário"; idioma: "PT-BR"; url: string; tags: string[]; }' but required in type 'Curso'.[0m [1m[35m[plugin angular-compiler][0m

    src/app/wiki/pages/cursos/cursos.data.ts:311:2:
[37m      311 │   [32m{[37m
          ╵   [32m^[0m

  'categoria' is declared here.

    src/app/wiki/pages/cursos/cursos.data.ts:15:2:
[37m      15 │   [32mcategoria[37m: string;
         ╵   [32m~~~~~~~~~[0m


[31mX [41;31m[[41;97mERROR[41;31m][0m [1mTS2741: Property 'categoria' is missing in type '{ id: string; titulo: string; descricao: string; plataforma: string; autor: string; duracao: string; nivel: "Iniciante"; idioma: "EN"; url: string; tags: string[]; }' but required in type 'Curso'.[0m [1m[35m[plugin angular-compiler][0m

    src/app/wiki/pages/cursos/cursos.data.ts:323:2:
[37m      323 │   [32m{[37m
          ╵   [32m^[0m

  'categoria' is declared here.

    src/app/wiki/pages/cursos/cursos.data.ts:15:2:
[37m      15 │   [32mcategoria[37m: string;
         ╵   [32m~~~~~~~~~[0m


[31mX [41;31m[[41;97mERROR[41;31m][0m [1mTS2741: Property 'categoria' is missing in type '{ id: string; titulo: string; descricao: string; plataforma: string; autor: string; duracao: string; nivel: "Iniciante"; idioma: "PT-BR"; url: string; tags: string[]; }' but required in type 'Curso'.[0m [1m[35m[plugin angular-compiler][0m

    src/app/wiki/pages/cursos/cursos.data.ts:335:2:
[37m      335 │   [32m{[37m
          ╵   [32m^[0m

  'categoria' is declared here.

    src/app/wiki/pages/cursos/cursos.data.ts:15:2:
[37m      15 │   [32mcategoria[37m: string;
         ╵   [32m~~~~~~~~~[0m


[31mX [41;31m[[41;97mERROR[41;31m][0m [1mTS2741: Property 'categoria' is missing in type '{ id: string; titulo: string; descricao: string; plataforma: string; autor: string; duracao: string; nivel: "Intermediário"; idioma: "EN"; url: string; tags: string[]; }' but required in type 'Curso'.[0m [1m[35m[plugin angular-compiler][0m

    src/app/wiki/pages/cursos/cursos.data.ts:347:2:
[37m      347 │   [32m{[37m
          ╵   [32m^[0m

  'categoria' is declared here.

    src/app/wiki/pages/cursos/cursos.data.ts:15:2:
[37m      15 │   [32mcategoria[37m: string;
         ╵   [32m~~~~~~~~~[0m


[31mX [41;31m[[41;97mERROR[41;31m][0m [1mTS2741: Property 'categoria' is missing in type '{ id: string; titulo: string; descricao: string; plataforma: string; autor: string; duracao: string; nivel: "Iniciante"; idioma: "EN"; url: string; tags: string[]; }' but required in type 'Curso'.[0m [1m[35m[plugin angular-compiler][0m

    src/app/wiki/pages/cursos/cursos.data.ts:361:2:
[37m      361 │   [32m{[37m
          ╵   [32m^[0m

  'categoria' is declared here.

    src/app/wiki/pages/cursos/cursos.data.ts:15:2:
[37m      15 │   [32mcategoria[37m: string;
         ╵   [32m~~~~~~~~~[0m


[31mX [41;31m[[41;97mERROR[41;31m][0m [1mTS2741: Property 'categoria' is missing in type '{ id: string; titulo: string; descricao: string; plataforma: string; autor: string; duracao: string; nivel: "Intermediário"; idioma: "PT-BR"; url: string; tags: string[]; }' but required in type 'Curso'.[0m [1m[35m[plugin angular-compiler][0m

    src/app/wiki/pages/cursos/cursos.data.ts:375:2:
[37m      375 │   [32m{[37m
          ╵   [32m^[0m

  'categoria' is declared here.

    src/app/wiki/pages/cursos/cursos.data.ts:15:2:
[37m      15 │   [32mcategoria[37m: string;
         ╵   [32m~~~~~~~~~[0m


[31mX [41;31m[[41;97mERROR[41;31m][0m [1mTS2741: Property 'categoria' is missing in type '{ id: string; titulo: string; descricao: string; plataforma: string; autor: string; duracao: string; nivel: "Intermediário"; idioma: "PT-BR"; url: string; tags: string[]; }' but required in type 'Curso'.[0m [1m[35m[plugin angular-compiler][0m

    src/app/wiki/pages/cursos/cursos.data.ts:387:2:
[37m      387 │   [32m{[37m
          ╵   [32m^[0m

  'categoria' is declared here.

    src/app/wiki/pages/cursos/cursos.data.ts:15:2:
[37m      15 │   [32mcategoria[37m: string;
         ╵   [32m~~~~~~~~~[0m


[31mX [41;31m[[41;97mERROR[41;31m][0m [1mTS2741: Property 'categoria' is missing in type '{ id: string; titulo: string; descricao: string; plataforma: string; autor: string; duracao: string; nivel: "Avançado"; idioma: "EN"; url: string; tags: string[]; }' but required in type 'Curso'.[0m [1m[35m[plugin angular-compiler][0m

    src/app/wiki/pages/cursos/cursos.data.ts:399:2:
[37m      399 │   [32m{[37m
          ╵   [32m^[0m

  'categoria' is declared here.

    src/app/wiki/pages/cursos/cursos.data.ts:15:2:
[37m      15 │   [32mcategoria[37m: string;
         ╵   [32m~~~~~~~~~[0m


[31mX [41;31m[[41;97mERROR[41;31m][0m [1mTS2741: Property 'categoria' is missing in type '{ id: string; titulo: string; descricao: string; plataforma: string; autor: string; duracao: string; nivel: "Intermediário"; idioma: "EN"; url: string; tags: string[]; }' but required in type 'Curso'.[0m [1m[35m[plugin angular-compiler][0m

    src/app/wiki/pages/cursos/cursos.data.ts:411:2:
[37m      411 │   [32m{[37m
          ╵   [32m^[0m

  'categoria' is declared here.

    src/app/wiki/pages/cursos/cursos.data.ts:15:2:
[37m      15 │   [32mcategoria[37m: string;
         ╵   [32m~~~~~~~~~[0m

[39m[22m
[1m[31m[31mX [41;31m[[41;97mERROR[41;31m][0m [1mTS2741: Property 'categoria' is missing in type '{ id: string; titulo: string; descricao: string; plataforma: string; autor: string; duracao: string; nivel: "Iniciante"; idioma: "EN"; url: string; videoId: string; tags: string[]; }' but required in type 'Curso'.[0m [1m[35m[plugin angular-compiler][0m

    src/app/wiki/pages/cursos/cursos.data.ts:93:2:
[37m      93 │   [32m{[37m
         ╵   [32m^[0m

  'categoria' is declared here.

    src/app/wiki/pages/cursos/cursos.data.ts:15:2:
[37m      15 │   [32mcategoria[37m: string;
         ╵   [32m~~~~~~~~~[0m


[31mX [41;31m[[41;97mERROR[41;31m][0m [1mTS2741: Property 'categoria' is missing in type '{ id: string; titulo: string; descricao: string; plataforma: string; autor: string; duracao: string; nivel: "Iniciante"; idioma: "EN"; url: string; videoId: string; tags: string[]; }' but required in type 'Curso'.[0m [1m[35m[plugin angular-compiler][0m

    src/app/wiki/pages/cursos/cursos.data.ts:106:2:
[37m      106 │   [32m{[37m
          ╵   [32m^[0m

  'categoria' is declared here.

    src/app/wiki/pages/cursos/cursos.data.ts:15:2:
[37m      15 │   [32mcategoria[37m: string;
         ╵   [32m~~~~~~~~~[0m


[31mX [41;31m[[41;97mERROR[41;31m][0m [1mTS2741: Property 'categoria' is missing in type '{ id: string; titulo: string; descricao: string; plataforma: string; autor: string; duracao: string; nivel: "Iniciante"; idioma: "EN"; url: string; videoId: string; tags: string[]; }' but required in type 'Curso'.[0m [1m[35m[plugin angular-compiler][0m

    src/app/wiki/pages/cursos/cursos.data.ts:119:2:
[37m      119 │   [32m{[37m
          ╵   [32m^[0m

  'categoria' is declared here.

    src/app/wiki/pages/cursos/cursos.data.ts:15:2:
[37m      15 │   [32mcategoria[37m: string;
         ╵   [32m~~~~~~~~~[0m


[31mX [41;31m[[41;97mERROR[41;31m][0m [1mTS2741: Property 'categoria' is missing in type '{ id: string; titulo: string; descricao: string; plataforma: string; autor: string; duracao: string; nivel: "Intermediário"; idioma: "EN"; url: string; tags: string[]; }' but required in type 'Curso'.[0m [1m[35m[plugin angular-compiler][0m

    src/app/wiki/pages/cursos/cursos.data.ts:132:2:
[37m      132 │   [32m{[37m
          ╵   [32m^[0m

  'categoria' is declared here.

    src/app/wiki/pages/cursos/cursos.data.ts:15:2:
[37m      15 │   [32mcategoria[37m: string;
         ╵   [32m~~~~~~~~~[0m


[31mX [41;31m[[41;97mERROR[41;31m][0m [1mTS2741: Property 'categoria' is missing in type '{ id: string; titulo: string; descricao: string; plataforma: string; autor: string; duracao: string; nivel: "Iniciante"; idioma: "EN"; url: string; tags: string[]; }' but required in type 'Curso'.[0m [1m[35m[plugin angular-compiler][0m

    src/app/wiki/pages/cursos/cursos.data.ts:144:2:
[37m      144 │   [32m{[37m
          ╵   [32m^[0m

  'categoria' is declared here.

    src/app/wiki/pages/cursos/cursos.data.ts:15:2:
[37m      15 │   [32mcategoria[37m: string;
         ╵   [32m~~~~~~~~~[0m


[31mX [41;31m[[41;97mERROR[41;31m][0m [1mTS2741: Property 'categoria' is missing in type '{ id: string; titulo: string; descricao: string; plataforma: string; autor: string; duracao: string; nivel: "Intermediário"; idioma: "PT-BR"; url: string; tags: string[]; }' but required in type 'Curso'.[0m [1m[35m[plugin angular-compiler][0m

    src/app/wiki/pages/cursos/cursos.data.ts:158:2:
[37m      158 │   [32m{[37m
          ╵   [32m^[0m

  'categoria' is declared here.

    src/app/wiki/pages/cursos/cursos.data.ts:15:2:
[37m      15 │   [32mcategoria[37m: string;
         ╵   [32m~~~~~~~~~[0m


[31mX [41;31m[[41;97mERROR[41;31m][0m [1mTS2741: Property 'categoria' is missing in type '{ id: string; titulo: string; descricao: string; plataforma: string; autor: string; duracao: string; nivel: "Iniciante"; idioma: "PT-BR"; url: string; tags: string[]; }' but required in type 'Curso'.[0m [1m[35m[plugin angular-compiler][0m

    src/app/wiki/pages/cursos/cursos.data.ts:170:2:
[37m      170 │   [32m{[37m
          ╵   [32m^[0m

  'categoria' is declared here.

    src/app/wiki/pages/cursos/cursos.data.ts:15:2:
[37m      15 │   [32mcategoria[37m: string;
         ╵   [32m~~~~~~~~~[0m


[31mX [41;31m[[41;97mERROR[41;31m][0m [1mTS2741: Property 'categoria' is missing in type '{ id: string; titulo: string; descricao: string; plataforma: string; autor: string; duracao: string; nivel: "Intermediário"; idioma: "EN"; url: string; tags: string[]; }' but required in type 'Curso'.[0m [1m[35m[plugin angular-compiler][0m

    src/app/wiki/pages/cursos/cursos.data.ts:182:2:
[37m      182 │   [32m{[37m
          ╵   [32m^[0m

  'categoria' is declared here.

    src/app/wiki/pages/cursos/cursos.data.ts:15:2:
[37m      15 │   [32mcategoria[37m: string;
         ╵   [32m~~~~~~~~~[0m


[31mX [41;31m[[41;97mERROR[41;31m][0m [1mTS2741: Property 'categoria' is missing in type '{ id: string; titulo: string; descricao: string; plataforma: string; autor: string; duracao: string; nivel: "Intermediário"; idioma: "PT-BR"; url: string; tags: string[]; }' but required in type 'Curso'.[0m [1m[35m[plugin angular-compiler][0m

    src/app/wiki/pages/cursos/cursos.data.ts:194:2:
[37m      194 │   [32m{[37m
          ╵   [32m^[0m

  'categoria' is declared here.

    src/app/wiki/pages/cursos/cursos.data.ts:15:2:
[37m      15 │   [32mcategoria[37m: string;
         ╵   [32m~~~~~~~~~[0m


[31mX [41;31m[[41;97mERROR[41;31m][0m [1mTS2741: Property 'categoria' is missing in type '{ id: string; titulo: string; descricao: string; plataforma: string; autor: string; duracao: string; nivel: "Iniciante"; idioma: "EN"; url: string; videoId: string; tags: string[]; }' but required in type 'Curso'.[0m [1m[35m[plugin angular-compiler][0m

    src/app/wiki/pages/cursos/cursos.data.ts:208:2:
[37m      208 │   [32m{[37m
          ╵   [32m^[0m

  'categoria' is declared here.

    src/app/wiki/pages/cursos/cursos.data.ts:15:2:
[37m      15 │   [32mcategoria[37m: string;
         ╵   [32m~~~~~~~~~[0m


[31mX [41;31m[[41;97mERROR[41;31m][0m [1mTS2741: Property 'categoria' is missing in type '{ id: string; titulo: string; descricao: string; plataforma: string; autor: string; duracao: string; nivel: "Intermediário"; idioma: "PT-BR"; url: string; tags: string[]; }' but required in type 'Curso'.[0m [1m[35m[plugin angular-compiler][0m

    src/app/wiki/pages/cursos/cursos.data.ts:221:2:
[37m      221 │   [32m{[37m
          ╵   [32m^[0m

  'categoria' is declared here.

    src/app/wiki/pages/cursos/cursos.data.ts:15:2:
[37m      15 │   [32mcategoria[37m: string;
         ╵   [32m~~~~~~~~~[0m


[31mX [41;31m[[41;97mERROR[41;31m][0m [1mTS2741: Property 'categoria' is missing in type '{ id: string; titulo: string; descricao: string; plataforma: string; autor: string; duracao: string; nivel: "Iniciante"; idioma: "PT-BR"; url: string; tags: string[]; }' but required in type 'Curso'.[0m [1m[35m[plugin angular-compiler][0m

    src/app/wiki/pages/cursos/cursos.data.ts:233:2:
[37m      233 │   [32m{[37m
          ╵   [32m^[0m

  'categoria' is declared here.

    src/app/wiki/pages/cursos/cursos.data.ts:15:2:
[37m      15 │   [32mcategoria[37m: string;
         ╵   [32m~~~~~~~~~[0m


[31mX [41;31m[[41;97mERROR[41;31m][0m [1mTS2741: Property 'categoria' is missing in type '{ id: string; titulo: string; descricao: string; plataforma: string; autor: string; duracao: string; nivel: "Iniciante"; idioma: "PT-BR"; url: string; tags: string[]; }' but required in type 'Curso'.[0m [1m[35m[plugin angular-compiler][0m

    src/app/wiki/pages/cursos/cursos.data.ts:245:2:
[37m      245 │   [32m{[37m
          ╵   [32m^[0m

  'categoria' is declared here.

    src/app/wiki/pages/cursos/cursos.data.ts:15:2:
[37m      15 │   [32mcategoria[37m: string;
         ╵   [32m~~~~~~~~~[0m


[31mX [41;31m[[41;97mERROR[41;31m][0m [1mTS2741: Property 'categoria' is missing in type '{ id: string; titulo: string; descricao: string; plataforma: string; autor: string; duracao: string; nivel: "Iniciante"; idioma: "EN"; url: string; videoId: string; tags: string[]; }' but required in type 'Curso'.[0m [1m[35m[plugin angular-compiler][0m

    src/app/wiki/pages/cursos/cursos.data.ts:259:2:
[37m      259 │   [32m{[37m
          ╵   [32m^[0m

  'categoria' is declared here.

    src/app/wiki/pages/cursos/cursos.data.ts:15:2:
[37m      15 │   [32mcategoria[37m: string;
         ╵   [32m~~~~~~~~~[0m


[31mX [41;31m[[41;97mERROR[41;31m][0m [1mTS2741: Property 'categoria' is missing in type '{ id: string; titulo: string; descricao: string; plataforma: string; autor: string; duracao: string; nivel: "Iniciante"; idioma: "EN"; url: string; tags: string[]; }' but required in type 'Curso'.[0m [1m[35m[plugin angular-compiler][0m

    src/app/wiki/pages/cursos/cursos.data.ts:272:2:
[37m      272 │   [32m{[37m
          ╵   [32m^[0m

  'categoria' is declared here.

    src/app/wiki/pages/cursos/cursos.data.ts:15:2:
[37m      15 │   [32mcategoria[37m: string;
         ╵   [32m~~~~~~~~~[0m


[31mX [41;31m[[41;97mERROR[41;31m][0m [1mTS2741: Property 'categoria' is missing in type '{ id: string; titulo: string; descricao: string; plataforma: string; autor: string; duracao: string; nivel: "Iniciante"; idioma: "EN"; url: string; videoId: string; tags: string[]; }' but required in type 'Curso'.[0m [1m[35m[plugin angular-compiler][0m

    src/app/wiki/pages/cursos/cursos.data.ts:286:2:
[37m      286 │   [32m{[37m
          ╵   [32m^[0m

  'categoria' is declared here.

    src/app/wiki/pages/cursos/cursos.data.ts:15:2:
[37m      15 │   [32mcategoria[37m: string;
         ╵   [32m~~~~~~~~~[0m


[31mX [41;31m[[41;97mERROR[41;31m][0m [1mTS2741: Property 'categoria' is missing in type '{ id: string; titulo: string; descricao: string; plataforma: string; autor: string; duracao: string; nivel: "Intermediário"; idioma: "PT-BR"; url: string; tags: string[]; }' but required in type 'Curso'.[0m [1m[35m[plugin angular-compiler][0m

    src/app/wiki/pages/cursos/cursos.data.ts:299:2:
[37m      299 │   [32m{[37m
          ╵   [32m^[0m

  'categoria' is declared here.

    src/app/wiki/pages/cursos/cursos.data.ts:15:2:
[37m      15 │   [32mcategoria[37m: string;
         ╵   [32m~~~~~~~~~[0m


[31mX [41;31m[[41;97mERROR[41;31m][0m [1mTS2741: Property 'categoria' is missing in type '{ id: string; titulo: string; descricao: string; plataforma: string; autor: string; duracao: string; nivel: "Intermediário"; idioma: "PT-BR"; url: string; tags: string[]; }' but required in type 'Curso'.[0m [1m[35m[plugin angular-compiler][0m

    src/app/wiki/pages/cursos/cursos.data.ts:311:2:
[37m      311 │   [32m{[37m
          ╵   [32m^[0m

  'categoria' is declared here.

    src/app/wiki/pages/cursos/cursos.data.ts:15:2:
[37m      15 │   [32mcategoria[37m: string;
         ╵   [32m~~~~~~~~~[0m


[31mX [41;31m[[41;97mERROR[41;31m][0m [1mTS2741: Property 'categoria' is missing in type '{ id: string; titulo: string; descricao: string; plataforma: string; autor: string; duracao: string; nivel: "Iniciante"; idioma: "EN"; url: string; tags: string[]; }' but required in type 'Curso'.[0m [1m[35m[plugin angular-compiler][0m

    src/app/wiki/pages/cursos/cursos.data.ts:323:2:
[37m      323 │   [32m{[37m
          ╵   [32m^[0m

  'categoria' is declared here.

    src/app/wiki/pages/cursos/cursos.data.ts:15:2:
[37m      15 │   [32mcategoria[37m: string;
         ╵   [32m~~~~~~~~~[0m


[31mX [41;31m[[41;97mERROR[41;31m][0m [1mTS2741: Property 'categoria' is missing in type '{ id: string; titulo: string; descricao: string; plataforma: string; autor: string; duracao: string; nivel: "Iniciante"; idioma: "PT-BR"; url: string; tags: string[]; }' but required in type 'Curso'.[0m [1m[35m[plugin angular-compiler][0m

    src/app/wiki/pages/cursos/cursos.data.ts:335:2:
[37m      335 │   [32m{[37m
          ╵   [32m^[0m

  'categoria' is declared here.

    src/app/wiki/pages/cursos/cursos.data.ts:15:2:
[37m      15 │   [32mcategoria[37m: string;
         ╵   [32m~~~~~~~~~[0m


[31mX [41;31m[[41;97mERROR[41;31m][0m [1mTS2741: Property 'categoria' is missing in type '{ id: string; titulo: string; descricao: string; plataforma: string; autor: string; duracao: string; nivel: "Intermediário"; idioma: "EN"; url: string; tags: string[]; }' but required in type 'Curso'.[0m [1m[35m[plugin angular-compiler][0m

    src/app/wiki/pages/cursos/cursos.data.ts:347:2:
[37m      347 │   [32m{[37m
          ╵   [32m^[0m

  'categoria' is declared here.

    src/app/wiki/pages/cursos/cursos.data.ts:15:2:
[37m      15 │   [32mcategoria[37m: string;
         ╵   [32m~~~~~~~~~[0m


[31mX [41;31m[[41;97mERROR[41;31m][0m [1mTS2741: Property 'categoria' is missing in type '{ id: string; titulo: string; descricao: string; plataforma: string; autor: string; duracao: string; nivel: "Iniciante"; idioma: "EN"; url: string; tags: string[]; }' but required in type 'Curso'.[0m [1m[35m[plugin angular-compiler][0m

    src/app/wiki/pages/cursos/cursos.data.ts:361:2:
[37m      361 │   [32m{[37m
          ╵   [32m^[0m

  'categoria' is declared here.

    src/app/wiki/pages/cursos/cursos.data.ts:15:2:
[37m      15 │   [32mcategoria[37m: string;
         ╵   [32m~~~~~~~~~[0m


[31mX [41;31m[[41;97mERROR[41;31m][0m [1mTS2741: Property 'categoria' is missing in type '{ id: string; titulo: string; descricao: string; plataforma: string; autor: string; duracao: string; nivel: "Intermediário"; idioma: "PT-BR"; url: string; tags: string[]; }' but required in type 'Curso'.[0m [1m[35m[plugin angular-compiler][0m

    src/app/wiki/pages/cursos/cursos.data.ts:375:2:
[37m      375 │   [32m{[37m
          ╵   [32m^[0m

  'categoria' is declared here.

    src/app/wiki/pages/cursos/cursos.data.ts:15:2:
[37m      15 │   [32mcategoria[37m: string;
         ╵   [32m~~~~~~~~~[0m


[31mX [41;31m[[41;97mERROR[41;31m][0m [1mTS2741: Property 'categoria' is missing in type '{ id: string; titulo: string; descricao: string; plataforma: string; autor: string; duracao: string; nivel: "Intermediário"; idioma: "PT-BR"; url: string; tags: string[]; }' but required in type 'Curso'.[0m [1m[35m[plugin angular-compiler][0m

    src/app/wiki/pages/cursos/cursos.data.ts:387:2:
[37m      387 │   [32m{[37m
          ╵   [32m^[0m

  'categoria' is declared here.

    src/app/wiki/pages/cursos/cursos.data.ts:15:2:
[37m      15 │   [32mcategoria[37m: string;
         ╵   [32m~~~~~~~~~[0m


[31mX [41;31m[[41;97mERROR[41;31m][0m [1mTS2741: Property 'categoria' is missing in type '{ id: string; titulo: string; descricao: string; plataforma: string; autor: string; duracao: string; nivel: "Avançado"; idioma: "EN"; url: string; tags: string[]; }' but required in type 'Curso'.[0m [1m[35m[plugin angular-compiler][0m

    src/app/wiki/pages/cursos/cursos.data.ts:399:2:
[37m      399 │   [32m{[37m
          ╵   [32m^[0m

  'categoria' is declared here.

    src/app/wiki/pages/cursos/cursos.data.ts:15:2:
[37m      15 │   [32mcategoria[37m: string;
         ╵   [32m~~~~~~~~~[0m


[31mX [41;31m[[41;97mERROR[41;31m][0m [1mTS2741: Property 'categoria' is missing in type '{ id: string; titulo: string; descricao: string; plataforma: string; autor: string; duracao: string; nivel: "Intermediário"; idioma: "EN"; url: string; tags: string[]; }' but required in type 'Curso'.[0m [1m[35m[plugin angular-compiler][0m

    src/app/wiki/pages/cursos/cursos.data.ts:411:2:
[37m      411 │   [32m{[37m
          ╵   [32m^[0m

  'categoria' is declared here.

    src/app/wiki/pages/cursos/cursos.data.ts:15:2:
[37m      15 │   [32mcategoria[37m: string;
         ╵   [32m~~~~~~~~~[0m

[39m[22m
[1m[31m[31mX [41;31m[[41;97mERROR[41;31m][0m [1mTS2741: Property 'categoria' is missing in type '{ id: string; titulo: string; descricao: string; plataforma: string; autor: string; duracao: string; nivel: "Iniciante"; idioma: "EN"; url: string; videoId: string; tags: string[]; }' but required in type 'Curso'.[0m [1m[35m[plugin angular-compiler][0m

    src/app/wiki/pages/cursos/cursos.data.ts:93:2:
[37m      93 │   [32m{[37m
         ╵   [32m^[0m

  'categoria' is declared here.

    src/app/wiki/pages/cursos/cursos.data.ts:15:2:
[37m      15 │   [32mcategoria[37m: string;
         ╵   [32m~~~~~~~~~[0m


[31mX [41;31m[[41;97mERROR[41;31m][0m [1mTS2741: Property 'categoria' is missing in type '{ id: string; titulo: string; descricao: string; plataforma: string; autor: string; duracao: string; nivel: "Iniciante"; idioma: "EN"; url: string; videoId: string; tags: string[]; }' but required in type 'Curso'.[0m [1m[35m[plugin angular-compiler][0m

    src/app/wiki/pages/cursos/cursos.data.ts:106:2:
[37m      106 │   [32m{[37m
          ╵   [32m^[0m

  'categoria' is declared here.

    src/app/wiki/pages/cursos/cursos.data.ts:15:2:
[37m      15 │   [32mcategoria[37m: string;
         ╵   [32m~~~~~~~~~[0m


[31mX [41;31m[[41;97mERROR[41;31m][0m [1mTS2741: Property 'categoria' is missing in type '{ id: string; titulo: string; descricao: string; plataforma: string; autor: string; duracao: string; nivel: "Iniciante"; idioma: "EN"; url: string; videoId: string; tags: string[]; }' but required in type 'Curso'.[0m [1m[35m[plugin angular-compiler][0m

    src/app/wiki/pages/cursos/cursos.data.ts:119:2:
[37m      119 │   [32m{[37m
          ╵   [32m^[0m

  'categoria' is declared here.

    src/app/wiki/pages/cursos/cursos.data.ts:15:2:
[37m      15 │   [32mcategoria[37m: string;
         ╵   [32m~~~~~~~~~[0m


[31mX [41;31m[[41;97mERROR[41;31m][0m [1mTS2741: Property 'categoria' is missing in type '{ id: string; titulo: string; descricao: string; plataforma: string; autor: string; duracao: string; nivel: "Intermediário"; idioma: "EN"; url: string; tags: string[]; }' but required in type 'Curso'.[0m [1m[35m[plugin angular-compiler][0m

    src/app/wiki/pages/cursos/cursos.data.ts:132:2:
[37m      132 │   [32m{[37m
          ╵   [32m^[0m

  'categoria' is declared here.

    src/app/wiki/pages/cursos/cursos.data.ts:15:2:
[37m      15 │   [32mcategoria[37m: string;
         ╵   [32m~~~~~~~~~[0m


[31mX [41;31m[[41;97mERROR[41;31m][0m [1mTS2741: Property 'categoria' is missing in type '{ id: string; titulo: string; descricao: string; plataforma: string; autor: string; duracao: string; nivel: "Iniciante"; idioma: "EN"; url: string; tags: string[]; }' but required in type 'Curso'.[0m [1m[35m[plugin angular-compiler][0m

    src/app/wiki/pages/cursos/cursos.data.ts:144:2:
[37m      144 │   [32m{[37m
          ╵   [32m^[0m

  'categoria' is declared here.

    src/app/wiki/pages/cursos/cursos.data.ts:15:2:
[37m      15 │   [32mcategoria[37m: string;
         ╵   [32m~~~~~~~~~[0m


[31mX [41;31m[[41;97mERROR[41;31m][0m [1mTS2741: Property 'categoria' is missing in type '{ id: string; titulo: string; descricao: string; plataforma: string; autor: string; duracao: string; nivel: "Intermediário"; idioma: "PT-BR"; url: string; tags: string[]; }' but required in type 'Curso'.[0m [1m[35m[plugin angular-compiler][0m

    src/app/wiki/pages/cursos/cursos.data.ts:158:2:
[37m      158 │   [32m{[37m
          ╵   [32m^[0m

  'categoria' is declared here.

    src/app/wiki/pages/cursos/cursos.data.ts:15:2:
[37m      15 │   [32mcategoria[37m: string;
         ╵   [32m~~~~~~~~~[0m


[31mX [41;31m[[41;97mERROR[41;31m][0m [1mTS2741: Property 'categoria' is missing in type '{ id: string; titulo: string; descricao: string; plataforma: string; autor: string; duracao: string; nivel: "Iniciante"; idioma: "PT-BR"; url: string; tags: string[]; }' but required in type 'Curso'.[0m [1m[35m[plugin angular-compiler][0m

    src/app/wiki/pages/cursos/cursos.data.ts:170:2:
[37m      170 │   [32m{[37m
          ╵   [32m^[0m

  'categoria' is declared here.

    src/app/wiki/pages/cursos/cursos.data.ts:15:2:
[37m      15 │   [32mcategoria[37m: string;
         ╵   [32m~~~~~~~~~[0m


[31mX [41;31m[[41;97mERROR[41;31m][0m [1mTS2741: Property 'categoria' is missing in type '{ id: string; titulo: string; descricao: string; plataforma: string; autor: string; duracao: string; nivel: "Intermediário"; idioma: "EN"; url: string; tags: string[]; }' but required in type 'Curso'.[0m [1m[35m[plugin angular-compiler][0m

    src/app/wiki/pages/cursos/cursos.data.ts:182:2:
[37m      182 │   [32m{[37m
          ╵   [32m^[0m

  'categoria' is declared here.

    src/app/wiki/pages/cursos/cursos.data.ts:15:2:
[37m      15 │   [32mcategoria[37m: string;
         ╵   [32m~~~~~~~~~[0m


[31mX [41;31m[[41;97mERROR[41;31m][0m [1mTS2741: Property 'categoria' is missing in type '{ id: string; titulo: string; descricao: string; plataforma: string; autor: string; duracao: string; nivel: "Intermediário"; idioma: "PT-BR"; url: string; tags: string[]; }' but required in type 'Curso'.[0m [1m[35m[plugin angular-compiler][0m

    src/app/wiki/pages/cursos/cursos.data.ts:194:2:
[37m      194 │   [32m{[37m
          ╵   [32m^[0m

  'categoria' is declared here.

    src/app/wiki/pages/cursos/cursos.data.ts:15:2:
[37m      15 │   [32mcategoria[37m: string;
         ╵   [32m~~~~~~~~~[0m


[31mX [41;31m[[41;97mERROR[41;31m][0m [1mTS2741: Property 'categoria' is missing in type '{ id: string; titulo: string; descricao: string; plataforma: string; autor: string; duracao: string; nivel: "Iniciante"; idioma: "EN"; url: string; videoId: string; tags: string[]; }' but required in type 'Curso'.[0m [1m[35m[plugin angular-compiler][0m

    src/app/wiki/pages/cursos/cursos.data.ts:208:2:
[37m      208 │   [32m{[37m
          ╵   [32m^[0m

  'categoria' is declared here.

    src/app/wiki/pages/cursos/cursos.data.ts:15:2:
[37m      15 │   [32mcategoria[37m: string;
         ╵   [32m~~~~~~~~~[0m


[31mX [41;31m[[41;97mERROR[41;31m][0m [1mTS2741: Property 'categoria' is missing in type '{ id: string; titulo: string; descricao: string; plataforma: string; autor: string; duracao: string; nivel: "Intermediário"; idioma: "PT-BR"; url: string; tags: string[]; }' but required in type 'Curso'.[0m [1m[35m[plugin angular-compiler][0m

    src/app/wiki/pages/cursos/cursos.data.ts:221:2:
[37m      221 │   [32m{[37m
          ╵   [32m^[0m

  'categoria' is declared here.

    src/app/wiki/pages/cursos/cursos.data.ts:15:2:
[37m      15 │   [32mcategoria[37m: string;
         ╵   [32m~~~~~~~~~[0m


[31mX [41;31m[[41;97mERROR[41;31m][0m [1mTS2741: Property 'categoria' is missing in type '{ id: string; titulo: string; descricao: string; plataforma: string; autor: string; duracao: string; nivel: "Iniciante"; idioma: "PT-BR"; url: string; tags: string[]; }' but required in type 'Curso'.[0m [1m[35m[plugin angular-compiler][0m

    src/app/wiki/pages/cursos/cursos.data.ts:233:2:
[37m      233 │   [32m{[37m
          ╵   [32m^[0m

  'categoria' is declared here.

    src/app/wiki/pages/cursos/cursos.data.ts:15:2:
[37m      15 │   [32mcategoria[37m: string;
         ╵   [32m~~~~~~~~~[0m


[31mX [41;31m[[41;97mERROR[41;31m][0m [1mTS2741: Property 'categoria' is missing in type '{ id: string; titulo: string; descricao: string; plataforma: string; autor: string; duracao: string; nivel: "Iniciante"; idioma: "PT-BR"; url: string; tags: string[]; }' but required in type 'Curso'.[0m [1m[35m[plugin angular-compiler][0m

    src/app/wiki/pages/cursos/cursos.data.ts:245:2:
[37m      245 │   [32m{[37m
          ╵   [32m^[0m

  'categoria' is declared here.

    src/app/wiki/pages/cursos/cursos.data.ts:15:2:
[37m      15 │   [32mcategoria[37m: string;
         ╵   [32m~~~~~~~~~[0m


[31mX [41;31m[[41;97mERROR[41;31m][0m [1mTS2741: Property 'categoria' is missing in type '{ id: string; titulo: string; descricao: string; plataforma: string; autor: string; duracao: string; nivel: "Iniciante"; idioma: "EN"; url: string; videoId: string; tags: string[]; }' but required in type 'Curso'.[0m [1m[35m[plugin angular-compiler][0m

    src/app/wiki/pages/cursos/cursos.data.ts:259:2:
[37m      259 │   [32m{[37m
          ╵   [32m^[0m

  'categoria' is declared here.

    src/app/wiki/pages/cursos/cursos.data.ts:15:2:
[37m      15 │   [32mcategoria[37m: string;
         ╵   [32m~~~~~~~~~[0m


[31mX [41;31m[[41;97mERROR[41;31m][0m [1mTS2741: Property 'categoria' is missing in type '{ id: string; titulo: string; descricao: string; plataforma: string; autor: string; duracao: string; nivel: "Iniciante"; idioma: "EN"; url: string; tags: string[]; }' but required in type 'Curso'.[0m [1m[35m[plugin angular-compiler][0m

    src/app/wiki/pages/cursos/cursos.data.ts:272:2:
[37m      272 │   [32m{[37m
          ╵   [32m^[0m

  'categoria' is declared here.

    src/app/wiki/pages/cursos/cursos.data.ts:15:2:
[37m      15 │   [32mcategoria[37m: string;
         ╵   [32m~~~~~~~~~[0m


[31mX [41;31m[[41;97mERROR[41;31m][0m [1mTS2741: Property 'categoria' is missing in type '{ id: string; titulo: string; descricao: string; plataforma: string; autor: string; duracao: string; nivel: "Iniciante"; idioma: "EN"; url: string; videoId: string; tags: string[]; }' but required in type 'Curso'.[0m [1m[35m[plugin angular-compiler][0m

    src/app/wiki/pages/cursos/cursos.data.ts:286:2:
[37m      286 │   [32m{[37m
          ╵   [32m^[0m

  'categoria' is declared here.

    src/app/wiki/pages/cursos/cursos.data.ts:15:2:
[37m      15 │   [32mcategoria[37m: string;
         ╵   [32m~~~~~~~~~[0m


[31mX [41;31m[[41;97mERROR[41;31m][0m [1mTS2741: Property 'categoria' is missing in type '{ id: string; titulo: string; descricao: string; plataforma: string; autor: string; duracao: string; nivel: "Intermediário"; idioma: "PT-BR"; url: string; tags: string[]; }' but required in type 'Curso'.[0m [1m[35m[plugin angular-compiler][0m

    src/app/wiki/pages/cursos/cursos.data.ts:299:2:
[37m      299 │   [32m{[37m
          ╵   [32m^[0m

  'categoria' is declared here.

    src/app/wiki/pages/cursos/cursos.data.ts:15:2:
[37m      15 │   [32mcategoria[37m: string;
         ╵   [32m~~~~~~~~~[0m


[31mX [41;31m[[41;97mERROR[41;31m][0m [1mTS2741: Property 'categoria' is missing in type '{ id: string; titulo: string; descricao: string; plataforma: string; autor: string; duracao: string; nivel: "Intermediário"; idioma: "PT-BR"; url: string; tags: string[]; }' but required in type 'Curso'.[0m [1m[35m[plugin angular-compiler][0m

    src/app/wiki/pages/cursos/cursos.data.ts:311:2:
[37m      311 │   [32m{[37m
          ╵   [32m^[0m

  'categoria' is declared here.

    src/app/wiki/pages/cursos/cursos.data.ts:15:2:
[37m      15 │   [32mcategoria[37m: string;
         ╵   [32m~~~~~~~~~[0m


[31mX [41;31m[[41;97mERROR[41;31m][0m [1mTS2741: Property 'categoria' is missing in type '{ id: string; titulo: string; descricao: string; plataforma: string; autor: string; duracao: string; nivel: "Iniciante"; idioma: "EN"; url: string; tags: string[]; }' but required in type 'Curso'.[0m [1m[35m[plugin angular-compiler][0m

    src/app/wiki/pages/cursos/cursos.data.ts:323:2:
[37m      323 │   [32m{[37m
          ╵   [32m^[0m

  'categoria' is declared here.

    src/app/wiki/pages/cursos/cursos.data.ts:15:2:
[37m      15 │   [32mcategoria[37m: string;
         ╵   [32m~~~~~~~~~[0m


[31mX [41;31m[[41;97mERROR[41;31m][0m [1mTS2741: Property 'categoria' is missing in type '{ id: string; titulo: string; descricao: string; plataforma: string; autor: string; duracao: string; nivel: "Iniciante"; idioma: "PT-BR"; url: string; tags: string[]; }' but required in type 'Curso'.[0m [1m[35m[plugin angular-compiler][0m

    src/app/wiki/pages/cursos/cursos.data.ts:335:2:
[37m      335 │   [32m{[37m
          ╵   [32m^[0m

  'categoria' is declared here.

    src/app/wiki/pages/cursos/cursos.data.ts:15:2:
[37m      15 │   [32mcategoria[37m: string;
         ╵   [32m~~~~~~~~~[0m


[31mX [41;31m[[41;97mERROR[41;31m][0m [1mTS2741: Property 'categoria' is missing in type '{ id: string; titulo: string; descricao: string; plataforma: string; autor: string; duracao: string; nivel: "Intermediário"; idioma: "EN"; url: string; tags: string[]; }' but required in type 'Curso'.[0m [1m[35m[plugin angular-compiler][0m

    src/app/wiki/pages/cursos/cursos.data.ts:347:2:
[37m      347 │   [32m{[37m
          ╵   [32m^[0m

  'categoria' is declared here.

    src/app/wiki/pages/cursos/cursos.data.ts:15:2:
[37m      15 │   [32mcategoria[37m: string;
         ╵   [32m~~~~~~~~~[0m


[31mX [41;31m[[41;97mERROR[41;31m][0m [1mTS2741: Property 'categoria' is missing in type '{ id: string; titulo: string; descricao: string; plataforma: string; autor: string; duracao: string; nivel: "Iniciante"; idioma: "EN"; url: string; tags: string[]; }' but required in type 'Curso'.[0m [1m[35m[plugin angular-compiler][0m

    src/app/wiki/pages/cursos/cursos.data.ts:361:2:
[37m      361 │   [32m{[37m
          ╵   [32m^[0m

  'categoria' is declared here.

    src/app/wiki/pages/cursos/cursos.data.ts:15:2:
[37m      15 │   [32mcategoria[37m: string;
         ╵   [32m~~~~~~~~~[0m


[31mX [41;31m[[41;97mERROR[41;31m][0m [1mTS2741: Property 'categoria' is missing in type '{ id: string; titulo: string; descricao: string; plataforma: string; autor: string; duracao: string; nivel: "Intermediário"; idioma: "PT-BR"; url: string; tags: string[]; }' but required in type 'Curso'.[0m [1m[35m[plugin angular-compiler][0m

    src/app/wiki/pages/cursos/cursos.data.ts:375:2:
[37m      375 │   [32m{[37m
          ╵   [32m^[0m

  'categoria' is declared here.

    src/app/wiki/pages/cursos/cursos.data.ts:15:2:
[37m      15 │   [32mcategoria[37m: string;
         ╵   [32m~~~~~~~~~[0m


[31mX [41;31m[[41;97mERROR[41;31m][0m [1mTS2741: Property 'categoria' is missing in type '{ id: string; titulo: string; descricao: string; plataforma: string; autor: string; duracao: string; nivel: "Intermediário"; idioma: "PT-BR"; url: string; tags: string[]; }' but required in type 'Curso'.[0m [1m[35m[plugin angular-compiler][0m

    src/app/wiki/pages/cursos/cursos.data.ts:387:2:
[37m      387 │   [32m{[37m
          ╵   [32m^[0m

  'categoria' is declared here.

    src/app/wiki/pages/cursos/cursos.data.ts:15:2:
[37m      15 │   [32mcategoria[37m: string;
         ╵   [32m~~~~~~~~~[0m


[31mX [41;31m[[41;97mERROR[41;31m][0m [1mTS2741: Property 'categoria' is missing in type '{ id: string; titulo: string; descricao: string; plataforma: string; autor: string; duracao: string; nivel: "Avançado"; idioma: "EN"; url: string; tags: string[]; }' but required in type 'Curso'.[0m [1m[35m[plugin angular-compiler][0m

    src/app/wiki/pages/cursos/cursos.data.ts:399:2:
[37m      399 │   [32m{[37m
          ╵   [32m^[0m

  'categoria' is declared here.

    src/app/wiki/pages/cursos/cursos.data.ts:15:2:
[37m      15 │   [32mcategoria[37m: string;
         ╵   [32m~~~~~~~~~[0m


[31mX [41;31m[[41;97mERROR[41;31m][0m [1mTS2741: Property 'categoria' is missing in type '{ id: string; titulo: string; descricao: string; plataforma: string; autor: string; duracao: string; nivel: "Intermediário"; idioma: "EN"; url: string; tags: string[]; }' but required in type 'Curso'.[0m [1m[35m[plugin angular-compiler][0m

    src/app/wiki/pages/cursos/cursos.data.ts:411:2:
[37m      411 │   [32m{[37m
          ╵   [32m^[0m

  'categoria' is declared here.

    src/app/wiki/pages/cursos/cursos.data.ts:15:2:
[37m      15 │   [32mcategoria[37m: string;
         ╵   [32m~~~~~~~~~[0m

[39m[22m
[1m[31m[31mX [41;31m[[41;97mERROR[41;31m][0m [1mNG5002: Invalid ICU message. Missing '}'.[0m [1m[35m[plugin angular-compiler][0m

    src/app/wiki/pages/trilha-infra/trilha-infra.component.html:398:10:
[37m      398 │ </section>[32m[37m
          ╵           [32m^[0m

  Error occurs in the template of component TrilhaInfraComponent.

    src/app/wiki/pages/trilha-infra/trilha-infra.component.ts:8:15:
[37m      8 │   templateUrl: [32m'./trilha-infra.component.html'[37m,
        ╵                [32m~~~~~~~~~~~~~~~~~~~~~~~~~~~~~~~[0m


[31mX [41;31m[[41;97mERROR[41;31m][0m [1mNG5002: Unexpected character "EOF" (Do you have an unescaped "{" in your template? Use "{{ '{' }}") to escape it.)[0m [1m[35m[plugin angular-compiler][0m

    src/app/wiki/pages/trilha-infra/trilha-infra.component.html:398:10:
[37m      398 │ </section>[32m[37m
          ╵           [32m^[0m

  Error occurs in the template of component TrilhaInfraComponent.

    src/app/wiki/pages/trilha-infra/trilha-infra.component.ts:8:15:
[37m      8 │   templateUrl: [32m'./trilha-infra.component.html'[37m,
        ╵                [32m~~~~~~~~~~~~~~~~~~~~~~~~~~~~~~~[0m

[39m[22m
[1m[31m[31mX [41;31m[[41;97mERROR[41;31m][0m [1mTS2307: Cannot find module '../../wiki/components/ia-chat-widget/ia-chat-widget.component' or its corresponding type declarations.[0m [1m[35m[plugin angular-compiler][0m

    src/app/layout/main-layout/main-layout.component.ts:6:38:
[37m      6 │ ...ent } from [32m'../../wiki/components/ia-chat-widget/ia-chat-widget.[37m...
        ╵               [32m~~~~~~~~~~~~~~~~~~~~~~~~~~~~~~~~~~~~~~~~~~~~~~~~~~~~~[0m


[31mX [41;31m[[41;97mERROR[41;31m][0m [1mCould not resolve "../../wiki/components/ia-chat-widget/ia-chat-widget.component"[0m

    src/app/layout/main-layout/main-layout.component.ts:7:38:
[37m      7 │ ...ent } from [32m'../../wiki/components/ia-chat-widget/ia-chat-widget.[37m...
        ╵               [32m~~~~~~~~~~~~~~~~~~~~~~~~~~~~~~~~~~~~~~~~~~~~~~~~~~~~~[0m


[31mX [41;31m[[41;97mERROR[41;31m][0m [1mTS-991010: 'imports' must be an array of components, directives, pipes, or NgModules.
  Value is of type '[HeaderComponent, SidebarComponent, FooterComponent, RouterOutlet, (not statically analyzable)]'.[0m [1m[35m[plugin angular-compiler][0m

    src/app/layout/main-layout/main-layout.component.ts:11:11:
[37m      11 │   imports: [32m[HeaderComponent, SidebarComponent, FooterComponent, Ro[37m...
         ╵            [32m~~~~~~~~~~~~~~~~~~~~~~~~~~~~~~~~~~~~~~~~~~~~~~~~~~~~~~~[0m


[31mX [41;31m[[41;97mERROR[41;31m][0m [1mCould not resolve "./pages/documento-detalhe/documento-detalhe.component"[0m

    src/app/wiki/wiki.routes.ts:1:42:
[37m      1 │ ...ent } from [32m'./pages/documento-detalhe/documento-detalhe.component'[37m;
        ╵               [32m~~~~~~~~~~~~~~~~~~~~~~~~~~~~~~~~~~~~~~~~~~~~~~~~~~~~~~~[0m


[31mX [41;31m[[41;97mERROR[41;31m][0m [1mTS2307: Cannot find module './pages/documento-detalhe/documento-detalhe.component' or its corresponding type declarations.[0m [1m[35m[plugin angular-compiler][0m

    src/app/wiki/wiki.routes.ts:2:42:
[37m      2 │ ...ent } from [32m'./pages/documento-detalhe/documento-detalhe.component'[37m;
        ╵               [32m~~~~~~~~~~~~~~~~~~~~~~~~~~~~~~~~~~~~~~~~~~~~~~~~~~~~~~~[0m


[31mX [41;31m[[41;97mERROR[41;31m][0m [1mCould not resolve "../../wiki/components/ia-chat-widget/ia-chat-widget.component"[0m

    src/app/layout/main-layout/main-layout.component.ts:7:38:
[37m      7 │ ...ent } from [32m'../../wiki/components/ia-chat-widget/ia-chat-widget.[37m...
        ╵               [32m~~~~~~~~~~~~~~~~~~~~~~~~~~~~~~~~~~~~~~~~~~~~~~~~~~~~~[0m


[31mX [41;31m[[41;97mERROR[41;31m][0m [1mCould not resolve "./pages/documento-detalhe/documento-detalhe.component"[0m

    src/app/wiki/wiki.routes.ts:1:42:
[37m      1 │ ...ent } from [32m'./pages/documento-detalhe/documento-detalhe.component'[37m;
        ╵               [32m~~~~~~~~~~~~~~~~~~~~~~~~~~~~~~~~~~~~~~~~~~~~~~~~~~~~~~~[0m

[39m[22m
[1m[31m[31mX [41;31m[[41;97mERROR[41;31m][0m [1mNG8001: 'app-ia-chat-widget' is not a known element:
1. If 'app-ia-chat-widget' is an Angular component, then verify that it is included in the '@Component.imports' of this component.
2. If 'app-ia-chat-widget' is a Web Component then add 'CUSTOM_ELEMENTS_SCHEMA' to the '@Component.schemas' of this component to suppress this message.[0m [1m[35m[plugin angular-compiler][0m

    src/app/layout/main-layout/main-layout.component.html:9:0:
[37m      9 │ [32m<app-ia-chat-widget>[37m</app-ia-chat-widget>
        ╵ [32m~~~~~~~~~~~~~~~~~~~~[0m

  Error occurs in the template of component MainLayoutComponent.

    src/app/layout/main-layout/main-layout.component.ts:11:15:
[37m      11 │   templateUrl: [32m'./main-layout.component.html'[37m,
         ╵                [32m~~~~~~~~~~~~~~~~~~~~~~~~~~~~~~[0m


[31mX [41;31m[[41;97mERROR[41;31m][0m [1mCould not resolve "./pages/documento-detalhe/documento-detalhe.component"[0m

    src/app/wiki/wiki.routes.ts:1:42:
[37m      1 │ ...ent } from [32m'./pages/documento-detalhe/documento-detalhe.component'[37m;
        ╵               [32m~~~~~~~~~~~~~~~~~~~~~~~~~~~~~~~~~~~~~~~~~~~~~~~~~~~~~~~[0m


[31mX [41;31m[[41;97mERROR[41;31m][0m [1mTS2307: Cannot find module './pages/documento-detalhe/documento-detalhe.component' or its corresponding type declarations.[0m [1m[35m[plugin angular-compiler][0m

    src/app/wiki/wiki.routes.ts:2:42:
[37m      2 │ ...ent } from [32m'./pages/documento-detalhe/documento-detalhe.component'[37m;
        ╵               [32m~~~~~~~~~~~~~~~~~~~~~~~~~~~~~~~~~~~~~~~~~~~~~~~~~~~~~~~[0m


[31mX [41;31m[[41;97mERROR[41;31m][0m [1mCould not resolve "./pages/documento-detalhe/documento-detalhe.component"[0m

    src/app/wiki/wiki.routes.ts:1:42:
[37m      1 │ ...ent } from [32m'./pages/documento-detalhe/documento-detalhe.component'[37m;
        ╵               [32m~~~~~~~~~~~~~~~~~~~~~~~~~~~~~~~~~~~~~~~~~~~~~~~~~~~~~~~[0m

[39m[22m
[1m[31m[31mX [41;31m[[41;97mERROR[41;31m][0m [1mCould not resolve "./pages/documento-detalhe/documento-detalhe.component"[0m

    src/app/wiki/wiki.routes.ts:1:42:
[37m      1 │ ...ent } from [32m'./pages/documento-detalhe/documento-detalhe.component'[37m;
        ╵               [32m~~~~~~~~~~~~~~~~~~~~~~~~~~~~~~~~~~~~~~~~~~~~~~~~~~~~~~~[0m


[31mX [41;31m[[41;97mERROR[41;31m][0m [1mTS2307: Cannot find module './pages/documento-detalhe/documento-detalhe.component' or its corresponding type declarations.[0m [1m[35m[plugin angular-compiler][0m

    src/app/wiki/wiki.routes.ts:2:42:
[37m      2 │ ...ent } from [32m'./pages/documento-detalhe/documento-detalhe.component'[37m;
        ╵               [32m~~~~~~~~~~~~~~~~~~~~~~~~~~~~~~~~~~~~~~~~~~~~~~~~~~~~~~~[0m


[31mX [41;31m[[41;97mERROR[41;31m][0m [1mCould not resolve "./pages/documento-detalhe/documento-detalhe.component"[0m

    src/app/wiki/wiki.routes.ts:1:42:
[37m      1 │ ...ent } from [32m'./pages/documento-detalhe/documento-detalhe.component'[37m;
        ╵               [32m~~~~~~~~~~~~~~~~~~~~~~~~~~~~~~~~~~~~~~~~~~~~~~~~~~~~~~~[0m

[39m[22m
[1m[31m[31mX [41;31m[[41;97mERROR[41;31m][0m [1mTS2304: Cannot find name 'DocumentoDetalheComponent'.[0m [1m[35m[plugin angular-compiler][0m

    src/app/wiki/wiki.routes.ts:18:39:
[37m      18 │   { path: 'documentos/:id', component: [32mDocumentoDetalheComponent[37m },
         ╵                                        [32m~~~~~~~~~~~~~~~~~~~~~~~~~[0m

[39m[22m
[1m[31m[31mX [41;31m[[41;97mERROR[41;31m][0m [1mTS2339: Property 'isSessaoSuporte' does not exist on type 'AuthService'.[0m [1m[35m[plugin angular-compiler][0m

    src/app/core/services/auth.service.ts:93:40:
[37m      93 │     if (environment.useMockAuth || this.[32misSessaoSuporte[37m()) {
         ╵                                         [32m~~~~~~~~~~~~~~~[0m

[39m[22m
